
2026-06-05 10:39:38,369 - ERROR - Erro durante a execução
Traceback (most recent call last):
  File "fot_devices/main_n.py", line 144, in <module>
    sub_client.connect(mqttBroker, mqttPort, 60)
  File "/usr/local/lib/python3.8/dist-packages/paho/mqtt/client.py", line 1435, in connect
    return self.reconnect()
  File "/usr/local/lib/python3.8/dist-packages/paho/mqtt/client.py", line 1598, in reconnect
    self._sock = self._create_socket()
  File "/usr/local/lib/python3.8/dist-packages/paho/mqtt/client.py", line 4609, in _create_socket
    sock = self._create_socket_connection()
  File "/usr/local/lib/python3.8/dist-packages/paho/mqtt/client.py", line 4640, in _create_socket_connection
    return socket.create_connection(addr, timeout=self._connect_timeout, source_address=source)
  File "/usr/lib/python3.8/socket.py", line 808, in create_connection
    raise err
  File "/usr/lib/python3.8/socket.py", line 796, in create_connection
    sock.connect(sa)
OSError: [Errno 113] No route to host
2026-06-05 10:39:38,466 - ERROR - Erro durante a execução
Traceback (most recent call last):
  File "fot_devices/main_n.py", line 144, in <module>
    sub_client.connect(mqttBroker, mqttPort, 60)
  File "/usr/local/lib/python3.8/dist-packages/paho/mqtt/client.py", line 1435, in connect
    return self.reconnect()
  File "/usr/local/lib/python3.8/dist-packages/paho/mqtt/client.py", line 1598, in reconnect
    self._sock = self._create_socket()
  File "/usr/local/lib/python3.8/dist-packages/paho/mqtt/client.py", line 4609, in _create_socket
    sock = self._create_socket_connection()
  File "/usr/local/lib/python3.8/dist-packages/paho/mqtt/client.py", line 4640, in _create_socket_connection
    return socket.create_connection(addr, timeout=self._connect_timeout, source_address=source)
  File "/usr/lib/python3.8/socket.py", line 808, in create_connection
    raise err
  File "/usr/lib/python3.8/socket.py", line 796, in create_connection
    sock.connect(sa)
OSError: [Errno 113] No route to host
2026-06-05 10:39:38,598 - ERROR - Erro durante a execução
Traceback (most recent call last):
  File "fot_devices/main_n.py", line 144, in <module>
    sub_client.connect(mqttBroker, mqttPort, 60)
  File "/usr/local/lib/python3.8/dist-packages/paho/mqtt/client.py", line 1435, in connect
    return self.reconnect()
  File "/usr/local/lib/python3.8/dist-packages/paho/mqtt/client.py", line 1598, in reconnect
    self._sock = self._create_socket()
  File "/usr/local/lib/python3.8/dist-packages/paho/mqtt/client.py", line 4609, in _create_socket
    sock = self._create_socket_connection()
  File "/usr/local/lib/python3.8/dist-packages/paho/mqtt/client.py", line 4640, in _create_socket_connection
    return socket.create_connection(addr, timeout=self._connect_timeout, source_address=source)
  File "/usr/lib/python3.8/socket.py", line 808, in create_connection
    raise err
  File "/usr/lib/python3.8/socket.py", line 796, in create_connection
    sock.connect(sa)
OSError: [Errno 113] No route to host
2026-06-05 10:39:38,702 - ERROR - Erro durante a execução
Traceback (most recent call last):
  File "fot_devices/main_n.py", line 144, in <module>
    sub_client.connect(mqttBroker, mqttPort, 60)
  File "/usr/local/lib/python3.8/dist-packages/paho/mqtt/client.py", line 1435, in connect
    return self.reconnect()
  File "/usr/local/lib/python3.8/dist-packages/paho/mqtt/client.py", line 1598, in reconnect
    self._sock = self._create_socket()
  File "/usr/local/lib/python3.8/dist-packages/paho/mqtt/client.py", line 4609, in _create_socket
    sock = self._create_socket_connection()
  File "/usr/local/lib/python3.8/dist-packages/paho/mqtt/client.py", line 4640, in _create_socket_connection
    return socket.create_connection(addr, timeout=self._connect_timeout, source_address=source)
  File "/usr/lib/python3.8/socket.py", line 808, in create_connection
    raise err
  File "/usr/lib/python3.8/socket.py", line 796, in create_connection
    sock.connect(sa)
OSError: [Errno 113] No route to host
2026-06-05 10:39:38,798 - ERROR - Erro durante a execução
Traceback (most recent call last):
  File "fot_devices/main_n.py", line 144, in <module>
    sub_client.connect(mqttBroker, mqttPort, 60)
  File "/usr/local/lib/python3.8/dist-packages/paho/mqtt/client.py", line 1435, in connect
    return self.reconnect()
  File "/usr/local/lib/python3.8/dist-packages/paho/mqtt/client.py", line 1598, in reconnect
    self._sock = self._create_socket()
  File "/usr/local/lib/python3.8/dist-packages/paho/mqtt/client.py", line 4609, in _create_socket
    sock = self._create_socket_connection()
  File "/usr/local/lib/python3.8/dist-packages/paho/mqtt/client.py", line 4640, in _create_socket_connection
    return socket.create_connection(addr, timeout=self._connect_timeout, source_address=source)
  File "/usr/lib/python3.8/socket.py", line 808, in create_connection
    raise err
  File "/usr/lib/python3.8/socket.py", line 796, in create_connection
    sock.connect(sa)
OSError: [Errno 113] No route to host
2026-06-05 10:39:38,927 - ERROR - Erro durante a execução
Traceback (most recent call last):
  File "fot_devices/main_n.py", line 144, in <module>
    sub_client.connect(mqttBroker, mqttPort, 60)
  File "/usr/local/lib/python3.8/dist-packages/paho/mqtt/client.py", line 1435, in connect
    return self.reconnect()
  File "/usr/local/lib/python3.8/dist-packages/paho/mqtt/client.py", line 1598, in reconnect
    self._sock = self._create_socket()
  File "/usr/local/lib/python3.8/dist-packages/paho/mqtt/client.py", line 4609, in _create_socket
    sock = self._create_socket_connection()
  File "/usr/local/lib/python3.8/dist-packages/paho/mqtt/client.py", line 4640, in _create_socket_connection
    return socket.create_connection(addr, timeout=self._connect_timeout, source_address=source)
  File "/usr/lib/python3.8/socket.py", line 808, in create_connection
    raise err
  File "/usr/lib/python3.8/socket.py", line 796, in create_connection
    sock.connect(sa)
OSError: [Errno 113] No route to host
2026-06-05 10:39:40,104 - ERROR - Erro durante a execução
Traceback (most recent call last):
  File "fot_devices/main_n.py", line 144, in <module>
    sub_client.connect(mqttBroker, mqttPort, 60)
  File "/usr/local/lib/python3.8/dist-packages/paho/mqtt/client.py", line 1435, in connect
    return self.reconnect()
  File "/usr/local/lib/python3.8/dist-packages/paho/mqtt/client.py", line 1598, in reconnect
    self._sock = self._create_socket()
  File "/usr/local/lib/python3.8/dist-packages/paho/mqtt/client.py", line 4609, in _create_socket
    sock = self._create_socket_connection()
  File "/usr/local/lib/python3.8/dist-packages/paho/mqtt/client.py", line 4640, in _create_socket_connection
    return socket.create_connection(addr, timeout=self._connect_timeout, source_address=source)
  File "/usr/lib/python3.8/socket.py", line 808, in create_connection
    raise err
  File "/usr/lib/python3.8/socket.py", line 796, in create_connection
    sock.connect(sa)
OSError: [Errno 113] No route to host
2026-06-05 10:39:42,182 - ERROR - Erro durante a execução
Traceback (most recent call last):
  File "fot_devices/main_n.py", line 144, in <module>
    sub_client.connect(mqttBroker, mqttPort, 60)
  File "/usr/local/lib/python3.8/dist-packages/paho/mqtt/client.py", line 1435, in connect
    return self.reconnect()
  File "/usr/local/lib/python3.8/dist-packages/paho/mqtt/client.py", line 1598, in reconnect
    self._sock = self._create_socket()
  File "/usr/local/lib/python3.8/dist-packages/paho/mqtt/client.py", line 4609, in _create_socket
    sock = self._create_socket_connection()
  File "/usr/local/lib/python3.8/dist-packages/paho/mqtt/client.py", line 4640, in _create_socket_connection
    return socket.create_connection(addr, timeout=self._connect_timeout, source_address=source)
  File "/usr/lib/python3.8/socket.py", line 808, in create_connection
    raise err
  File "/usr/lib/python3.8/socket.py", line 796, in create_connection
    sock.connect(sa)
OSError: [Errno 113] No route to host
2026-06-05 10:39:43,449 - ERROR - Erro durante a execução
Traceback (most recent call last):
  File "fot_devices/main_n.py", line 144, in <module>
    sub_client.connect(mqttBroker, mqttPort, 60)
  File "/usr/local/lib/python3.8/dist-packages/paho/mqtt/client.py", line 1435, in connect
    return self.reconnect()
  File "/usr/local/lib/python3.8/dist-packages/paho/mqtt/client.py", line 1598, in reconnect
    self._sock = self._create_socket()
  File "/usr/local/lib/python3.8/dist-packages/paho/mqtt/client.py", line 4609, in _create_socket
    sock = self._create_socket_connection()
  File "/usr/local/lib/python3.8/dist-packages/paho/mqtt/client.py", line 4640, in _create_socket_connection
    return socket.create_connection(addr, timeout=self._connect_timeout, source_address=source)
  File "/usr/lib/python3.8/socket.py", line 808, in create_connection
    raise err
  File "/usr/lib/python3.8/socket.py", line 796, in create_connection
    sock.connect(sa)
OSError: [Errno 113] No route to host
2026-06-05 10:39:44,516 - ERROR - Erro durante a execução
Traceback (most recent call last):
  File "fot_devices/main_n.py", line 144, in <module>
    sub_client.connect(mqttBroker, mqttPort, 60)
  File "/usr/local/lib/python3.8/dist-packages/paho/mqtt/client.py", line 1435, in connect
    return self.reconnect()
  File "/usr/local/lib/python3.8/dist-packages/paho/mqtt/client.py", line 1598, in reconnect
    self._sock = self._create_socket()
  File "/usr/local/lib/python3.8/dist-packages/paho/mqtt/client.py", line 4609, in _create_socket
    sock = self._create_socket_connection()
  File "/usr/local/lib/python3.8/dist-packages/paho/mqtt/client.py", line 4640, in _create_socket_connection
    return socket.create_connection(addr, timeout=self._connect_timeout, source_address=source)
  File "/usr/lib/python3.8/socket.py", line 808, in create_connection
    raise err
  File "/usr/lib/python3.8/socket.py", line 796, in create_connection
    sock.connect(sa)
OSError: [Errno 113] No route to host
2026-06-05 10:39:46,693 - ERROR - Erro durante a execução
Traceback (most recent call last):
  File "fot_devices/main_n.py", line 144, in <module>
    sub_client.connect(mqttBroker, mqttPort, 60)
  File "/usr/local/lib/python3.8/dist-packages/paho/mqtt/client.py", line 1435, in connect
    return self.reconnect()
  File "/usr/local/lib/python3.8/dist-packages/paho/mqtt/client.py", line 1598, in reconnect
    self._sock = self._create_socket()
  File "/usr/local/lib/python3.8/dist-packages/paho/mqtt/client.py", line 4609, in _create_socket
    sock = self._create_socket_connection()
  File "/usr/local/lib/python3.8/dist-packages/paho/mqtt/client.py", line 4640, in _create_socket_connection
    return socket.create_connection(addr, timeout=self._connect_timeout, source_address=source)
  File "/usr/lib/python3.8/socket.py", line 808, in create_connection
    raise err
  File "/usr/lib/python3.8/socket.py", line 796, in create_connection
    sock.connect(sa)
OSError: [Errno 113] No route to host
2026-06-05 10:39:48,532 - ERROR - Erro durante a execução
Traceback (most recent call last):
  File "fot_devices/main_n.py", line 144, in <module>
    sub_client.connect(mqttBroker, mqttPort, 60)
  File "/usr/local/lib/python3.8/dist-packages/paho/mqtt/client.py", line 1435, in connect
    return self.reconnect()
  File "/usr/local/lib/python3.8/dist-packages/paho/mqtt/client.py", line 1598, in reconnect
    self._sock = self._create_socket()
  File "/usr/local/lib/python3.8/dist-packages/paho/mqtt/client.py", line 4609, in _create_socket
    sock = self._create_socket_connection()
  File "/usr/local/lib/python3.8/dist-packages/paho/mqtt/client.py", line 4640, in _create_socket_connection
    return socket.create_connection(addr, timeout=self._connect_timeout, source_address=source)
  File "/usr/lib/python3.8/socket.py", line 808, in create_connection
    raise err
  File "/usr/lib/python3.8/socket.py", line 796, in create_connection
    sock.connect(sa)
OSError: [Errno 113] No route to host
2026-06-05 10:39:48,718 - ERROR - Erro durante a execução
Traceback (most recent call last):
  File "fot_devices/main_n.py", line 144, in <module>
    sub_client.connect(mqttBroker, mqttPort, 60)
  File "/usr/local/lib/python3.8/dist-packages/paho/mqtt/client.py", line 1435, in connect
    return self.reconnect()
  File "/usr/local/lib/python3.8/dist-packages/paho/mqtt/client.py", line 1598, in reconnect
    self._sock = self._create_socket()
  File "/usr/local/lib/python3.8/dist-packages/paho/mqtt/client.py", line 4609, in _create_socket
    sock = self._create_socket_connection()
  File "/usr/local/lib/python3.8/dist-packages/paho/mqtt/client.py", line 4640, in _create_socket_connection
    return socket.create_connection(addr, timeout=self._connect_timeout, source_address=source)
  File "/usr/lib/python3.8/socket.py", line 808, in create_connection
    raise err
  File "/usr/lib/python3.8/socket.py", line 796, in create_connection
    sock.connect(sa)
socket.timeout: timed out
2026-06-05 10:39:48,814 - ERROR - Erro durante a execução
Traceback (most recent call last):
  File "fot_devices/main_n.py", line 144, in <module>
    sub_client.connect(mqttBroker, mqttPort, 60)
  File "/usr/local/lib/python3.8/dist-packages/paho/mqtt/client.py", line 1435, in connect
    return self.reconnect()
  File "/usr/local/lib/python3.8/dist-packages/paho/mqtt/client.py", line 1598, in reconnect
    self._sock = self._create_socket()
  File "/usr/local/lib/python3.8/dist-packages/paho/mqtt/client.py", line 4609, in _create_socket
    sock = self._create_socket_connection()
  File "/usr/local/lib/python3.8/dist-packages/paho/mqtt/client.py", line 4640, in _create_socket_connection
    return socket.create_connection(addr, timeout=self._connect_timeout, source_address=source)
  File "/usr/lib/python3.8/socket.py", line 808, in create_connection
    raise err
  File "/usr/lib/python3.8/socket.py", line 796, in create_connection
    sock.connect(sa)
socket.timeout: timed out
2026-06-05 10:39:48,983 - ERROR - Erro durante a execução
Traceback (most recent call last):
  File "fot_devices/main_n.py", line 144, in <module>
    sub_client.connect(mqttBroker, mqttPort, 60)
  File "/usr/local/lib/python3.8/dist-packages/paho/mqtt/client.py", line 1435, in connect
    return self.reconnect()
  File "/usr/local/lib/python3.8/dist-packages/paho/mqtt/client.py", line 1598, in reconnect
    self._sock = self._create_socket()
  File "/usr/local/lib/python3.8/dist-packages/paho/mqtt/client.py", line 4609, in _create_socket
    sock = self._create_socket_connection()
  File "/usr/local/lib/python3.8/dist-packages/paho/mqtt/client.py", line 4640, in _create_socket_connection
    return socket.create_connection(addr, timeout=self._connect_timeout, source_address=source)
  File "/usr/lib/python3.8/socket.py", line 808, in create_connection
    raise err
  File "/usr/lib/python3.8/socket.py", line 796, in create_connection
    sock.connect(sa)
socket.timeout: timed out
2026-06-05 10:39:49,528 - ERROR - Erro durante a execução
Traceback (most recent call last):
  File "fot_devices/main_n.py", line 144, in <module>
    sub_client.connect(mqttBroker, mqttPort, 60)
  File "/usr/local/lib/python3.8/dist-packages/paho/mqtt/client.py", line 1435, in connect
    return self.reconnect()
  File "/usr/local/lib/python3.8/dist-packages/paho/mqtt/client.py", line 1598, in reconnect
    self._sock = self._create_socket()
  File "/usr/local/lib/python3.8/dist-packages/paho/mqtt/client.py", line 4609, in _create_socket
    sock = self._create_socket_connection()
  File "/usr/local/lib/python3.8/dist-packages/paho/mqtt/client.py", line 4640, in _create_socket_connection
    return socket.create_connection(addr, timeout=self._connect_timeout, source_address=source)
  File "/usr/lib/python3.8/socket.py", line 808, in create_connection
    raise err
  File "/usr/lib/python3.8/socket.py", line 796, in create_connection
    sock.connect(sa)
OSError: [Errno 113] No route to host
2026-06-05 10:39:50,243 - ERROR - Erro durante a execução
Traceback (most recent call last):
  File "fot_devices/main_n.py", line 144, in <module>
    sub_client.connect(mqttBroker, mqttPort, 60)
  File "/usr/local/lib/python3.8/dist-packages/paho/mqtt/client.py", line 1435, in connect
    return self.reconnect()
  File "/usr/local/lib/python3.8/dist-packages/paho/mqtt/client.py", line 1598, in reconnect
    self._sock = self._create_socket()
  File "/usr/local/lib/python3.8/dist-packages/paho/mqtt/client.py", line 4609, in _create_socket
    sock = self._create_socket_connection()
  File "/usr/local/lib/python3.8/dist-packages/paho/mqtt/client.py", line 4640, in _create_socket_connection
    return socket.create_connection(addr, timeout=self._connect_timeout, source_address=source)
  File "/usr/lib/python3.8/socket.py", line 808, in create_connection
    raise err
  File "/usr/lib/python3.8/socket.py", line 796, in create_connection
    sock.connect(sa)
socket.timeout: timed out
2026-06-05 10:39:51,701 - ERROR - Erro durante a execução
Traceback (most recent call last):
  File "fot_devices/main_n.py", line 144, in <module>
    sub_client.connect(mqttBroker, mqttPort, 60)
  File "/usr/local/lib/python3.8/dist-packages/paho/mqtt/client.py", line 1435, in connect
    return self.reconnect()
  File "/usr/local/lib/python3.8/dist-packages/paho/mqtt/client.py", line 1598, in reconnect
    self._sock = self._create_socket()
  File "/usr/local/lib/python3.8/dist-packages/paho/mqtt/client.py", line 4609, in _create_socket
    sock = self._create_socket_connection()
  File "/usr/local/lib/python3.8/dist-packages/paho/mqtt/client.py", line 4640, in _create_socket_connection
    return socket.create_connection(addr, timeout=self._connect_timeout, source_address=source)
  File "/usr/lib/python3.8/socket.py", line 808, in create_connection
    raise err
  File "/usr/lib/python3.8/socket.py", line 796, in create_connection
    sock.connect(sa)
OSError: [Errno 113] No route to host
2026-06-05 10:39:52,205 - ERROR - Erro durante a execução
Traceback (most recent call last):
  File "fot_devices/main_n.py", line 144, in <module>
    sub_client.connect(mqttBroker, mqttPort, 60)
  File "/usr/local/lib/python3.8/dist-packages/paho/mqtt/client.py", line 1435, in connect
    return self.reconnect()
  File "/usr/local/lib/python3.8/dist-packages/paho/mqtt/client.py", line 1598, in reconnect
    self._sock = self._create_socket()
  File "/usr/local/lib/python3.8/dist-packages/paho/mqtt/client.py", line 4609, in _create_socket
    sock = self._create_socket_connection()
  File "/usr/local/lib/python3.8/dist-packages/paho/mqtt/client.py", line 4640, in _create_socket_connection
    return socket.create_connection(addr, timeout=self._connect_timeout, source_address=source)
  File "/usr/lib/python3.8/socket.py", line 808, in create_connection
    raise err
  File "/usr/lib/python3.8/socket.py", line 796, in create_connection
    sock.connect(sa)
socket.timeout: timed out
2026-06-05 10:39:53,573 - ERROR - Erro durante a execução
Traceback (most recent call last):
  File "fot_devices/main_n.py", line 144, in <module>
    sub_client.connect(mqttBroker, mqttPort, 60)
  File "/usr/local/lib/python3.8/dist-packages/paho/mqtt/client.py", line 1435, in connect
    return self.reconnect()
  File "/usr/local/lib/python3.8/dist-packages/paho/mqtt/client.py", line 1598, in reconnect
    self._sock = self._create_socket()
  File "/usr/local/lib/python3.8/dist-packages/paho/mqtt/client.py", line 4609, in _create_socket
    sock = self._create_socket_connection()
  File "/usr/local/lib/python3.8/dist-packages/paho/mqtt/client.py", line 4640, in _create_socket_connection
    return socket.create_connection(addr, timeout=self._connect_timeout, source_address=source)
  File "/usr/lib/python3.8/socket.py", line 808, in create_connection
    raise err
  File "/usr/lib/python3.8/socket.py", line 796, in create_connection
    sock.connect(sa)
OSError: [Errno 113] No route to host
2026-06-05 10:39:53,733 - ERROR - Erro durante a execução
Traceback (most recent call last):
  File "fot_devices/main_n.py", line 144, in <module>
    sub_client.connect(mqttBroker, mqttPort, 60)
  File "/usr/local/lib/python3.8/dist-packages/paho/mqtt/client.py", line 1435, in connect
    return self.reconnect()
  File "/usr/local/lib/python3.8/dist-packages/paho/mqtt/client.py", line 1598, in reconnect
    self._sock = self._create_socket()
  File "/usr/local/lib/python3.8/dist-packages/paho/mqtt/client.py", line 4609, in _create_socket
    sock = self._create_socket_connection()
  File "/usr/local/lib/python3.8/dist-packages/paho/mqtt/client.py", line 4640, in _create_socket_connection
    return socket.create_connection(addr, timeout=self._connect_timeout, source_address=source)
  File "/usr/lib/python3.8/socket.py", line 808, in create_connection
    raise err
  File "/usr/lib/python3.8/socket.py", line 796, in create_connection
    sock.connect(sa)
OSError: [Errno 113] No route to host
2026-06-05 10:39:54,534 - ERROR - Erro durante a execução
Traceback (most recent call last):
  File "fot_devices/main_n.py", line 144, in <module>
    sub_client.connect(mqttBroker, mqttPort, 60)
  File "/usr/local/lib/python3.8/dist-packages/paho/mqtt/client.py", line 1435, in connect
    return self.reconnect()
  File "/usr/local/lib/python3.8/dist-packages/paho/mqtt/client.py", line 1598, in reconnect
    self._sock = self._create_socket()
  File "/usr/local/lib/python3.8/dist-packages/paho/mqtt/client.py", line 4609, in _create_socket
    sock = self._create_socket_connection()
  File "/usr/local/lib/python3.8/dist-packages/paho/mqtt/client.py", line 4640, in _create_socket_connection
    return socket.create_connection(addr, timeout=self._connect_timeout, source_address=source)
  File "/usr/lib/python3.8/socket.py", line 808, in create_connection
    raise err
  File "/usr/lib/python3.8/socket.py", line 796, in create_connection
    sock.connect(sa)
OSError: [Errno 113] No route to host
2026-06-05 10:39:56,325 - ERROR - Erro durante a execução
Traceback (most recent call last):
  File "fot_devices/main_n.py", line 144, in <module>
    sub_client.connect(mqttBroker, mqttPort, 60)
  File "/usr/local/lib/python3.8/dist-packages/paho/mqtt/client.py", line 1435, in connect
    return self.reconnect()
  File "/usr/local/lib/python3.8/dist-packages/paho/mqtt/client.py", line 1598, in reconnect
    self._sock = self._create_socket()
  File "/usr/local/lib/python3.8/dist-packages/paho/mqtt/client.py", line 4609, in _create_socket
    sock = self._create_socket_connection()
  File "/usr/local/lib/python3.8/dist-packages/paho/mqtt/client.py", line 4640, in _create_socket_connection
    return socket.create_connection(addr, timeout=self._connect_timeout, source_address=source)
  File "/usr/lib/python3.8/socket.py", line 808, in create_connection
    raise err
  File "/usr/lib/python3.8/socket.py", line 796, in create_connection
    sock.connect(sa)
OSError: [Errno 113] No route to host
2026-06-05 10:39:56,779 - ERROR - Erro durante a execução
Traceback (most recent call last):
  File "fot_devices/main_n.py", line 144, in <module>
    sub_client.connect(mqttBroker, mqttPort, 60)
  File "/usr/local/lib/python3.8/dist-packages/paho/mqtt/client.py", line 1435, in connect
    return self.reconnect()
  File "/usr/local/lib/python3.8/dist-packages/paho/mqtt/client.py", line 1598, in reconnect
    self._sock = self._create_socket()
  File "/usr/local/lib/python3.8/dist-packages/paho/mqtt/client.py", line 4609, in _create_socket
    sock = self._create_socket_connection()
  File "/usr/local/lib/python3.8/dist-packages/paho/mqtt/client.py", line 4640, in _create_socket_connection
    return socket.create_connection(addr, timeout=self._connect_timeout, source_address=source)
  File "/usr/lib/python3.8/socket.py", line 808, in create_connection
    raise err
  File "/usr/lib/python3.8/socket.py", line 796, in create_connection
    sock.connect(sa)
OSError: [Errno 113] No route to host
2026-06-05 10:39:58,265 - ERROR - Erro durante a execução
Traceback (most recent call last):
  File "fot_devices/main_n.py", line 144, in <module>
    sub_client.connect(mqttBroker, mqttPort, 60)
  File "/usr/local/lib/python3.8/dist-packages/paho/mqtt/client.py", line 1435, in connect
    return self.reconnect()
  File "/usr/local/lib/python3.8/dist-packages/paho/mqtt/client.py", line 1598, in reconnect
    self._sock = self._create_socket()
  File "/usr/local/lib/python3.8/dist-packages/paho/mqtt/client.py", line 4609, in _create_socket
    sock = self._create_socket_connection()
  File "/usr/local/lib/python3.8/dist-packages/paho/mqtt/client.py", line 4640, in _create_socket_connection
    return socket.create_connection(addr, timeout=self._connect_timeout, source_address=source)
  File "/usr/lib/python3.8/socket.py", line 808, in create_connection
    raise err
  File "/usr/lib/python3.8/socket.py", line 796, in create_connection
    sock.connect(sa)
OSError: [Errno 113] No route to host
2026-06-05 10:39:58,824 - ERROR - Erro durante a execução
Traceback (most recent call last):
  File "fot_devices/main_n.py", line 144, in <module>
    sub_client.connect(mqttBroker, mqttPort, 60)
  File "/usr/local/lib/python3.8/dist-packages/paho/mqtt/client.py", line 1435, in connect
    return self.reconnect()
  File "/usr/local/lib/python3.8/dist-packages/paho/mqtt/client.py", line 1598, in reconnect
    self._sock = self._create_socket()
  File "/usr/local/lib/python3.8/dist-packages/paho/mqtt/client.py", line 4609, in _create_socket
    sock = self._create_socket_connection()
  File "/usr/local/lib/python3.8/dist-packages/paho/mqtt/client.py", line 4640, in _create_socket_connection
    return socket.create_connection(addr, timeout=self._connect_timeout, source_address=source)
  File "/usr/lib/python3.8/socket.py", line 808, in create_connection
    raise err
  File "/usr/lib/python3.8/socket.py", line 796, in create_connection
    sock.connect(sa)
socket.timeout: timed out
2026-06-05 10:39:59,005 - ERROR - Erro durante a execução
Traceback (most recent call last):
  File "fot_devices/main_n.py", line 144, in <module>
    sub_client.connect(mqttBroker, mqttPort, 60)
  File "/usr/local/lib/python3.8/dist-packages/paho/mqtt/client.py", line 1435, in connect
    return self.reconnect()
  File "/usr/local/lib/python3.8/dist-packages/paho/mqtt/client.py", line 1598, in reconnect
    self._sock = self._create_socket()
  File "/usr/local/lib/python3.8/dist-packages/paho/mqtt/client.py", line 4609, in _create_socket
    sock = self._create_socket_connection()
  File "/usr/local/lib/python3.8/dist-packages/paho/mqtt/client.py", line 4640, in _create_socket_connection
    return socket.create_connection(addr, timeout=self._connect_timeout, source_address=source)
  File "/usr/lib/python3.8/socket.py", line 808, in create_connection
    raise err
  File "/usr/lib/python3.8/socket.py", line 796, in create_connection
    sock.connect(sa)
socket.timeout: timed out
2026-06-05 10:39:59,612 - ERROR - Erro durante a execução
Traceback (most recent call last):
  File "fot_devices/main_n.py", line 144, in <module>
    sub_client.connect(mqttBroker, mqttPort, 60)
  File "/usr/local/lib/python3.8/dist-packages/paho/mqtt/client.py", line 1435, in connect
    return self.reconnect()
  File "/usr/local/lib/python3.8/dist-packages/paho/mqtt/client.py", line 1598, in reconnect
    self._sock = self._create_socket()
  File "/usr/local/lib/python3.8/dist-packages/paho/mqtt/client.py", line 4609, in _create_socket
    sock = self._create_socket_connection()
  File "/usr/local/lib/python3.8/dist-packages/paho/mqtt/client.py", line 4640, in _create_socket_connection
    return socket.create_connection(addr, timeout=self._connect_timeout, source_address=source)
  File "/usr/lib/python3.8/socket.py", line 808, in create_connection
    raise err
  File "/usr/lib/python3.8/socket.py", line 796, in create_connection
    sock.connect(sa)
OSError: [Errno 113] No route to host
2026-06-05 10:40:01,357 - ERROR - Erro durante a execução
Traceback (most recent call last):
  File "fot_devices/main_n.py", line 144, in <module>
    sub_client.connect(mqttBroker, mqttPort, 60)
  File "/usr/local/lib/python3.8/dist-packages/paho/mqtt/client.py", line 1435, in connect
    return self.reconnect()
  File "/usr/local/lib/python3.8/dist-packages/paho/mqtt/client.py", line 1598, in reconnect
    self._sock = self._create_socket()
  File "/usr/local/lib/python3.8/dist-packages/paho/mqtt/client.py", line 4609, in _create_socket
    sock = self._create_socket_connection()
  File "/usr/local/lib/python3.8/dist-packages/paho/mqtt/client.py", line 4640, in _create_socket_connection
    return socket.create_connection(addr, timeout=self._connect_timeout, source_address=source)
  File "/usr/lib/python3.8/socket.py", line 808, in create_connection
    raise err
  File "/usr/lib/python3.8/socket.py", line 796, in create_connection
    sock.connect(sa)
OSError: [Errno 113] No route to host
2026-06-05 10:40:01,702 - ERROR - Erro durante a execução
Traceback (most recent call last):
  File "fot_devices/main_n.py", line 144, in <module>
    sub_client.connect(mqttBroker, mqttPort, 60)
  File "/usr/local/lib/python3.8/dist-packages/paho/mqtt/client.py", line 1435, in connect
    return self.reconnect()
  File "/usr/local/lib/python3.8/dist-packages/paho/mqtt/client.py", line 1598, in reconnect
    self._sock = self._create_socket()
  File "/usr/local/lib/python3.8/dist-packages/paho/mqtt/client.py", line 4609, in _create_socket
    sock = self._create_socket_connection()
  File "/usr/local/lib/python3.8/dist-packages/paho/mqtt/client.py", line 4640, in _create_socket_connection
    return socket.create_connection(addr, timeout=self._connect_timeout, source_address=source)
  File "/usr/lib/python3.8/socket.py", line 808, in create_connection
    raise err
  File "/usr/lib/python3.8/socket.py", line 796, in create_connection
    sock.connect(sa)
OSError: [Errno 113] No route to host
2026-06-05 10:40:02,820 - ERROR - Erro durante a execução
Traceback (most recent call last):
  File "fot_devices/main_n.py", line 144, in <module>
    sub_client.connect(mqttBroker, mqttPort, 60)
  File "/usr/local/lib/python3.8/dist-packages/paho/mqtt/client.py", line 1435, in connect
    return self.reconnect()
  File "/usr/local/lib/python3.8/dist-packages/paho/mqtt/client.py", line 1598, in reconnect
    self._sock = self._create_socket()
  File "/usr/local/lib/python3.8/dist-packages/paho/mqtt/client.py", line 4609, in _create_socket
    sock = self._create_socket_connection()
  File "/usr/local/lib/python3.8/dist-packages/paho/mqtt/client.py", line 4640, in _create_socket_connection
    return socket.create_connection(addr, timeout=self._connect_timeout, source_address=source)
  File "/usr/lib/python3.8/socket.py", line 808, in create_connection
    raise err
  File "/usr/lib/python3.8/socket.py", line 796, in create_connection
    sock.connect(sa)
OSError: [Errno 113] No route to host
2026-06-05 10:40:03,762 - ERROR - Erro durante a execução
Traceback (most recent call last):
  File "fot_devices/main_n.py", line 144, in <module>
    sub_client.connect(mqttBroker, mqttPort, 60)
  File "/usr/local/lib/python3.8/dist-packages/paho/mqtt/client.py", line 1435, in connect
    return self.reconnect()
  File "/usr/local/lib/python3.8/dist-packages/paho/mqtt/client.py", line 1598, in reconnect
    self._sock = self._create_socket()
  File "/usr/local/lib/python3.8/dist-packages/paho/mqtt/client.py", line 4609, in _create_socket
    sock = self._create_socket_connection()
  File "/usr/local/lib/python3.8/dist-packages/paho/mqtt/client.py", line 4640, in _create_socket_connection
    return socket.create_connection(addr, timeout=self._connect_timeout, source_address=source)
  File "/usr/lib/python3.8/socket.py", line 808, in create_connection
    raise err
  File "/usr/lib/python3.8/socket.py", line 796, in create_connection
    sock.connect(sa)
socket.timeout: timed out
2026-06-05 10:40:03,831 - ERROR - Erro durante a execução
Traceback (most recent call last):
  File "fot_devices/main_n.py", line 144, in <module>
    sub_client.connect(mqttBroker, mqttPort, 60)
  File "/usr/local/lib/python3.8/dist-packages/paho/mqtt/client.py", line 1435, in connect
    return self.reconnect()
  File "/usr/local/lib/python3.8/dist-packages/paho/mqtt/client.py", line 1598, in reconnect
    self._sock = self._create_socket()
  File "/usr/local/lib/python3.8/dist-packages/paho/mqtt/client.py", line 4609, in _create_socket
    sock = self._create_socket_connection()
  File "/usr/local/lib/python3.8/dist-packages/paho/mqtt/client.py", line 4640, in _create_socket_connection
    return socket.create_connection(addr, timeout=self._connect_timeout, source_address=source)
  File "/usr/lib/python3.8/socket.py", line 808, in create_connection
    raise err
  File "/usr/lib/python3.8/socket.py", line 796, in create_connection
    sock.connect(sa)
OSError: [Errno 113] No route to host
2026-06-05 10:40:04,654 - ERROR - Erro durante a execução
Traceback (most recent call last):
  File "fot_devices/main_n.py", line 144, in <module>
    sub_client.connect(mqttBroker, mqttPort, 60)
  File "/usr/local/lib/python3.8/dist-packages/paho/mqtt/client.py", line 1435, in connect
    return self.reconnect()
  File "/usr/local/lib/python3.8/dist-packages/paho/mqtt/client.py", line 1598, in reconnect
    self._sock = self._create_socket()
  File "/usr/local/lib/python3.8/dist-packages/paho/mqtt/client.py", line 4609, in _create_socket
    sock = self._create_socket_connection()
  File "/usr/local/lib/python3.8/dist-packages/paho/mqtt/client.py", line 4640, in _create_socket_connection
    return socket.create_connection(addr, timeout=self._connect_timeout, source_address=source)
  File "/usr/lib/python3.8/socket.py", line 808, in create_connection
    raise err
  File "/usr/lib/python3.8/socket.py", line 796, in create_connection
    sock.connect(sa)
OSError: [Errno 113] No route to host
2026-06-05 10:40:06,708 - ERROR - Erro durante a execução
Traceback (most recent call last):
  File "fot_devices/main_n.py", line 144, in <module>
    sub_client.connect(mqttBroker, mqttPort, 60)
  File "/usr/local/lib/python3.8/dist-packages/paho/mqtt/client.py", line 1435, in connect
    return self.reconnect()
  File "/usr/local/lib/python3.8/dist-packages/paho/mqtt/client.py", line 1598, in reconnect
    self._sock = self._create_socket()
  File "/usr/local/lib/python3.8/dist-packages/paho/mqtt/client.py", line 4609, in _create_socket
    sock = self._create_socket_connection()
  File "/usr/local/lib/python3.8/dist-packages/paho/mqtt/client.py", line 4640, in _create_socket_connection
    return socket.create_connection(addr, timeout=self._connect_timeout, source_address=source)
  File "/usr/lib/python3.8/socket.py", line 808, in create_connection
    raise err
  File "/usr/lib/python3.8/socket.py", line 796, in create_connection
    sock.connect(sa)
OSError: [Errno 113] No route to host
2026-06-05 10:40:07,827 - ERROR - Erro durante a execução
Traceback (most recent call last):
  File "fot_devices/main_n.py", line 144, in <module>
    sub_client.connect(mqttBroker, mqttPort, 60)
  File "/usr/local/lib/python3.8/dist-packages/paho/mqtt/client.py", line 1435, in connect
    return self.reconnect()
  File "/usr/local/lib/python3.8/dist-packages/paho/mqtt/client.py", line 1598, in reconnect
    self._sock = self._create_socket()
  File "/usr/local/lib/python3.8/dist-packages/paho/mqtt/client.py", line 4609, in _create_socket
    sock = self._create_socket_connection()
  File "/usr/local/lib/python3.8/dist-packages/paho/mqtt/client.py", line 4640, in _create_socket_connection
    return socket.create_connection(addr, timeout=self._connect_timeout, source_address=source)
  File "/usr/lib/python3.8/socket.py", line 808, in create_connection
    raise err
  File "/usr/lib/python3.8/socket.py", line 796, in create_connection
    sock.connect(sa)
OSError: [Errno 113] No route to host
2026-06-05 10:40:08,273 - ERROR - Erro durante a execução
Traceback (most recent call last):
  File "fot_devices/main_n.py", line 144, in <module>
    sub_client.connect(mqttBroker, mqttPort, 60)
  File "/usr/local/lib/python3.8/dist-packages/paho/mqtt/client.py", line 1435, in connect
    return self.reconnect()
  File "/usr/local/lib/python3.8/dist-packages/paho/mqtt/client.py", line 1598, in reconnect
    self._sock = self._create_socket()
  File "/usr/local/lib/python3.8/dist-packages/paho/mqtt/client.py", line 4609, in _create_socket
    sock = self._create_socket_connection()
  File "/usr/local/lib/python3.8/dist-packages/paho/mqtt/client.py", line 4640, in _create_socket_connection
    return socket.create_connection(addr, timeout=self._connect_timeout, source_address=source)
  File "/usr/lib/python3.8/socket.py", line 808, in create_connection
    raise err
  File "/usr/lib/python3.8/socket.py", line 796, in create_connection
    sock.connect(sa)
socket.timeout: timed out
2026-06-05 10:40:08,770 - ERROR - Erro durante a execução
Traceback (most recent call last):
  File "fot_devices/main_n.py", line 144, in <module>
    sub_client.connect(mqttBroker, mqttPort, 60)
  File "/usr/local/lib/python3.8/dist-packages/paho/mqtt/client.py", line 1435, in connect
    return self.reconnect()
  File "/usr/local/lib/python3.8/dist-packages/paho/mqtt/client.py", line 1598, in reconnect
    self._sock = self._create_socket()
  File "/usr/local/lib/python3.8/dist-packages/paho/mqtt/client.py", line 4609, in _create_socket
    sock = self._create_socket_connection()
  File "/usr/local/lib/python3.8/dist-packages/paho/mqtt/client.py", line 4640, in _create_socket_connection
    return socket.create_connection(addr, timeout=self._connect_timeout, source_address=source)
  File "/usr/lib/python3.8/socket.py", line 808, in create_connection
    raise err
  File "/usr/lib/python3.8/socket.py", line 796, in create_connection
    sock.connect(sa)
OSError: [Errno 113] No route to host
2026-06-05 10:40:09,048 - ERROR - Erro durante a execução
Traceback (most recent call last):
  File "fot_devices/main_n.py", line 144, in <module>
    sub_client.connect(mqttBroker, mqttPort, 60)
  File "/usr/local/lib/python3.8/dist-packages/paho/mqtt/client.py", line 1435, in connect
    return self.reconnect()
  File "/usr/local/lib/python3.8/dist-packages/paho/mqtt/client.py", line 1598, in reconnect
    self._sock = self._create_socket()
  File "/usr/local/lib/python3.8/dist-packages/paho/mqtt/client.py", line 4609, in _create_socket
    sock = self._create_socket_connection()
  File "/usr/local/lib/python3.8/dist-packages/paho/mqtt/client.py", line 4640, in _create_socket_connection
    return socket.create_connection(addr, timeout=self._connect_timeout, source_address=source)
  File "/usr/lib/python3.8/socket.py", line 808, in create_connection
    raise err
  File "/usr/lib/python3.8/socket.py", line 796, in create_connection
    sock.connect(sa)
socket.timeout: timed out
2026-06-05 10:40:09,420 - ERROR - Erro durante a execução
Traceback (most recent call last):
  File "fot_devices/main_n.py", line 144, in <module>
    sub_client.connect(mqttBroker, mqttPort, 60)
  File "/usr/local/lib/python3.8/dist-packages/paho/mqtt/client.py", line 1435, in connect
    return self.reconnect()
  File "/usr/local/lib/python3.8/dist-packages/paho/mqtt/client.py", line 1598, in reconnect
    self._sock = self._create_socket()
  File "/usr/local/lib/python3.8/dist-packages/paho/mqtt/client.py", line 4609, in _create_socket
    sock = self._create_socket_connection()
  File "/usr/local/lib/python3.8/dist-packages/paho/mqtt/client.py", line 4640, in _create_socket_connection
    return socket.create_connection(addr, timeout=self._connect_timeout, source_address=source)
  File "/usr/lib/python3.8/socket.py", line 808, in create_connection
    raise err
  File "/usr/lib/python3.8/socket.py", line 796, in create_connection
    sock.connect(sa)
OSError: [Errno 113] No route to host
2026-06-05 10:40:10,699 - ERROR - Erro durante a execução
Traceback (most recent call last):
  File "fot_devices/main_n.py", line 144, in <module>
    sub_client.connect(mqttBroker, mqttPort, 60)
  File "/usr/local/lib/python3.8/dist-packages/paho/mqtt/client.py", line 1435, in connect
    return self.reconnect()
  File "/usr/local/lib/python3.8/dist-packages/paho/mqtt/client.py", line 1598, in reconnect
    self._sock = self._create_socket()
  File "/usr/local/lib/python3.8/dist-packages/paho/mqtt/client.py", line 4609, in _create_socket
    sock = self._create_socket_connection()
  File "/usr/local/lib/python3.8/dist-packages/paho/mqtt/client.py", line 4640, in _create_socket_connection
    return socket.create_connection(addr, timeout=self._connect_timeout, source_address=source)
  File "/usr/lib/python3.8/socket.py", line 808, in create_connection
    raise err
  File "/usr/lib/python3.8/socket.py", line 796, in create_connection
    sock.connect(sa)
OSError: [Errno 113] No route to host
2026-06-05 10:40:11,713 - ERROR - Erro durante a execução
Traceback (most recent call last):
  File "fot_devices/main_n.py", line 144, in <module>
    sub_client.connect(mqttBroker, mqttPort, 60)
  File "/usr/local/lib/python3.8/dist-packages/paho/mqtt/client.py", line 1435, in connect
    return self.reconnect()
  File "/usr/local/lib/python3.8/dist-packages/paho/mqtt/client.py", line 1598, in reconnect
    self._sock = self._create_socket()
  File "/usr/local/lib/python3.8/dist-packages/paho/mqtt/client.py", line 4609, in _create_socket
    sock = self._create_socket_connection()
  File "/usr/local/lib/python3.8/dist-packages/paho/mqtt/client.py", line 4640, in _create_socket_connection
    return socket.create_connection(addr, timeout=self._connect_timeout, source_address=source)
  File "/usr/lib/python3.8/socket.py", line 808, in create_connection
    raise err
  File "/usr/lib/python3.8/socket.py", line 796, in create_connection
    sock.connect(sa)
OSError: [Errno 113] No route to host
2026-06-05 10:40:12,834 - ERROR - Erro durante a execução
Traceback (most recent call last):
  File "fot_devices/main_n.py", line 144, in <module>
    sub_client.connect(mqttBroker, mqttPort, 60)
  File "/usr/local/lib/python3.8/dist-packages/paho/mqtt/client.py", line 1435, in connect
    return self.reconnect()
  File "/usr/local/lib/python3.8/dist-packages/paho/mqtt/client.py", line 1598, in reconnect
    self._sock = self._create_socket()
  File "/usr/local/lib/python3.8/dist-packages/paho/mqtt/client.py", line 4609, in _create_socket
    sock = self._create_socket_connection()
  File "/usr/local/lib/python3.8/dist-packages/paho/mqtt/client.py", line 4640, in _create_socket_connection
    return socket.create_connection(addr, timeout=self._connect_timeout, source_address=source)
  File "/usr/lib/python3.8/socket.py", line 808, in create_connection
    raise err
  File "/usr/lib/python3.8/socket.py", line 796, in create_connection
    sock.connect(sa)
OSError: [Errno 113] No route to host
2026-06-05 10:40:13,818 - ERROR - Erro durante a execução
Traceback (most recent call last):
  File "fot_devices/main_n.py", line 144, in <module>
    sub_client.connect(mqttBroker, mqttPort, 60)
  File "/usr/local/lib/python3.8/dist-packages/paho/mqtt/client.py", line 1435, in connect
    return self.reconnect()
  File "/usr/local/lib/python3.8/dist-packages/paho/mqtt/client.py", line 1598, in reconnect
    self._sock = self._create_socket()
  File "/usr/local/lib/python3.8/dist-packages/paho/mqtt/client.py", line 4609, in _create_socket
    sock = self._create_socket_connection()
  File "/usr/local/lib/python3.8/dist-packages/paho/mqtt/client.py", line 4640, in _create_socket_connection
    return socket.create_connection(addr, timeout=self._connect_timeout, source_address=source)
  File "/usr/lib/python3.8/socket.py", line 808, in create_connection
    raise err
  File "/usr/lib/python3.8/socket.py", line 796, in create_connection
    sock.connect(sa)
OSError: [Errno 113] No route to host
2026-06-05 10:40:13,840 - ERROR - Erro durante a execução
Traceback (most recent call last):
  File "fot_devices/main_n.py", line 144, in <module>
    sub_client.connect(mqttBroker, mqttPort, 60)
  File "/usr/local/lib/python3.8/dist-packages/paho/mqtt/client.py", line 1435, in connect
    return self.reconnect()
  File "/usr/local/lib/python3.8/dist-packages/paho/mqtt/client.py", line 1598, in reconnect
    self._sock = self._create_socket()
  File "/usr/local/lib/python3.8/dist-packages/paho/mqtt/client.py", line 4609, in _create_socket
    sock = self._create_socket_connection()
  File "/usr/local/lib/python3.8/dist-packages/paho/mqtt/client.py", line 4640, in _create_socket_connection
    return socket.create_connection(addr, timeout=self._connect_timeout, source_address=source)
  File "/usr/lib/python3.8/socket.py", line 808, in create_connection
    raise err
  File "/usr/lib/python3.8/socket.py", line 796, in create_connection
    sock.connect(sa)
socket.timeout: timed out
2026-06-05 10:40:14,437 - ERROR - Erro durante a execução
Traceback (most recent call last):
  File "fot_devices/main_n.py", line 144, in <module>
    sub_client.connect(mqttBroker, mqttPort, 60)
  File "/usr/local/lib/python3.8/dist-packages/paho/mqtt/client.py", line 1435, in connect
    return self.reconnect()
  File "/usr/local/lib/python3.8/dist-packages/paho/mqtt/client.py", line 1598, in reconnect
    self._sock = self._create_socket()
  File "/usr/local/lib/python3.8/dist-packages/paho/mqtt/client.py", line 4609, in _create_socket
    sock = self._create_socket_connection()
  File "/usr/local/lib/python3.8/dist-packages/paho/mqtt/client.py", line 4640, in _create_socket_connection
    return socket.create_connection(addr, timeout=self._connect_timeout, source_address=source)
  File "/usr/lib/python3.8/socket.py", line 808, in create_connection
    raise err
  File "/usr/lib/python3.8/socket.py", line 796, in create_connection
    sock.connect(sa)
OSError: [Errno 113] No route to host
2026-06-05 10:40:15,706 - ERROR - Erro durante a execução
Traceback (most recent call last):
  File "fot_devices/main_n.py", line 144, in <module>
    sub_client.connect(mqttBroker, mqttPort, 60)
  File "/usr/local/lib/python3.8/dist-packages/paho/mqtt/client.py", line 1435, in connect
    return self.reconnect()
  File "/usr/local/lib/python3.8/dist-packages/paho/mqtt/client.py", line 1598, in reconnect
    self._sock = self._create_socket()
  File "/usr/local/lib/python3.8/dist-packages/paho/mqtt/client.py", line 4609, in _create_socket
    sock = self._create_socket_connection()
  File "/usr/local/lib/python3.8/dist-packages/paho/mqtt/client.py", line 4640, in _create_socket_connection
    return socket.create_connection(addr, timeout=self._connect_timeout, source_address=source)
  File "/usr/lib/python3.8/socket.py", line 808, in create_connection
    raise err
  File "/usr/lib/python3.8/socket.py", line 796, in create_connection
    sock.connect(sa)
OSError: [Errno 113] No route to host
2026-06-05 10:40:16,779 - ERROR - Erro durante a execução
Traceback (most recent call last):
  File "fot_devices/main_n.py", line 144, in <module>
    sub_client.connect(mqttBroker, mqttPort, 60)
  File "/usr/local/lib/python3.8/dist-packages/paho/mqtt/client.py", line 1435, in connect
    return self.reconnect()
  File "/usr/local/lib/python3.8/dist-packages/paho/mqtt/client.py", line 1598, in reconnect
    self._sock = self._create_socket()
  File "/usr/local/lib/python3.8/dist-packages/paho/mqtt/client.py", line 4609, in _create_socket
    sock = self._create_socket_connection()
  File "/usr/local/lib/python3.8/dist-packages/paho/mqtt/client.py", line 4640, in _create_socket_connection
    return socket.create_connection(addr, timeout=self._connect_timeout, source_address=source)
  File "/usr/lib/python3.8/socket.py", line 808, in create_connection
    raise err
  File "/usr/lib/python3.8/socket.py", line 796, in create_connection
    sock.connect(sa)
OSError: [Errno 113] No route to host
2026-06-05 10:40:17,910 - ERROR - Erro durante a execução
Traceback (most recent call last):
  File "fot_devices/main_n.py", line 144, in <module>
    sub_client.connect(mqttBroker, mqttPort, 60)
  File "/usr/local/lib/python3.8/dist-packages/paho/mqtt/client.py", line 1435, in connect
    return self.reconnect()
  File "/usr/local/lib/python3.8/dist-packages/paho/mqtt/client.py", line 1598, in reconnect
    self._sock = self._create_socket()
  File "/usr/local/lib/python3.8/dist-packages/paho/mqtt/client.py", line 4609, in _create_socket
    sock = self._create_socket_connection()
  File "/usr/local/lib/python3.8/dist-packages/paho/mqtt/client.py", line 4640, in _create_socket_connection
    return socket.create_connection(addr, timeout=self._connect_timeout, source_address=source)
  File "/usr/lib/python3.8/socket.py", line 808, in create_connection
    raise err
  File "/usr/lib/python3.8/socket.py", line 796, in create_connection
    sock.connect(sa)
OSError: [Errno 113] No route to host
2026-06-05 10:40:18,326 - ERROR - Erro durante a execução
Traceback (most recent call last):
  File "fot_devices/main_n.py", line 144, in <module>
    sub_client.connect(mqttBroker, mqttPort, 60)
  File "/usr/local/lib/python3.8/dist-packages/paho/mqtt/client.py", line 1435, in connect
    return self.reconnect()
  File "/usr/local/lib/python3.8/dist-packages/paho/mqtt/client.py", line 1598, in reconnect
    self._sock = self._create_socket()
  File "/usr/local/lib/python3.8/dist-packages/paho/mqtt/client.py", line 4609, in _create_socket
    sock = self._create_socket_connection()
  File "/usr/local/lib/python3.8/dist-packages/paho/mqtt/client.py", line 4640, in _create_socket_connection
    return socket.create_connection(addr, timeout=self._connect_timeout, source_address=source)
  File "/usr/lib/python3.8/socket.py", line 808, in create_connection
    raise err
  File "/usr/lib/python3.8/socket.py", line 796, in create_connection
    sock.connect(sa)
socket.timeout: timed out
2026-06-05 10:40:18,821 - ERROR - Erro durante a execução
Traceback (most recent call last):
  File "fot_devices/main_n.py", line 144, in <module>
    sub_client.connect(mqttBroker, mqttPort, 60)
  File "/usr/local/lib/python3.8/dist-packages/paho/mqtt/client.py", line 1435, in connect
    return self.reconnect()
  File "/usr/local/lib/python3.8/dist-packages/paho/mqtt/client.py", line 1598, in reconnect
    self._sock = self._create_socket()
  File "/usr/local/lib/python3.8/dist-packages/paho/mqtt/client.py", line 4609, in _create_socket
    sock = self._create_socket_connection()
  File "/usr/local/lib/python3.8/dist-packages/paho/mqtt/client.py", line 4640, in _create_socket_connection
    return socket.create_connection(addr, timeout=self._connect_timeout, source_address=source)
  File "/usr/lib/python3.8/socket.py", line 808, in create_connection
    raise err
  File "/usr/lib/python3.8/socket.py", line 796, in create_connection
    sock.connect(sa)
OSError: [Errno 113] No route to host
2026-06-05 10:40:19,059 - ERROR - Erro durante a execução
Traceback (most recent call last):
  File "fot_devices/main_n.py", line 144, in <module>
    sub_client.connect(mqttBroker, mqttPort, 60)
  File "/usr/local/lib/python3.8/dist-packages/paho/mqtt/client.py", line 1435, in connect
    return self.reconnect()
  File "/usr/local/lib/python3.8/dist-packages/paho/mqtt/client.py", line 1598, in reconnect
    self._sock = self._create_socket()
  File "/usr/local/lib/python3.8/dist-packages/paho/mqtt/client.py", line 4609, in _create_socket
    sock = self._create_socket_connection()
  File "/usr/local/lib/python3.8/dist-packages/paho/mqtt/client.py", line 4640, in _create_socket_connection
    return socket.create_connection(addr, timeout=self._connect_timeout, source_address=source)
  File "/usr/lib/python3.8/socket.py", line 808, in create_connection
    raise err
  File "/usr/lib/python3.8/socket.py", line 796, in create_connection
    sock.connect(sa)
socket.timeout: timed out
2026-06-05 10:40:19,685 - ERROR - Erro durante a execução
Traceback (most recent call last):
  File "fot_devices/main_n.py", line 144, in <module>
    sub_client.connect(mqttBroker, mqttPort, 60)
  File "/usr/local/lib/python3.8/dist-packages/paho/mqtt/client.py", line 1435, in connect
    return self.reconnect()
  File "/usr/local/lib/python3.8/dist-packages/paho/mqtt/client.py", line 1598, in reconnect
    self._sock = self._create_socket()
  File "/usr/local/lib/python3.8/dist-packages/paho/mqtt/client.py", line 4609, in _create_socket
    sock = self._create_socket_connection()
  File "/usr/local/lib/python3.8/dist-packages/paho/mqtt/client.py", line 4640, in _create_socket_connection
    return socket.create_connection(addr, timeout=self._connect_timeout, source_address=source)
  File "/usr/lib/python3.8/socket.py", line 808, in create_connection
    raise err
  File "/usr/lib/python3.8/socket.py", line 796, in create_connection
    sock.connect(sa)
OSError: [Errno 113] No route to host
2026-06-05 10:40:20,713 - ERROR - Erro durante a execução
Traceback (most recent call last):
  File "fot_devices/main_n.py", line 144, in <module>
    sub_client.connect(mqttBroker, mqttPort, 60)
  File "/usr/local/lib/python3.8/dist-packages/paho/mqtt/client.py", line 1435, in connect
    return self.reconnect()
  File "/usr/local/lib/python3.8/dist-packages/paho/mqtt/client.py", line 1598, in reconnect
    self._sock = self._create_socket()
  File "/usr/local/lib/python3.8/dist-packages/paho/mqtt/client.py", line 4609, in _create_socket
    sock = self._create_socket_connection()
  File "/usr/local/lib/python3.8/dist-packages/paho/mqtt/client.py", line 4640, in _create_socket_connection
    return socket.create_connection(addr, timeout=self._connect_timeout, source_address=source)
  File "/usr/lib/python3.8/socket.py", line 808, in create_connection
    raise err
  File "/usr/lib/python3.8/socket.py", line 796, in create_connection
    sock.connect(sa)
OSError: [Errno 113] No route to host
2026-06-05 10:40:22,790 - ERROR - Erro durante a execução
Traceback (most recent call last):
  File "fot_devices/main_n.py", line 144, in <module>
    sub_client.connect(mqttBroker, mqttPort, 60)
  File "/usr/local/lib/python3.8/dist-packages/paho/mqtt/client.py", line 1435, in connect
    return self.reconnect()
  File "/usr/local/lib/python3.8/dist-packages/paho/mqtt/client.py", line 1598, in reconnect
    self._sock = self._create_socket()
  File "/usr/local/lib/python3.8/dist-packages/paho/mqtt/client.py", line 4609, in _create_socket
    sock = self._create_socket_connection()
  File "/usr/local/lib/python3.8/dist-packages/paho/mqtt/client.py", line 4640, in _create_socket_connection
    return socket.create_connection(addr, timeout=self._connect_timeout, source_address=source)
  File "/usr/lib/python3.8/socket.py", line 808, in create_connection
    raise err
  File "/usr/lib/python3.8/socket.py", line 796, in create_connection
    sock.connect(sa)
OSError: [Errno 113] No route to host
2026-06-05 10:40:23,825 - ERROR - Erro durante a execução
Traceback (most recent call last):
  File "fot_devices/main_n.py", line 144, in <module>
    sub_client.connect(mqttBroker, mqttPort, 60)
  File "/usr/local/lib/python3.8/dist-packages/paho/mqtt/client.py", line 1435, in connect
    return self.reconnect()
  File "/usr/local/lib/python3.8/dist-packages/paho/mqtt/client.py", line 1598, in reconnect
    self._sock = self._create_socket()
  File "/usr/local/lib/python3.8/dist-packages/paho/mqtt/client.py", line 4609, in _create_socket
    sock = self._create_socket_connection()
  File "/usr/local/lib/python3.8/dist-packages/paho/mqtt/client.py", line 4640, in _create_socket_connection
    return socket.create_connection(addr, timeout=self._connect_timeout, source_address=source)
  File "/usr/lib/python3.8/socket.py", line 808, in create_connection
    raise err
  File "/usr/lib/python3.8/socket.py", line 796, in create_connection
    sock.connect(sa)
OSError: [Errno 113] No route to host
2026-06-05 10:40:24,066 - ERROR - Erro durante a execução
Traceback (most recent call last):
  File "fot_devices/main_n.py", line 144, in <module>
    sub_client.connect(mqttBroker, mqttPort, 60)
  File "/usr/local/lib/python3.8/dist-packages/paho/mqtt/client.py", line 1435, in connect
    return self.reconnect()
  File "/usr/local/lib/python3.8/dist-packages/paho/mqtt/client.py", line 1598, in reconnect
    self._sock = self._create_socket()
  File "/usr/local/lib/python3.8/dist-packages/paho/mqtt/client.py", line 4609, in _create_socket
    sock = self._create_socket_connection()
  File "/usr/local/lib/python3.8/dist-packages/paho/mqtt/client.py", line 4640, in _create_socket_connection
    return socket.create_connection(addr, timeout=self._connect_timeout, source_address=source)
  File "/usr/lib/python3.8/socket.py", line 808, in create_connection
    raise err
  File "/usr/lib/python3.8/socket.py", line 796, in create_connection
    sock.connect(sa)
socket.timeout: timed out
2026-06-05 10:40:24,692 - ERROR - Erro durante a execução
Traceback (most recent call last):
  File "fot_devices/main_n.py", line 144, in <module>
    sub_client.connect(mqttBroker, mqttPort, 60)
  File "/usr/local/lib/python3.8/dist-packages/paho/mqtt/client.py", line 1435, in connect
    return self.reconnect()
  File "/usr/local/lib/python3.8/dist-packages/paho/mqtt/client.py", line 1598, in reconnect
    self._sock = self._create_socket()
  File "/usr/local/lib/python3.8/dist-packages/paho/mqtt/client.py", line 4609, in _create_socket
    sock = self._create_socket_connection()
  File "/usr/local/lib/python3.8/dist-packages/paho/mqtt/client.py", line 4640, in _create_socket_connection
    return socket.create_connection(addr, timeout=self._connect_timeout, source_address=source)
  File "/usr/lib/python3.8/socket.py", line 808, in create_connection
    raise err
  File "/usr/lib/python3.8/socket.py", line 796, in create_connection
    sock.connect(sa)
OSError: [Errno 113] No route to host
2026-06-05 10:40:25,716 - ERROR - Erro durante a execução
Traceback (most recent call last):
  File "fot_devices/main_n.py", line 144, in <module>
    sub_client.connect(mqttBroker, mqttPort, 60)
  File "/usr/local/lib/python3.8/dist-packages/paho/mqtt/client.py", line 1435, in connect
    return self.reconnect()
  File "/usr/local/lib/python3.8/dist-packages/paho/mqtt/client.py", line 1598, in reconnect
    self._sock = self._create_socket()
  File "/usr/local/lib/python3.8/dist-packages/paho/mqtt/client.py", line 4609, in _create_socket
    sock = self._create_socket_connection()
  File "/usr/local/lib/python3.8/dist-packages/paho/mqtt/client.py", line 4640, in _create_socket_connection
    return socket.create_connection(addr, timeout=self._connect_timeout, source_address=source)
  File "/usr/lib/python3.8/socket.py", line 808, in create_connection
    raise err
  File "/usr/lib/python3.8/socket.py", line 796, in create_connection
    sock.connect(sa)
OSError: [Errno 113] No route to host
2026-06-05 10:40:26,372 - ERROR - Erro durante a execução
Traceback (most recent call last):
  File "fot_devices/main_n.py", line 144, in <module>
    sub_client.connect(mqttBroker, mqttPort, 60)
  File "/usr/local/lib/python3.8/dist-packages/paho/mqtt/client.py", line 1435, in connect
    return self.reconnect()
  File "/usr/local/lib/python3.8/dist-packages/paho/mqtt/client.py", line 1598, in reconnect
    self._sock = self._create_socket()
  File "/usr/local/lib/python3.8/dist-packages/paho/mqtt/client.py", line 4609, in _create_socket
    sock = self._create_socket_connection()
  File "/usr/local/lib/python3.8/dist-packages/paho/mqtt/client.py", line 4640, in _create_socket_connection
    return socket.create_connection(addr, timeout=self._connect_timeout, source_address=source)
  File "/usr/lib/python3.8/socket.py", line 808, in create_connection
    raise err
  File "/usr/lib/python3.8/socket.py", line 796, in create_connection
    sock.connect(sa)
OSError: [Errno 113] No route to host
2026-06-05 10:40:27,797 - ERROR - Erro durante a execução
Traceback (most recent call last):
  File "fot_devices/main_n.py", line 144, in <module>
    sub_client.connect(mqttBroker, mqttPort, 60)
  File "/usr/local/lib/python3.8/dist-packages/paho/mqtt/client.py", line 1435, in connect
    return self.reconnect()
  File "/usr/local/lib/python3.8/dist-packages/paho/mqtt/client.py", line 1598, in reconnect
    self._sock = self._create_socket()
  File "/usr/local/lib/python3.8/dist-packages/paho/mqtt/client.py", line 4609, in _create_socket
    sock = self._create_socket_connection()
  File "/usr/local/lib/python3.8/dist-packages/paho/mqtt/client.py", line 4640, in _create_socket_connection
    return socket.create_connection(addr, timeout=self._connect_timeout, source_address=source)
  File "/usr/lib/python3.8/socket.py", line 808, in create_connection
    raise err
  File "/usr/lib/python3.8/socket.py", line 796, in create_connection
    sock.connect(sa)
OSError: [Errno 113] No route to host
2026-06-05 10:40:27,926 - ERROR - Erro durante a execução
Traceback (most recent call last):
  File "fot_devices/main_n.py", line 144, in <module>
    sub_client.connect(mqttBroker, mqttPort, 60)
  File "/usr/local/lib/python3.8/dist-packages/paho/mqtt/client.py", line 1435, in connect
    return self.reconnect()
  File "/usr/local/lib/python3.8/dist-packages/paho/mqtt/client.py", line 1598, in reconnect
    self._sock = self._create_socket()
  File "/usr/local/lib/python3.8/dist-packages/paho/mqtt/client.py", line 4609, in _create_socket
    sock = self._create_socket_connection()
  File "/usr/local/lib/python3.8/dist-packages/paho/mqtt/client.py", line 4640, in _create_socket_connection
    return socket.create_connection(addr, timeout=self._connect_timeout, source_address=source)
  File "/usr/lib/python3.8/socket.py", line 808, in create_connection
    raise err
  File "/usr/lib/python3.8/socket.py", line 796, in create_connection
    sock.connect(sa)
socket.timeout: timed out
2026-06-05 10:40:28,832 - ERROR - Erro durante a execução
Traceback (most recent call last):
  File "fot_devices/main_n.py", line 144, in <module>
    sub_client.connect(mqttBroker, mqttPort, 60)
  File "/usr/local/lib/python3.8/dist-packages/paho/mqtt/client.py", line 1435, in connect
    return self.reconnect()
  File "/usr/local/lib/python3.8/dist-packages/paho/mqtt/client.py", line 1598, in reconnect
    self._sock = self._create_socket()
  File "/usr/local/lib/python3.8/dist-packages/paho/mqtt/client.py", line 4609, in _create_socket
    sock = self._create_socket_connection()
  File "/usr/local/lib/python3.8/dist-packages/paho/mqtt/client.py", line 4640, in _create_socket_connection
    return socket.create_connection(addr, timeout=self._connect_timeout, source_address=source)
  File "/usr/lib/python3.8/socket.py", line 808, in create_connection
    raise err
  File "/usr/lib/python3.8/socket.py", line 796, in create_connection
    sock.connect(sa)
OSError: [Errno 113] No route to host
2026-06-05 10:40:29,073 - ERROR - Erro durante a execução
Traceback (most recent call last):
  File "fot_devices/main_n.py", line 144, in <module>
    sub_client.connect(mqttBroker, mqttPort, 60)
  File "/usr/local/lib/python3.8/dist-packages/paho/mqtt/client.py", line 1435, in connect
    return self.reconnect()
  File "/usr/local/lib/python3.8/dist-packages/paho/mqtt/client.py", line 1598, in reconnect
    self._sock = self._create_socket()
  File "/usr/local/lib/python3.8/dist-packages/paho/mqtt/client.py", line 4609, in _create_socket
    sock = self._create_socket_connection()
  File "/usr/local/lib/python3.8/dist-packages/paho/mqtt/client.py", line 4640, in _create_socket_connection
    return socket.create_connection(addr, timeout=self._connect_timeout, source_address=source)
  File "/usr/lib/python3.8/socket.py", line 808, in create_connection
    raise err
  File "/usr/lib/python3.8/socket.py", line 796, in create_connection
    sock.connect(sa)
socket.timeout: timed out
2026-06-05 10:40:29,701 - ERROR - Erro durante a execução
Traceback (most recent call last):
  File "fot_devices/main_n.py", line 144, in <module>
    sub_client.connect(mqttBroker, mqttPort, 60)
  File "/usr/local/lib/python3.8/dist-packages/paho/mqtt/client.py", line 1435, in connect
    return self.reconnect()
  File "/usr/local/lib/python3.8/dist-packages/paho/mqtt/client.py", line 1598, in reconnect
    self._sock = self._create_socket()
  File "/usr/local/lib/python3.8/dist-packages/paho/mqtt/client.py", line 4609, in _create_socket
    sock = self._create_socket_connection()
  File "/usr/local/lib/python3.8/dist-packages/paho/mqtt/client.py", line 4640, in _create_socket_connection
    return socket.create_connection(addr, timeout=self._connect_timeout, source_address=source)
  File "/usr/lib/python3.8/socket.py", line 808, in create_connection
    raise err
  File "/usr/lib/python3.8/socket.py", line 796, in create_connection
    sock.connect(sa)
OSError: [Errno 113] No route to host
2026-06-05 10:40:30,720 - ERROR - Erro durante a execução
Traceback (most recent call last):
  File "fot_devices/main_n.py", line 144, in <module>
    sub_client.connect(mqttBroker, mqttPort, 60)
  File "/usr/local/lib/python3.8/dist-packages/paho/mqtt/client.py", line 1435, in connect
    return self.reconnect()
  File "/usr/local/lib/python3.8/dist-packages/paho/mqtt/client.py", line 1598, in reconnect
    self._sock = self._create_socket()
  File "/usr/local/lib/python3.8/dist-packages/paho/mqtt/client.py", line 4609, in _create_socket
    sock = self._create_socket_connection()
  File "/usr/local/lib/python3.8/dist-packages/paho/mqtt/client.py", line 4640, in _create_socket_connection
    return socket.create_connection(addr, timeout=self._connect_timeout, source_address=source)
  File "/usr/lib/python3.8/socket.py", line 808, in create_connection
    raise err
  File "/usr/lib/python3.8/socket.py", line 796, in create_connection
    sock.connect(sa)
OSError: [Errno 113] No route to host
2026-06-05 10:40:31,378 - ERROR - Erro durante a execução
Traceback (most recent call last):
  File "fot_devices/main_n.py", line 144, in <module>
    sub_client.connect(mqttBroker, mqttPort, 60)
  File "/usr/local/lib/python3.8/dist-packages/paho/mqtt/client.py", line 1435, in connect
    return self.reconnect()
  File "/usr/local/lib/python3.8/dist-packages/paho/mqtt/client.py", line 1598, in reconnect
    self._sock = self._create_socket()
  File "/usr/local/lib/python3.8/dist-packages/paho/mqtt/client.py", line 4609, in _create_socket
    sock = self._create_socket_connection()
  File "/usr/local/lib/python3.8/dist-packages/paho/mqtt/client.py", line 4640, in _create_socket_connection
    return socket.create_connection(addr, timeout=self._connect_timeout, source_address=source)
  File "/usr/lib/python3.8/socket.py", line 808, in create_connection
    raise err
  File "/usr/lib/python3.8/socket.py", line 796, in create_connection
    sock.connect(sa)
OSError: [Errno 113] No route to host
2026-06-05 10:40:32,801 - ERROR - Erro durante a execução
Traceback (most recent call last):
  File "fot_devices/main_n.py", line 144, in <module>
    sub_client.connect(mqttBroker, mqttPort, 60)
  File "/usr/local/lib/python3.8/dist-packages/paho/mqtt/client.py", line 1435, in connect
    return self.reconnect()
  File "/usr/local/lib/python3.8/dist-packages/paho/mqtt/client.py", line 1598, in reconnect
    self._sock = self._create_socket()
  File "/usr/local/lib/python3.8/dist-packages/paho/mqtt/client.py", line 4609, in _create_socket
    sock = self._create_socket_connection()
  File "/usr/local/lib/python3.8/dist-packages/paho/mqtt/client.py", line 4640, in _create_socket_connection
    return socket.create_connection(addr, timeout=self._connect_timeout, source_address=source)
  File "/usr/lib/python3.8/socket.py", line 808, in create_connection
    raise err
  File "/usr/lib/python3.8/socket.py", line 796, in create_connection
    sock.connect(sa)
OSError: [Errno 113] No route to host
2026-06-05 10:40:33,839 - ERROR - Erro durante a execução
Traceback (most recent call last):
  File "fot_devices/main_n.py", line 144, in <module>
    sub_client.connect(mqttBroker, mqttPort, 60)
  File "/usr/local/lib/python3.8/dist-packages/paho/mqtt/client.py", line 1435, in connect
    return self.reconnect()
  File "/usr/local/lib/python3.8/dist-packages/paho/mqtt/client.py", line 1598, in reconnect
    self._sock = self._create_socket()
  File "/usr/local/lib/python3.8/dist-packages/paho/mqtt/client.py", line 4609, in _create_socket
    sock = self._create_socket_connection()
  File "/usr/local/lib/python3.8/dist-packages/paho/mqtt/client.py", line 4640, in _create_socket_connection
    return socket.create_connection(addr, timeout=self._connect_timeout, source_address=source)
  File "/usr/lib/python3.8/socket.py", line 808, in create_connection
    raise err
  File "/usr/lib/python3.8/socket.py", line 796, in create_connection
    sock.connect(sa)
OSError: [Errno 113] No route to host
2026-06-05 10:40:34,078 - ERROR - Erro durante a execução
Traceback (most recent call last):
  File "fot_devices/main_n.py", line 144, in <module>
    sub_client.connect(mqttBroker, mqttPort, 60)
  File "/usr/local/lib/python3.8/dist-packages/paho/mqtt/client.py", line 1435, in connect
    return self.reconnect()
  File "/usr/local/lib/python3.8/dist-packages/paho/mqtt/client.py", line 1598, in reconnect
    self._sock = self._create_socket()
  File "/usr/local/lib/python3.8/dist-packages/paho/mqtt/client.py", line 4609, in _create_socket
    sock = self._create_socket_connection()
  File "/usr/local/lib/python3.8/dist-packages/paho/mqtt/client.py", line 4640, in _create_socket_connection
    return socket.create_connection(addr, timeout=self._connect_timeout, source_address=source)
  File "/usr/lib/python3.8/socket.py", line 808, in create_connection
    raise err
  File "/usr/lib/python3.8/socket.py", line 796, in create_connection
    sock.connect(sa)
socket.timeout: timed out
2026-06-05 10:40:34,704 - ERROR - Erro durante a execução
Traceback (most recent call last):
  File "fot_devices/main_n.py", line 144, in <module>
    sub_client.connect(mqttBroker, mqttPort, 60)
  File "/usr/local/lib/python3.8/dist-packages/paho/mqtt/client.py", line 1435, in connect
    return self.reconnect()
  File "/usr/local/lib/python3.8/dist-packages/paho/mqtt/client.py", line 1598, in reconnect
    self._sock = self._create_socket()
  File "/usr/local/lib/python3.8/dist-packages/paho/mqtt/client.py", line 4609, in _create_socket
    sock = self._create_socket_connection()
  File "/usr/local/lib/python3.8/dist-packages/paho/mqtt/client.py", line 4640, in _create_socket_connection
    return socket.create_connection(addr, timeout=self._connect_timeout, source_address=source)
  File "/usr/lib/python3.8/socket.py", line 808, in create_connection
    raise err
  File "/usr/lib/python3.8/socket.py", line 796, in create_connection
    sock.connect(sa)
OSError: [Errno 113] No route to host
2026-06-05 10:40:35,724 - ERROR - Erro durante a execução
Traceback (most recent call last):
  File "fot_devices/main_n.py", line 144, in <module>
    sub_client.connect(mqttBroker, mqttPort, 60)
  File "/usr/local/lib/python3.8/dist-packages/paho/mqtt/client.py", line 1435, in connect
    return self.reconnect()
  File "/usr/local/lib/python3.8/dist-packages/paho/mqtt/client.py", line 1598, in reconnect
    self._sock = self._create_socket()
  File "/usr/local/lib/python3.8/dist-packages/paho/mqtt/client.py", line 4609, in _create_socket
    sock = self._create_socket_connection()
  File "/usr/local/lib/python3.8/dist-packages/paho/mqtt/client.py", line 4640, in _create_socket_connection
    return socket.create_connection(addr, timeout=self._connect_timeout, source_address=source)
  File "/usr/lib/python3.8/socket.py", line 808, in create_connection
    raise err
  File "/usr/lib/python3.8/socket.py", line 796, in create_connection
    sock.connect(sa)
OSError: [Errno 113] No route to host
2026-06-05 10:40:36,395 - ERROR - Erro durante a execução
Traceback (most recent call last):
  File "fot_devices/main_n.py", line 144, in <module>
    sub_client.connect(mqttBroker, mqttPort, 60)
  File "/usr/local/lib/python3.8/dist-packages/paho/mqtt/client.py", line 1435, in connect
    return self.reconnect()
  File "/usr/local/lib/python3.8/dist-packages/paho/mqtt/client.py", line 1598, in reconnect
    self._sock = self._create_socket()
  File "/usr/local/lib/python3.8/dist-packages/paho/mqtt/client.py", line 4609, in _create_socket
    sock = self._create_socket_connection()
  File "/usr/local/lib/python3.8/dist-packages/paho/mqtt/client.py", line 4640, in _create_socket_connection
    return socket.create_connection(addr, timeout=self._connect_timeout, source_address=source)
  File "/usr/lib/python3.8/socket.py", line 808, in create_connection
    raise err
  File "/usr/lib/python3.8/socket.py", line 796, in create_connection
    sock.connect(sa)
OSError: [Errno 113] No route to host
2026-06-05 10:40:37,823 - ERROR - Erro durante a execução
Traceback (most recent call last):
  File "fot_devices/main_n.py", line 144, in <module>
    sub_client.connect(mqttBroker, mqttPort, 60)
  File "/usr/local/lib/python3.8/dist-packages/paho/mqtt/client.py", line 1435, in connect
    return self.reconnect()
  File "/usr/local/lib/python3.8/dist-packages/paho/mqtt/client.py", line 1598, in reconnect
    self._sock = self._create_socket()
  File "/usr/local/lib/python3.8/dist-packages/paho/mqtt/client.py", line 4609, in _create_socket
    sock = self._create_socket_connection()
  File "/usr/local/lib/python3.8/dist-packages/paho/mqtt/client.py", line 4640, in _create_socket_connection
    return socket.create_connection(addr, timeout=self._connect_timeout, source_address=source)
  File "/usr/lib/python3.8/socket.py", line 808, in create_connection
    raise err
  File "/usr/lib/python3.8/socket.py", line 796, in create_connection
    sock.connect(sa)
OSError: [Errno 113] No route to host
2026-06-05 10:40:37,938 - ERROR - Erro durante a execução
Traceback (most recent call last):
  File "fot_devices/main_n.py", line 144, in <module>
    sub_client.connect(mqttBroker, mqttPort, 60)
  File "/usr/local/lib/python3.8/dist-packages/paho/mqtt/client.py", line 1435, in connect
    return self.reconnect()
  File "/usr/local/lib/python3.8/dist-packages/paho/mqtt/client.py", line 1598, in reconnect
    self._sock = self._create_socket()
  File "/usr/local/lib/python3.8/dist-packages/paho/mqtt/client.py", line 4609, in _create_socket
    sock = self._create_socket_connection()
  File "/usr/local/lib/python3.8/dist-packages/paho/mqtt/client.py", line 4640, in _create_socket_connection
    return socket.create_connection(addr, timeout=self._connect_timeout, source_address=source)
  File "/usr/lib/python3.8/socket.py", line 808, in create_connection
    raise err
  File "/usr/lib/python3.8/socket.py", line 796, in create_connection
    sock.connect(sa)
socket.timeout: timed out
2026-06-05 10:40:38,846 - ERROR - Erro durante a execução
Traceback (most recent call last):
  File "fot_devices/main_n.py", line 144, in <module>
    sub_client.connect(mqttBroker, mqttPort, 60)
  File "/usr/local/lib/python3.8/dist-packages/paho/mqtt/client.py", line 1435, in connect
    return self.reconnect()
  File "/usr/local/lib/python3.8/dist-packages/paho/mqtt/client.py", line 1598, in reconnect
    self._sock = self._create_socket()
  File "/usr/local/lib/python3.8/dist-packages/paho/mqtt/client.py", line 4609, in _create_socket
    sock = self._create_socket_connection()
  File "/usr/local/lib/python3.8/dist-packages/paho/mqtt/client.py", line 4640, in _create_socket_connection
    return socket.create_connection(addr, timeout=self._connect_timeout, source_address=source)
  File "/usr/lib/python3.8/socket.py", line 808, in create_connection
    raise err
  File "/usr/lib/python3.8/socket.py", line 796, in create_connection
    sock.connect(sa)
OSError: [Errno 113] No route to host
2026-06-05 10:40:39,085 - ERROR - Erro durante a execução
Traceback (most recent call last):
  File "fot_devices/main_n.py", line 144, in <module>
    sub_client.connect(mqttBroker, mqttPort, 60)
  File "/usr/local/lib/python3.8/dist-packages/paho/mqtt/client.py", line 1435, in connect
    return self.reconnect()
  File "/usr/local/lib/python3.8/dist-packages/paho/mqtt/client.py", line 1598, in reconnect
    self._sock = self._create_socket()
  File "/usr/local/lib/python3.8/dist-packages/paho/mqtt/client.py", line 4609, in _create_socket
    sock = self._create_socket_connection()
  File "/usr/local/lib/python3.8/dist-packages/paho/mqtt/client.py", line 4640, in _create_socket_connection
    return socket.create_connection(addr, timeout=self._connect_timeout, source_address=source)
  File "/usr/lib/python3.8/socket.py", line 808, in create_connection
    raise err
  File "/usr/lib/python3.8/socket.py", line 796, in create_connection
    sock.connect(sa)
socket.timeout: timed out
2026-06-05 10:40:39,759 - ERROR - Erro durante a execução
Traceback (most recent call last):
  File "fot_devices/main_n.py", line 144, in <module>
    sub_client.connect(mqttBroker, mqttPort, 60)
  File "/usr/local/lib/python3.8/dist-packages/paho/mqtt/client.py", line 1435, in connect
    return self.reconnect()
  File "/usr/local/lib/python3.8/dist-packages/paho/mqtt/client.py", line 1598, in reconnect
    self._sock = self._create_socket()
  File "/usr/local/lib/python3.8/dist-packages/paho/mqtt/client.py", line 4609, in _create_socket
    sock = self._create_socket_connection()
  File "/usr/local/lib/python3.8/dist-packages/paho/mqtt/client.py", line 4640, in _create_socket_connection
    return socket.create_connection(addr, timeout=self._connect_timeout, source_address=source)
  File "/usr/lib/python3.8/socket.py", line 808, in create_connection
    raise err
  File "/usr/lib/python3.8/socket.py", line 796, in create_connection
    sock.connect(sa)
OSError: [Errno 113] No route to host
2026-06-05 10:40:40,752 - ERROR - Erro durante a execução
Traceback (most recent call last):
  File "fot_devices/main_n.py", line 144, in <module>
    sub_client.connect(mqttBroker, mqttPort, 60)
  File "/usr/local/lib/python3.8/dist-packages/paho/mqtt/client.py", line 1435, in connect
    return self.reconnect()
  File "/usr/local/lib/python3.8/dist-packages/paho/mqtt/client.py", line 1598, in reconnect
    self._sock = self._create_socket()
  File "/usr/local/lib/python3.8/dist-packages/paho/mqtt/client.py", line 4609, in _create_socket
    sock = self._create_socket_connection()
  File "/usr/local/lib/python3.8/dist-packages/paho/mqtt/client.py", line 4640, in _create_socket_connection
    return socket.create_connection(addr, timeout=self._connect_timeout, source_address=source)
  File "/usr/lib/python3.8/socket.py", line 808, in create_connection
    raise err
  File "/usr/lib/python3.8/socket.py", line 796, in create_connection
    sock.connect(sa)
OSError: [Errno 113] No route to host
2026-06-05 10:40:41,402 - ERROR - Erro durante a execução
Traceback (most recent call last):
  File "fot_devices/main_n.py", line 144, in <module>
    sub_client.connect(mqttBroker, mqttPort, 60)
  File "/usr/local/lib/python3.8/dist-packages/paho/mqtt/client.py", line 1435, in connect
    return self.reconnect()
  File "/usr/local/lib/python3.8/dist-packages/paho/mqtt/client.py", line 1598, in reconnect
    self._sock = self._create_socket()
  File "/usr/local/lib/python3.8/dist-packages/paho/mqtt/client.py", line 4609, in _create_socket
    sock = self._create_socket_connection()
  File "/usr/local/lib/python3.8/dist-packages/paho/mqtt/client.py", line 4640, in _create_socket_connection
    return socket.create_connection(addr, timeout=self._connect_timeout, source_address=source)
  File "/usr/lib/python3.8/socket.py", line 808, in create_connection
    raise err
  File "/usr/lib/python3.8/socket.py", line 796, in create_connection
    sock.connect(sa)
OSError: [Errno 113] No route to host
2026-06-05 10:40:42,501 - ERROR - Erro durante a execução
Traceback (most recent call last):
  File "fot_devices/main_n.py", line 144, in <module>
    sub_client.connect(mqttBroker, mqttPort, 60)
  File "/usr/local/lib/python3.8/dist-packages/paho/mqtt/client.py", line 1435, in connect
    return self.reconnect()
  File "/usr/local/lib/python3.8/dist-packages/paho/mqtt/client.py", line 1598, in reconnect
    self._sock = self._create_socket()
  File "/usr/local/lib/python3.8/dist-packages/paho/mqtt/client.py", line 4609, in _create_socket
    sock = self._create_socket_connection()
  File "/usr/local/lib/python3.8/dist-packages/paho/mqtt/client.py", line 4640, in _create_socket_connection
    return socket.create_connection(addr, timeout=self._connect_timeout, source_address=source)
  File "/usr/lib/python3.8/socket.py", line 808, in create_connection
    raise err
  File "/usr/lib/python3.8/socket.py", line 796, in create_connection
    sock.connect(sa)
OSError: [Errno 113] No route to host
2026-06-05 10:40:43,847 - ERROR - Erro durante a execução
Traceback (most recent call last):
  File "fot_devices/main_n.py", line 144, in <module>
    sub_client.connect(mqttBroker, mqttPort, 60)
  File "/usr/local/lib/python3.8/dist-packages/paho/mqtt/client.py", line 1435, in connect
    return self.reconnect()
  File "/usr/local/lib/python3.8/dist-packages/paho/mqtt/client.py", line 1598, in reconnect
    self._sock = self._create_socket()
  File "/usr/local/lib/python3.8/dist-packages/paho/mqtt/client.py", line 4609, in _create_socket
    sock = self._create_socket_connection()
  File "/usr/local/lib/python3.8/dist-packages/paho/mqtt/client.py", line 4640, in _create_socket_connection
    return socket.create_connection(addr, timeout=self._connect_timeout, source_address=source)
  File "/usr/lib/python3.8/socket.py", line 808, in create_connection
    raise err
  File "/usr/lib/python3.8/socket.py", line 796, in create_connection
    sock.connect(sa)
OSError: [Errno 113] No route to host
2026-06-05 10:40:44,790 - ERROR - Erro durante a execução
Traceback (most recent call last):
  File "fot_devices/main_n.py", line 144, in <module>
    sub_client.connect(mqttBroker, mqttPort, 60)
  File "/usr/local/lib/python3.8/dist-packages/paho/mqtt/client.py", line 1435, in connect
    return self.reconnect()
  File "/usr/local/lib/python3.8/dist-packages/paho/mqtt/client.py", line 1598, in reconnect
    self._sock = self._create_socket()
  File "/usr/local/lib/python3.8/dist-packages/paho/mqtt/client.py", line 4609, in _create_socket
    sock = self._create_socket_connection()
  File "/usr/local/lib/python3.8/dist-packages/paho/mqtt/client.py", line 4640, in _create_socket_connection
    return socket.create_connection(addr, timeout=self._connect_timeout, source_address=source)
  File "/usr/lib/python3.8/socket.py", line 808, in create_connection
    raise err
  File "/usr/lib/python3.8/socket.py", line 796, in create_connection
    sock.connect(sa)
OSError: [Errno 113] No route to host
2026-06-05 10:40:45,797 - ERROR - Erro durante a execução
Traceback (most recent call last):
  File "fot_devices/main_n.py", line 144, in <module>
    sub_client.connect(mqttBroker, mqttPort, 60)
  File "/usr/local/lib/python3.8/dist-packages/paho/mqtt/client.py", line 1435, in connect
    return self.reconnect()
  File "/usr/local/lib/python3.8/dist-packages/paho/mqtt/client.py", line 1598, in reconnect
    self._sock = self._create_socket()
  File "/usr/local/lib/python3.8/dist-packages/paho/mqtt/client.py", line 4609, in _create_socket
    sock = self._create_socket_connection()
  File "/usr/local/lib/python3.8/dist-packages/paho/mqtt/client.py", line 4640, in _create_socket_connection
    return socket.create_connection(addr, timeout=self._connect_timeout, source_address=source)
  File "/usr/lib/python3.8/socket.py", line 808, in create_connection
    raise err
  File "/usr/lib/python3.8/socket.py", line 796, in create_connection
    sock.connect(sa)
OSError: [Errno 113] No route to host
2026-06-05 10:40:46,428 - ERROR - Erro durante a execução
Traceback (most recent call last):
  File "fot_devices/main_n.py", line 144, in <module>
    sub_client.connect(mqttBroker, mqttPort, 60)
  File "/usr/local/lib/python3.8/dist-packages/paho/mqtt/client.py", line 1435, in connect
    return self.reconnect()
  File "/usr/local/lib/python3.8/dist-packages/paho/mqtt/client.py", line 1598, in reconnect
    self._sock = self._create_socket()
  File "/usr/local/lib/python3.8/dist-packages/paho/mqtt/client.py", line 4609, in _create_socket
    sock = self._create_socket_connection()
  File "/usr/local/lib/python3.8/dist-packages/paho/mqtt/client.py", line 4640, in _create_socket_connection
    return socket.create_connection(addr, timeout=self._connect_timeout, source_address=source)
  File "/usr/lib/python3.8/socket.py", line 808, in create_connection
    raise err
  File "/usr/lib/python3.8/socket.py", line 796, in create_connection
    sock.connect(sa)
OSError: [Errno 113] No route to host
2026-06-05 10:40:47,621 - ERROR - Erro durante a execução
Traceback (most recent call last):
  File "fot_devices/main_n.py", line 144, in <module>
    sub_client.connect(mqttBroker, mqttPort, 60)
  File "/usr/local/lib/python3.8/dist-packages/paho/mqtt/client.py", line 1435, in connect
    return self.reconnect()
  File "/usr/local/lib/python3.8/dist-packages/paho/mqtt/client.py", line 1598, in reconnect
    self._sock = self._create_socket()
  File "/usr/local/lib/python3.8/dist-packages/paho/mqtt/client.py", line 4609, in _create_socket
    sock = self._create_socket_connection()
  File "/usr/local/lib/python3.8/dist-packages/paho/mqtt/client.py", line 4640, in _create_socket_connection
    return socket.create_connection(addr, timeout=self._connect_timeout, source_address=source)
  File "/usr/lib/python3.8/socket.py", line 808, in create_connection
    raise err
  File "/usr/lib/python3.8/socket.py", line 796, in create_connection
    sock.connect(sa)
OSError: [Errno 113] No route to host
2026-06-05 10:40:48,294 - ERROR - Erro durante a execução
Traceback (most recent call last):
  File "fot_devices/main_n.py", line 144, in <module>
    sub_client.connect(mqttBroker, mqttPort, 60)
  File "/usr/local/lib/python3.8/dist-packages/paho/mqtt/client.py", line 1435, in connect
    return self.reconnect()
  File "/usr/local/lib/python3.8/dist-packages/paho/mqtt/client.py", line 1598, in reconnect
    self._sock = self._create_socket()
  File "/usr/local/lib/python3.8/dist-packages/paho/mqtt/client.py", line 4609, in _create_socket
    sock = self._create_socket_connection()
  File "/usr/local/lib/python3.8/dist-packages/paho/mqtt/client.py", line 4640, in _create_socket_connection
    return socket.create_connection(addr, timeout=self._connect_timeout, source_address=source)
  File "/usr/lib/python3.8/socket.py", line 808, in create_connection
    raise err
  File "/usr/lib/python3.8/socket.py", line 796, in create_connection
    sock.connect(sa)
socket.timeout: timed out
2026-06-05 10:40:48,855 - ERROR - Erro durante a execução
Traceback (most recent call last):
  File "fot_devices/main_n.py", line 144, in <module>
    sub_client.connect(mqttBroker, mqttPort, 60)
  File "/usr/local/lib/python3.8/dist-packages/paho/mqtt/client.py", line 1435, in connect
    return self.reconnect()
  File "/usr/local/lib/python3.8/dist-packages/paho/mqtt/client.py", line 1598, in reconnect
    self._sock = self._create_socket()
  File "/usr/local/lib/python3.8/dist-packages/paho/mqtt/client.py", line 4609, in _create_socket
    sock = self._create_socket_connection()
  File "/usr/local/lib/python3.8/dist-packages/paho/mqtt/client.py", line 4640, in _create_socket_connection
    return socket.create_connection(addr, timeout=self._connect_timeout, source_address=source)
  File "/usr/lib/python3.8/socket.py", line 808, in create_connection
    raise err
  File "/usr/lib/python3.8/socket.py", line 796, in create_connection
    sock.connect(sa)
socket.timeout: timed out
2026-06-05 10:40:48,856 - ERROR - Erro durante a execução
Traceback (most recent call last):
  File "fot_devices/main_n.py", line 144, in <module>
    sub_client.connect(mqttBroker, mqttPort, 60)
  File "/usr/local/lib/python3.8/dist-packages/paho/mqtt/client.py", line 1435, in connect
    return self.reconnect()
  File "/usr/local/lib/python3.8/dist-packages/paho/mqtt/client.py", line 1598, in reconnect
    self._sock = self._create_socket()
  File "/usr/local/lib/python3.8/dist-packages/paho/mqtt/client.py", line 4609, in _create_socket
    sock = self._create_socket_connection()
  File "/usr/local/lib/python3.8/dist-packages/paho/mqtt/client.py", line 4640, in _create_socket_connection
    return socket.create_connection(addr, timeout=self._connect_timeout, source_address=source)
  File "/usr/lib/python3.8/socket.py", line 808, in create_connection
    raise err
  File "/usr/lib/python3.8/socket.py", line 796, in create_connection
    sock.connect(sa)
OSError: [Errno 113] No route to host
2026-06-05 10:40:49,151 - ERROR - Erro durante a execução
Traceback (most recent call last):
  File "fot_devices/main_n.py", line 144, in <module>
    sub_client.connect(mqttBroker, mqttPort, 60)
  File "/usr/local/lib/python3.8/dist-packages/paho/mqtt/client.py", line 1435, in connect
    return self.reconnect()
  File "/usr/local/lib/python3.8/dist-packages/paho/mqtt/client.py", line 1598, in reconnect
    self._sock = self._create_socket()
  File "/usr/local/lib/python3.8/dist-packages/paho/mqtt/client.py", line 4609, in _create_socket
    sock = self._create_socket_connection()
  File "/usr/local/lib/python3.8/dist-packages/paho/mqtt/client.py", line 4640, in _create_socket_connection
    return socket.create_connection(addr, timeout=self._connect_timeout, source_address=source)
  File "/usr/lib/python3.8/socket.py", line 808, in create_connection
    raise err
  File "/usr/lib/python3.8/socket.py", line 796, in create_connection
    sock.connect(sa)
socket.timeout: timed out
2026-06-05 10:40:49,834 - ERROR - Erro durante a execução
Traceback (most recent call last):
  File "fot_devices/main_n.py", line 144, in <module>
    sub_client.connect(mqttBroker, mqttPort, 60)
  File "/usr/local/lib/python3.8/dist-packages/paho/mqtt/client.py", line 1435, in connect
    return self.reconnect()
  File "/usr/local/lib/python3.8/dist-packages/paho/mqtt/client.py", line 1598, in reconnect
    self._sock = self._create_socket()
  File "/usr/local/lib/python3.8/dist-packages/paho/mqtt/client.py", line 4609, in _create_socket
    sock = self._create_socket_connection()
  File "/usr/local/lib/python3.8/dist-packages/paho/mqtt/client.py", line 4640, in _create_socket_connection
    return socket.create_connection(addr, timeout=self._connect_timeout, source_address=source)
  File "/usr/lib/python3.8/socket.py", line 808, in create_connection
    raise err
  File "/usr/lib/python3.8/socket.py", line 796, in create_connection
    sock.connect(sa)
OSError: [Errno 113] No route to host
2026-06-05 10:40:50,800 - ERROR - Erro durante a execução
Traceback (most recent call last):
  File "fot_devices/main_n.py", line 144, in <module>
    sub_client.connect(mqttBroker, mqttPort, 60)
  File "/usr/local/lib/python3.8/dist-packages/paho/mqtt/client.py", line 1435, in connect
    return self.reconnect()
  File "/usr/local/lib/python3.8/dist-packages/paho/mqtt/client.py", line 1598, in reconnect
    self._sock = self._create_socket()
  File "/usr/local/lib/python3.8/dist-packages/paho/mqtt/client.py", line 4609, in _create_socket
    sock = self._create_socket_connection()
  File "/usr/local/lib/python3.8/dist-packages/paho/mqtt/client.py", line 4640, in _create_socket_connection
    return socket.create_connection(addr, timeout=self._connect_timeout, source_address=source)
  File "/usr/lib/python3.8/socket.py", line 808, in create_connection
    raise err
  File "/usr/lib/python3.8/socket.py", line 796, in create_connection
    sock.connect(sa)
OSError: [Errno 113] No route to host
2026-06-05 10:40:51,455 - ERROR - Erro durante a execução
Traceback (most recent call last):
  File "fot_devices/main_n.py", line 144, in <module>
    sub_client.connect(mqttBroker, mqttPort, 60)
  File "/usr/local/lib/python3.8/dist-packages/paho/mqtt/client.py", line 1435, in connect
    return self.reconnect()
  File "/usr/local/lib/python3.8/dist-packages/paho/mqtt/client.py", line 1598, in reconnect
    self._sock = self._create_socket()
  File "/usr/local/lib/python3.8/dist-packages/paho/mqtt/client.py", line 4609, in _create_socket
    sock = self._create_socket_connection()
  File "/usr/local/lib/python3.8/dist-packages/paho/mqtt/client.py", line 4640, in _create_socket_connection
    return socket.create_connection(addr, timeout=self._connect_timeout, source_address=source)
  File "/usr/lib/python3.8/socket.py", line 808, in create_connection
    raise err
  File "/usr/lib/python3.8/socket.py", line 796, in create_connection
    sock.connect(sa)
OSError: [Errno 113] No route to host
2026-06-05 10:40:52,626 - ERROR - Erro durante a execução
Traceback (most recent call last):
  File "fot_devices/main_n.py", line 144, in <module>
    sub_client.connect(mqttBroker, mqttPort, 60)
  File "/usr/local/lib/python3.8/dist-packages/paho/mqtt/client.py", line 1435, in connect
    return self.reconnect()
  File "/usr/local/lib/python3.8/dist-packages/paho/mqtt/client.py", line 1598, in reconnect
    self._sock = self._create_socket()
  File "/usr/local/lib/python3.8/dist-packages/paho/mqtt/client.py", line 4609, in _create_socket
    sock = self._create_socket_connection()
  File "/usr/local/lib/python3.8/dist-packages/paho/mqtt/client.py", line 4640, in _create_socket_connection
    return socket.create_connection(addr, timeout=self._connect_timeout, source_address=source)
  File "/usr/lib/python3.8/socket.py", line 808, in create_connection
    raise err
  File "/usr/lib/python3.8/socket.py", line 796, in create_connection
    sock.connect(sa)
OSError: [Errno 113] No route to host
2026-06-05 10:40:53,862 - ERROR - Erro durante a execução
Traceback (most recent call last):
  File "fot_devices/main_n.py", line 144, in <module>
    sub_client.connect(mqttBroker, mqttPort, 60)
  File "/usr/local/lib/python3.8/dist-packages/paho/mqtt/client.py", line 1435, in connect
    return self.reconnect()
  File "/usr/local/lib/python3.8/dist-packages/paho/mqtt/client.py", line 1598, in reconnect
    self._sock = self._create_socket()
  File "/usr/local/lib/python3.8/dist-packages/paho/mqtt/client.py", line 4609, in _create_socket
    sock = self._create_socket_connection()
  File "/usr/local/lib/python3.8/dist-packages/paho/mqtt/client.py", line 4640, in _create_socket_connection
    return socket.create_connection(addr, timeout=self._connect_timeout, source_address=source)
  File "/usr/lib/python3.8/socket.py", line 808, in create_connection
    raise err
  File "/usr/lib/python3.8/socket.py", line 796, in create_connection
    sock.connect(sa)
OSError: [Errno 113] No route to host
2026-06-05 10:40:54,885 - ERROR - Erro durante a execução
Traceback (most recent call last):
  File "fot_devices/main_n.py", line 144, in <module>
    sub_client.connect(mqttBroker, mqttPort, 60)
  File "/usr/local/lib/python3.8/dist-packages/paho/mqtt/client.py", line 1435, in connect
    return self.reconnect()
  File "/usr/local/lib/python3.8/dist-packages/paho/mqtt/client.py", line 1598, in reconnect
    self._sock = self._create_socket()
  File "/usr/local/lib/python3.8/dist-packages/paho/mqtt/client.py", line 4609, in _create_socket
    sock = self._create_socket_connection()
  File "/usr/local/lib/python3.8/dist-packages/paho/mqtt/client.py", line 4640, in _create_socket_connection
    return socket.create_connection(addr, timeout=self._connect_timeout, source_address=source)
  File "/usr/lib/python3.8/socket.py", line 808, in create_connection
    raise err
  File "/usr/lib/python3.8/socket.py", line 796, in create_connection
    sock.connect(sa)
OSError: [Errno 113] No route to host
2026-06-05 10:40:55,807 - ERROR - Erro durante a execução
Traceback (most recent call last):
  File "fot_devices/main_n.py", line 144, in <module>
    sub_client.connect(mqttBroker, mqttPort, 60)
  File "/usr/local/lib/python3.8/dist-packages/paho/mqtt/client.py", line 1435, in connect
    return self.reconnect()
  File "/usr/local/lib/python3.8/dist-packages/paho/mqtt/client.py", line 1598, in reconnect
    self._sock = self._create_socket()
  File "/usr/local/lib/python3.8/dist-packages/paho/mqtt/client.py", line 4609, in _create_socket
    sock = self._create_socket_connection()
  File "/usr/local/lib/python3.8/dist-packages/paho/mqtt/client.py", line 4640, in _create_socket_connection
    return socket.create_connection(addr, timeout=self._connect_timeout, source_address=source)
  File "/usr/lib/python3.8/socket.py", line 808, in create_connection
    raise err
  File "/usr/lib/python3.8/socket.py", line 796, in create_connection
    sock.connect(sa)
OSError: [Errno 113] No route to host
2026-06-05 10:40:56,389 - ERROR - Erro durante a execução
Traceback (most recent call last):
  File "fot_devices/main_n.py", line 144, in <module>
    sub_client.connect(mqttBroker, mqttPort, 60)
  File "/usr/local/lib/python3.8/dist-packages/paho/mqtt/client.py", line 1435, in connect
    return self.reconnect()
  File "/usr/local/lib/python3.8/dist-packages/paho/mqtt/client.py", line 1598, in reconnect
    self._sock = self._create_socket()
  File "/usr/local/lib/python3.8/dist-packages/paho/mqtt/client.py", line 4609, in _create_socket
    sock = self._create_socket_connection()
  File "/usr/local/lib/python3.8/dist-packages/paho/mqtt/client.py", line 4640, in _create_socket_connection
    return socket.create_connection(addr, timeout=self._connect_timeout, source_address=source)
  File "/usr/lib/python3.8/socket.py", line 808, in create_connection
    raise err
  File "/usr/lib/python3.8/socket.py", line 796, in create_connection
    sock.connect(sa)
OSError: [Errno 113] No route to host
2026-06-05 10:40:57,476 - ERROR - Erro durante a execução
Traceback (most recent call last):
  File "fot_devices/main_n.py", line 144, in <module>
    sub_client.connect(mqttBroker, mqttPort, 60)
  File "/usr/local/lib/python3.8/dist-packages/paho/mqtt/client.py", line 1435, in connect
    return self.reconnect()
  File "/usr/local/lib/python3.8/dist-packages/paho/mqtt/client.py", line 1598, in reconnect
    self._sock = self._create_socket()
  File "/usr/local/lib/python3.8/dist-packages/paho/mqtt/client.py", line 4609, in _create_socket
    sock = self._create_socket_connection()
  File "/usr/local/lib/python3.8/dist-packages/paho/mqtt/client.py", line 4640, in _create_socket_connection
    return socket.create_connection(addr, timeout=self._connect_timeout, source_address=source)
  File "/usr/lib/python3.8/socket.py", line 808, in create_connection
    raise err
  File "/usr/lib/python3.8/socket.py", line 796, in create_connection
    sock.connect(sa)
OSError: [Errno 113] No route to host
2026-06-05 10:40:58,660 - ERROR - Erro durante a execução
Traceback (most recent call last):
  File "fot_devices/main_n.py", line 144, in <module>
    sub_client.connect(mqttBroker, mqttPort, 60)
  File "/usr/local/lib/python3.8/dist-packages/paho/mqtt/client.py", line 1435, in connect
    return self.reconnect()
  File "/usr/local/lib/python3.8/dist-packages/paho/mqtt/client.py", line 1598, in reconnect
    self._sock = self._create_socket()
  File "/usr/local/lib/python3.8/dist-packages/paho/mqtt/client.py", line 4609, in _create_socket
    sock = self._create_socket_connection()
  File "/usr/local/lib/python3.8/dist-packages/paho/mqtt/client.py", line 4640, in _create_socket_connection
    return socket.create_connection(addr, timeout=self._connect_timeout, source_address=source)
  File "/usr/lib/python3.8/socket.py", line 808, in create_connection
    raise err
  File "/usr/lib/python3.8/socket.py", line 796, in create_connection
    sock.connect(sa)
OSError: [Errno 113] No route to host
2026-06-05 10:40:58,868 - ERROR - Erro durante a execução
Traceback (most recent call last):
  File "fot_devices/main_n.py", line 144, in <module>
    sub_client.connect(mqttBroker, mqttPort, 60)
  File "/usr/local/lib/python3.8/dist-packages/paho/mqtt/client.py", line 1435, in connect
    return self.reconnect()
  File "/usr/local/lib/python3.8/dist-packages/paho/mqtt/client.py", line 1598, in reconnect
    self._sock = self._create_socket()
  File "/usr/local/lib/python3.8/dist-packages/paho/mqtt/client.py", line 4609, in _create_socket
    sock = self._create_socket_connection()
  File "/usr/local/lib/python3.8/dist-packages/paho/mqtt/client.py", line 4640, in _create_socket_connection
    return socket.create_connection(addr, timeout=self._connect_timeout, source_address=source)
  File "/usr/lib/python3.8/socket.py", line 808, in create_connection
    raise err
  File "/usr/lib/python3.8/socket.py", line 796, in create_connection
    sock.connect(sa)
socket.timeout: timed out
2026-06-05 10:40:59,180 - ERROR - Erro durante a execução
Traceback (most recent call last):
  File "fot_devices/main_n.py", line 144, in <module>
    sub_client.connect(mqttBroker, mqttPort, 60)
  File "/usr/local/lib/python3.8/dist-packages/paho/mqtt/client.py", line 1435, in connect
    return self.reconnect()
  File "/usr/local/lib/python3.8/dist-packages/paho/mqtt/client.py", line 1598, in reconnect
    self._sock = self._create_socket()
  File "/usr/local/lib/python3.8/dist-packages/paho/mqtt/client.py", line 4609, in _create_socket
    sock = self._create_socket_connection()
  File "/usr/local/lib/python3.8/dist-packages/paho/mqtt/client.py", line 4640, in _create_socket_connection
    return socket.create_connection(addr, timeout=self._connect_timeout, source_address=source)
  File "/usr/lib/python3.8/socket.py", line 808, in create_connection
    raise err
  File "/usr/lib/python3.8/socket.py", line 796, in create_connection
    sock.connect(sa)
socket.timeout: timed out
2026-06-05 10:40:59,881 - ERROR - Erro durante a execução
Traceback (most recent call last):
  File "fot_devices/main_n.py", line 144, in <module>
    sub_client.connect(mqttBroker, mqttPort, 60)
  File "/usr/local/lib/python3.8/dist-packages/paho/mqtt/client.py", line 1435, in connect
    return self.reconnect()
  File "/usr/local/lib/python3.8/dist-packages/paho/mqtt/client.py", line 1598, in reconnect
    self._sock = self._create_socket()
  File "/usr/local/lib/python3.8/dist-packages/paho/mqtt/client.py", line 4609, in _create_socket
    sock = self._create_socket_connection()
  File "/usr/local/lib/python3.8/dist-packages/paho/mqtt/client.py", line 4640, in _create_socket_connection
    return socket.create_connection(addr, timeout=self._connect_timeout, source_address=source)
  File "/usr/lib/python3.8/socket.py", line 808, in create_connection
    raise err
  File "/usr/lib/python3.8/socket.py", line 796, in create_connection
    sock.connect(sa)
OSError: [Errno 113] No route to host
2026-06-05 10:41:00,814 - ERROR - Erro durante a execução
Traceback (most recent call last):
  File "fot_devices/main_n.py", line 144, in <module>
    sub_client.connect(mqttBroker, mqttPort, 60)
  File "/usr/local/lib/python3.8/dist-packages/paho/mqtt/client.py", line 1435, in connect
    return self.reconnect()
  File "/usr/local/lib/python3.8/dist-packages/paho/mqtt/client.py", line 1598, in reconnect
    self._sock = self._create_socket()
  File "/usr/local/lib/python3.8/dist-packages/paho/mqtt/client.py", line 4609, in _create_socket
    sock = self._create_socket_connection()
  File "/usr/local/lib/python3.8/dist-packages/paho/mqtt/client.py", line 4640, in _create_socket_connection
    return socket.create_connection(addr, timeout=self._connect_timeout, source_address=source)
  File "/usr/lib/python3.8/socket.py", line 808, in create_connection
    raise err
  File "/usr/lib/python3.8/socket.py", line 796, in create_connection
    sock.connect(sa)
OSError: [Errno 113] No route to host
2026-06-05 10:41:01,428 - ERROR - Erro durante a execução
Traceback (most recent call last):
  File "fot_devices/main_n.py", line 144, in <module>
    sub_client.connect(mqttBroker, mqttPort, 60)
  File "/usr/local/lib/python3.8/dist-packages/paho/mqtt/client.py", line 1435, in connect
    return self.reconnect()
  File "/usr/local/lib/python3.8/dist-packages/paho/mqtt/client.py", line 1598, in reconnect
    self._sock = self._create_socket()
  File "/usr/local/lib/python3.8/dist-packages/paho/mqtt/client.py", line 4609, in _create_socket
    sock = self._create_socket_connection()
  File "/usr/local/lib/python3.8/dist-packages/paho/mqtt/client.py", line 4640, in _create_socket_connection
    return socket.create_connection(addr, timeout=self._connect_timeout, source_address=source)
  File "/usr/lib/python3.8/socket.py", line 808, in create_connection
    raise err
  File "/usr/lib/python3.8/socket.py", line 796, in create_connection
    sock.connect(sa)
OSError: [Errno 113] No route to host
2026-06-05 10:41:02,482 - ERROR - Erro durante a execução
Traceback (most recent call last):
  File "fot_devices/main_n.py", line 144, in <module>
    sub_client.connect(mqttBroker, mqttPort, 60)
  File "/usr/local/lib/python3.8/dist-packages/paho/mqtt/client.py", line 1435, in connect
    return self.reconnect()
  File "/usr/local/lib/python3.8/dist-packages/paho/mqtt/client.py", line 1598, in reconnect
    self._sock = self._create_socket()
  File "/usr/local/lib/python3.8/dist-packages/paho/mqtt/client.py", line 4609, in _create_socket
    sock = self._create_socket_connection()
  File "/usr/local/lib/python3.8/dist-packages/paho/mqtt/client.py", line 4640, in _create_socket_connection
    return socket.create_connection(addr, timeout=self._connect_timeout, source_address=source)
  File "/usr/lib/python3.8/socket.py", line 808, in create_connection
    raise err
  File "/usr/lib/python3.8/socket.py", line 796, in create_connection
    sock.connect(sa)
OSError: [Errno 113] No route to host
2026-06-05 10:41:03,704 - ERROR - Erro durante a execução
Traceback (most recent call last):
  File "fot_devices/main_n.py", line 144, in <module>
    sub_client.connect(mqttBroker, mqttPort, 60)
  File "/usr/local/lib/python3.8/dist-packages/paho/mqtt/client.py", line 1435, in connect
    return self.reconnect()
  File "/usr/local/lib/python3.8/dist-packages/paho/mqtt/client.py", line 1598, in reconnect
    self._sock = self._create_socket()
  File "/usr/local/lib/python3.8/dist-packages/paho/mqtt/client.py", line 4609, in _create_socket
    sock = self._create_socket_connection()
  File "/usr/local/lib/python3.8/dist-packages/paho/mqtt/client.py", line 4640, in _create_socket_connection
    return socket.create_connection(addr, timeout=self._connect_timeout, source_address=source)
  File "/usr/lib/python3.8/socket.py", line 808, in create_connection
    raise err
  File "/usr/lib/python3.8/socket.py", line 796, in create_connection
    sock.connect(sa)
OSError: [Errno 113] No route to host
2026-06-05 10:41:04,901 - ERROR - Erro durante a execução
Traceback (most recent call last):
  File "fot_devices/main_n.py", line 144, in <module>
    sub_client.connect(mqttBroker, mqttPort, 60)
  File "/usr/local/lib/python3.8/dist-packages/paho/mqtt/client.py", line 1435, in connect
    return self.reconnect()
  File "/usr/local/lib/python3.8/dist-packages/paho/mqtt/client.py", line 1598, in reconnect
    self._sock = self._create_socket()
  File "/usr/local/lib/python3.8/dist-packages/paho/mqtt/client.py", line 4609, in _create_socket
    sock = self._create_socket_connection()
  File "/usr/local/lib/python3.8/dist-packages/paho/mqtt/client.py", line 4640, in _create_socket_connection
    return socket.create_connection(addr, timeout=self._connect_timeout, source_address=source)
  File "/usr/lib/python3.8/socket.py", line 808, in create_connection
    raise err
  File "/usr/lib/python3.8/socket.py", line 796, in create_connection
    sock.connect(sa)
socket.timeout: timed out
2026-06-05 10:41:04,902 - ERROR - Erro durante a execução
Traceback (most recent call last):
  File "fot_devices/main_n.py", line 144, in <module>
    sub_client.connect(mqttBroker, mqttPort, 60)
  File "/usr/local/lib/python3.8/dist-packages/paho/mqtt/client.py", line 1435, in connect
    return self.reconnect()
  File "/usr/local/lib/python3.8/dist-packages/paho/mqtt/client.py", line 1598, in reconnect
    self._sock = self._create_socket()
  File "/usr/local/lib/python3.8/dist-packages/paho/mqtt/client.py", line 4609, in _create_socket
    sock = self._create_socket_connection()
  File "/usr/local/lib/python3.8/dist-packages/paho/mqtt/client.py", line 4640, in _create_socket_connection
    return socket.create_connection(addr, timeout=self._connect_timeout, source_address=source)
  File "/usr/lib/python3.8/socket.py", line 808, in create_connection
    raise err
  File "/usr/lib/python3.8/socket.py", line 796, in create_connection
    sock.connect(sa)
OSError: [Errno 113] No route to host
2026-06-05 10:41:05,820 - ERROR - Erro durante a execução
Traceback (most recent call last):
  File "fot_devices/main_n.py", line 144, in <module>
    sub_client.connect(mqttBroker, mqttPort, 60)
  File "/usr/local/lib/python3.8/dist-packages/paho/mqtt/client.py", line 1435, in connect
    return self.reconnect()
  File "/usr/local/lib/python3.8/dist-packages/paho/mqtt/client.py", line 1598, in reconnect
    self._sock = self._create_socket()
  File "/usr/local/lib/python3.8/dist-packages/paho/mqtt/client.py", line 4609, in _create_socket
    sock = self._create_socket_connection()
  File "/usr/local/lib/python3.8/dist-packages/paho/mqtt/client.py", line 4640, in _create_socket_connection
    return socket.create_connection(addr, timeout=self._connect_timeout, source_address=source)
  File "/usr/lib/python3.8/socket.py", line 808, in create_connection
    raise err
  File "/usr/lib/python3.8/socket.py", line 796, in create_connection
    sock.connect(sa)
OSError: [Errno 113] No route to host
2026-06-05 10:41:06,582 - ERROR - Erro durante a execução
Traceback (most recent call last):
  File "fot_devices/main_n.py", line 144, in <module>
    sub_client.connect(mqttBroker, mqttPort, 60)
  File "/usr/local/lib/python3.8/dist-packages/paho/mqtt/client.py", line 1435, in connect
    return self.reconnect()
  File "/usr/local/lib/python3.8/dist-packages/paho/mqtt/client.py", line 1598, in reconnect
    self._sock = self._create_socket()
  File "/usr/local/lib/python3.8/dist-packages/paho/mqtt/client.py", line 4609, in _create_socket
    sock = self._create_socket_connection()
  File "/usr/local/lib/python3.8/dist-packages/paho/mqtt/client.py", line 4640, in _create_socket_connection
    return socket.create_connection(addr, timeout=self._connect_timeout, source_address=source)
  File "/usr/lib/python3.8/socket.py", line 808, in create_connection
    raise err
  File "/usr/lib/python3.8/socket.py", line 796, in create_connection
    sock.connect(sa)
OSError: [Errno 113] No route to host
2026-06-05 10:41:07,489 - ERROR - Erro durante a execução
Traceback (most recent call last):
  File "fot_devices/main_n.py", line 144, in <module>
    sub_client.connect(mqttBroker, mqttPort, 60)
  File "/usr/local/lib/python3.8/dist-packages/paho/mqtt/client.py", line 1435, in connect
    return self.reconnect()
  File "/usr/local/lib/python3.8/dist-packages/paho/mqtt/client.py", line 1598, in reconnect
    self._sock = self._create_socket()
  File "/usr/local/lib/python3.8/dist-packages/paho/mqtt/client.py", line 4609, in _create_socket
    sock = self._create_socket_connection()
  File "/usr/local/lib/python3.8/dist-packages/paho/mqtt/client.py", line 4640, in _create_socket_connection
    return socket.create_connection(addr, timeout=self._connect_timeout, source_address=source)
  File "/usr/lib/python3.8/socket.py", line 808, in create_connection
    raise err
  File "/usr/lib/python3.8/socket.py", line 796, in create_connection
    sock.connect(sa)
OSError: [Errno 113] No route to host
2026-06-05 10:41:08,717 - ERROR - Erro durante a execução
Traceback (most recent call last):
  File "fot_devices/main_n.py", line 144, in <module>
    sub_client.connect(mqttBroker, mqttPort, 60)
  File "/usr/local/lib/python3.8/dist-packages/paho/mqtt/client.py", line 1435, in connect
    return self.reconnect()
  File "/usr/local/lib/python3.8/dist-packages/paho/mqtt/client.py", line 1598, in reconnect
    self._sock = self._create_socket()
  File "/usr/local/lib/python3.8/dist-packages/paho/mqtt/client.py", line 4609, in _create_socket
    sock = self._create_socket_connection()
  File "/usr/local/lib/python3.8/dist-packages/paho/mqtt/client.py", line 4640, in _create_socket_connection
    return socket.create_connection(addr, timeout=self._connect_timeout, source_address=source)
  File "/usr/lib/python3.8/socket.py", line 808, in create_connection
    raise err
  File "/usr/lib/python3.8/socket.py", line 796, in create_connection
    sock.connect(sa)
OSError: [Errno 113] No route to host
2026-06-05 10:41:09,241 - ERROR - Erro durante a execução
Traceback (most recent call last):
  File "fot_devices/main_n.py", line 144, in <module>
    sub_client.connect(mqttBroker, mqttPort, 60)
  File "/usr/local/lib/python3.8/dist-packages/paho/mqtt/client.py", line 1435, in connect
    return self.reconnect()
  File "/usr/local/lib/python3.8/dist-packages/paho/mqtt/client.py", line 1598, in reconnect
    self._sock = self._create_socket()
  File "/usr/local/lib/python3.8/dist-packages/paho/mqtt/client.py", line 4609, in _create_socket
    sock = self._create_socket_connection()
  File "/usr/local/lib/python3.8/dist-packages/paho/mqtt/client.py", line 4640, in _create_socket_connection
    return socket.create_connection(addr, timeout=self._connect_timeout, source_address=source)
  File "/usr/lib/python3.8/socket.py", line 808, in create_connection
    raise err
  File "/usr/lib/python3.8/socket.py", line 796, in create_connection
    sock.connect(sa)
socket.timeout: timed out
2026-06-05 10:41:09,904 - ERROR - Erro durante a execução
Traceback (most recent call last):
  File "fot_devices/main_n.py", line 144, in <module>
    sub_client.connect(mqttBroker, mqttPort, 60)
  File "/usr/local/lib/python3.8/dist-packages/paho/mqtt/client.py", line 1435, in connect
    return self.reconnect()
  File "/usr/local/lib/python3.8/dist-packages/paho/mqtt/client.py", line 1598, in reconnect
    self._sock = self._create_socket()
  File "/usr/local/lib/python3.8/dist-packages/paho/mqtt/client.py", line 4609, in _create_socket
    sock = self._create_socket_connection()
  File "/usr/local/lib/python3.8/dist-packages/paho/mqtt/client.py", line 4640, in _create_socket_connection
    return socket.create_connection(addr, timeout=self._connect_timeout, source_address=source)
  File "/usr/lib/python3.8/socket.py", line 808, in create_connection
    raise err
  File "/usr/lib/python3.8/socket.py", line 796, in create_connection
    sock.connect(sa)
OSError: [Errno 113] No route to host
2026-06-05 10:41:09,905 - ERROR - Erro durante a execução
Traceback (most recent call last):
  File "fot_devices/main_n.py", line 144, in <module>
    sub_client.connect(mqttBroker, mqttPort, 60)
  File "/usr/local/lib/python3.8/dist-packages/paho/mqtt/client.py", line 1435, in connect
    return self.reconnect()
  File "/usr/local/lib/python3.8/dist-packages/paho/mqtt/client.py", line 1598, in reconnect
    self._sock = self._create_socket()
  File "/usr/local/lib/python3.8/dist-packages/paho/mqtt/client.py", line 4609, in _create_socket
    sock = self._create_socket_connection()
  File "/usr/local/lib/python3.8/dist-packages/paho/mqtt/client.py", line 4640, in _create_socket_connection
    return socket.create_connection(addr, timeout=self._connect_timeout, source_address=source)
  File "/usr/lib/python3.8/socket.py", line 808, in create_connection
    raise err
  File "/usr/lib/python3.8/socket.py", line 796, in create_connection
    sock.connect(sa)
socket.timeout: timed out
2026-06-05 10:41:10,827 - ERROR - Erro durante a execução
Traceback (most recent call last):
  File "fot_devices/main_n.py", line 144, in <module>
    sub_client.connect(mqttBroker, mqttPort, 60)
  File "/usr/local/lib/python3.8/dist-packages/paho/mqtt/client.py", line 1435, in connect
    return self.reconnect()
  File "/usr/local/lib/python3.8/dist-packages/paho/mqtt/client.py", line 1598, in reconnect
    self._sock = self._create_socket()
  File "/usr/local/lib/python3.8/dist-packages/paho/mqtt/client.py", line 4609, in _create_socket
    sock = self._create_socket_connection()
  File "/usr/local/lib/python3.8/dist-packages/paho/mqtt/client.py", line 4640, in _create_socket_connection
    return socket.create_connection(addr, timeout=self._connect_timeout, source_address=source)
  File "/usr/lib/python3.8/socket.py", line 808, in create_connection
    raise err
  File "/usr/lib/python3.8/socket.py", line 796, in create_connection
    sock.connect(sa)
OSError: [Errno 113] No route to host
2026-06-05 10:41:11,704 - ERROR - Erro durante a execução
Traceback (most recent call last):
  File "fot_devices/main_n.py", line 144, in <module>
    sub_client.connect(mqttBroker, mqttPort, 60)
  File "/usr/local/lib/python3.8/dist-packages/paho/mqtt/client.py", line 1435, in connect
    return self.reconnect()
  File "/usr/local/lib/python3.8/dist-packages/paho/mqtt/client.py", line 1598, in reconnect
    self._sock = self._create_socket()
  File "/usr/local/lib/python3.8/dist-packages/paho/mqtt/client.py", line 4609, in _create_socket
    sock = self._create_socket_connection()
  File "/usr/local/lib/python3.8/dist-packages/paho/mqtt/client.py", line 4640, in _create_socket_connection
    return socket.create_connection(addr, timeout=self._connect_timeout, source_address=source)
  File "/usr/lib/python3.8/socket.py", line 808, in create_connection
    raise err
  File "/usr/lib/python3.8/socket.py", line 796, in create_connection
    sock.connect(sa)
OSError: [Errno 113] No route to host
2026-06-05 10:41:12,510 - ERROR - Erro durante a execução
Traceback (most recent call last):
  File "fot_devices/main_n.py", line 144, in <module>
    sub_client.connect(mqttBroker, mqttPort, 60)
  File "/usr/local/lib/python3.8/dist-packages/paho/mqtt/client.py", line 1435, in connect
    return self.reconnect()
  File "/usr/local/lib/python3.8/dist-packages/paho/mqtt/client.py", line 1598, in reconnect
    self._sock = self._create_socket()
  File "/usr/local/lib/python3.8/dist-packages/paho/mqtt/client.py", line 4609, in _create_socket
    sock = self._create_socket_connection()
  File "/usr/local/lib/python3.8/dist-packages/paho/mqtt/client.py", line 4640, in _create_socket_connection
    return socket.create_connection(addr, timeout=self._connect_timeout, source_address=source)
  File "/usr/lib/python3.8/socket.py", line 808, in create_connection
    raise err
  File "/usr/lib/python3.8/socket.py", line 796, in create_connection
    sock.connect(sa)
OSError: [Errno 113] No route to host
2026-06-05 10:41:13,732 - ERROR - Erro durante a execução
Traceback (most recent call last):
  File "fot_devices/main_n.py", line 144, in <module>
    sub_client.connect(mqttBroker, mqttPort, 60)
  File "/usr/local/lib/python3.8/dist-packages/paho/mqtt/client.py", line 1435, in connect
    return self.reconnect()
  File "/usr/local/lib/python3.8/dist-packages/paho/mqtt/client.py", line 1598, in reconnect
    self._sock = self._create_socket()
  File "/usr/local/lib/python3.8/dist-packages/paho/mqtt/client.py", line 4609, in _create_socket
    sock = self._create_socket_connection()
  File "/usr/local/lib/python3.8/dist-packages/paho/mqtt/client.py", line 4640, in _create_socket_connection
    return socket.create_connection(addr, timeout=self._connect_timeout, source_address=source)
  File "/usr/lib/python3.8/socket.py", line 808, in create_connection
    raise err
  File "/usr/lib/python3.8/socket.py", line 796, in create_connection
    sock.connect(sa)
OSError: [Errno 113] No route to host
2026-06-05 10:41:14,910 - ERROR - Erro durante a execução
Traceback (most recent call last):
  File "fot_devices/main_n.py", line 144, in <module>
    sub_client.connect(mqttBroker, mqttPort, 60)
  File "/usr/local/lib/python3.8/dist-packages/paho/mqtt/client.py", line 1435, in connect
    return self.reconnect()
  File "/usr/local/lib/python3.8/dist-packages/paho/mqtt/client.py", line 1598, in reconnect
    self._sock = self._create_socket()
  File "/usr/local/lib/python3.8/dist-packages/paho/mqtt/client.py", line 4609, in _create_socket
    sock = self._create_socket_connection()
  File "/usr/local/lib/python3.8/dist-packages/paho/mqtt/client.py", line 4640, in _create_socket_connection
    return socket.create_connection(addr, timeout=self._connect_timeout, source_address=source)
  File "/usr/lib/python3.8/socket.py", line 808, in create_connection
    raise err
  File "/usr/lib/python3.8/socket.py", line 796, in create_connection
    sock.connect(sa)
socket.timeout: timed out
2026-06-05 10:41:14,912 - ERROR - Erro durante a execução
Traceback (most recent call last):
  File "fot_devices/main_n.py", line 144, in <module>
    sub_client.connect(mqttBroker, mqttPort, 60)
  File "/usr/local/lib/python3.8/dist-packages/paho/mqtt/client.py", line 1435, in connect
    return self.reconnect()
  File "/usr/local/lib/python3.8/dist-packages/paho/mqtt/client.py", line 1598, in reconnect
    self._sock = self._create_socket()
  File "/usr/local/lib/python3.8/dist-packages/paho/mqtt/client.py", line 4609, in _create_socket
    sock = self._create_socket_connection()
  File "/usr/local/lib/python3.8/dist-packages/paho/mqtt/client.py", line 4640, in _create_socket_connection
    return socket.create_connection(addr, timeout=self._connect_timeout, source_address=source)
  File "/usr/lib/python3.8/socket.py", line 808, in create_connection
    raise err
  File "/usr/lib/python3.8/socket.py", line 796, in create_connection
    sock.connect(sa)
OSError: [Errno 113] No route to host
2026-06-05 10:41:15,835 - ERROR - Erro durante a execução
Traceback (most recent call last):
  File "fot_devices/main_n.py", line 144, in <module>
    sub_client.connect(mqttBroker, mqttPort, 60)
  File "/usr/local/lib/python3.8/dist-packages/paho/mqtt/client.py", line 1435, in connect
    return self.reconnect()
  File "/usr/local/lib/python3.8/dist-packages/paho/mqtt/client.py", line 1598, in reconnect
    self._sock = self._create_socket()
  File "/usr/local/lib/python3.8/dist-packages/paho/mqtt/client.py", line 4609, in _create_socket
    sock = self._create_socket_connection()
  File "/usr/local/lib/python3.8/dist-packages/paho/mqtt/client.py", line 4640, in _create_socket_connection
    return socket.create_connection(addr, timeout=self._connect_timeout, source_address=source)
  File "/usr/lib/python3.8/socket.py", line 808, in create_connection
    raise err
  File "/usr/lib/python3.8/socket.py", line 796, in create_connection
    sock.connect(sa)
OSError: [Errno 113] No route to host
2026-06-05 10:41:16,739 - ERROR - Erro durante a execução
Traceback (most recent call last):
  File "fot_devices/main_n.py", line 144, in <module>
    sub_client.connect(mqttBroker, mqttPort, 60)
  File "/usr/local/lib/python3.8/dist-packages/paho/mqtt/client.py", line 1435, in connect
    return self.reconnect()
  File "/usr/local/lib/python3.8/dist-packages/paho/mqtt/client.py", line 1598, in reconnect
    self._sock = self._create_socket()
  File "/usr/local/lib/python3.8/dist-packages/paho/mqtt/client.py", line 4609, in _create_socket
    sock = self._create_socket_connection()
  File "/usr/local/lib/python3.8/dist-packages/paho/mqtt/client.py", line 4640, in _create_socket_connection
    return socket.create_connection(addr, timeout=self._connect_timeout, source_address=source)
  File "/usr/lib/python3.8/socket.py", line 808, in create_connection
    raise err
  File "/usr/lib/python3.8/socket.py", line 796, in create_connection
    sock.connect(sa)
OSError: [Errno 113] No route to host
2026-06-05 10:41:17,516 - ERROR - Erro durante a execução
Traceback (most recent call last):
  File "fot_devices/main_n.py", line 144, in <module>
    sub_client.connect(mqttBroker, mqttPort, 60)
  File "/usr/local/lib/python3.8/dist-packages/paho/mqtt/client.py", line 1435, in connect
    return self.reconnect()
  File "/usr/local/lib/python3.8/dist-packages/paho/mqtt/client.py", line 1598, in reconnect
    self._sock = self._create_socket()
  File "/usr/local/lib/python3.8/dist-packages/paho/mqtt/client.py", line 4609, in _create_socket
    sock = self._create_socket_connection()
  File "/usr/local/lib/python3.8/dist-packages/paho/mqtt/client.py", line 4640, in _create_socket_connection
    return socket.create_connection(addr, timeout=self._connect_timeout, source_address=source)
  File "/usr/lib/python3.8/socket.py", line 808, in create_connection
    raise err
  File "/usr/lib/python3.8/socket.py", line 796, in create_connection
    sock.connect(sa)
OSError: [Errno 113] No route to host
2026-06-05 10:41:18,739 - ERROR - Erro durante a execução
Traceback (most recent call last):
  File "fot_devices/main_n.py", line 144, in <module>
    sub_client.connect(mqttBroker, mqttPort, 60)
  File "/usr/local/lib/python3.8/dist-packages/paho/mqtt/client.py", line 1435, in connect
    return self.reconnect()
  File "/usr/local/lib/python3.8/dist-packages/paho/mqtt/client.py", line 1598, in reconnect
    self._sock = self._create_socket()
  File "/usr/local/lib/python3.8/dist-packages/paho/mqtt/client.py", line 4609, in _create_socket
    sock = self._create_socket_connection()
  File "/usr/local/lib/python3.8/dist-packages/paho/mqtt/client.py", line 4640, in _create_socket_connection
    return socket.create_connection(addr, timeout=self._connect_timeout, source_address=source)
  File "/usr/lib/python3.8/socket.py", line 808, in create_connection
    raise err
  File "/usr/lib/python3.8/socket.py", line 796, in create_connection
    sock.connect(sa)
OSError: [Errno 113] No route to host
2026-06-05 10:41:19,334 - ERROR - Erro durante a execução
Traceback (most recent call last):
  File "fot_devices/main_n.py", line 144, in <module>
    sub_client.connect(mqttBroker, mqttPort, 60)
  File "/usr/local/lib/python3.8/dist-packages/paho/mqtt/client.py", line 1435, in connect
    return self.reconnect()
  File "/usr/local/lib/python3.8/dist-packages/paho/mqtt/client.py", line 1598, in reconnect
    self._sock = self._create_socket()
  File "/usr/local/lib/python3.8/dist-packages/paho/mqtt/client.py", line 4609, in _create_socket
    sock = self._create_socket_connection()
  File "/usr/local/lib/python3.8/dist-packages/paho/mqtt/client.py", line 4640, in _create_socket_connection
    return socket.create_connection(addr, timeout=self._connect_timeout, source_address=source)
  File "/usr/lib/python3.8/socket.py", line 808, in create_connection
    raise err
  File "/usr/lib/python3.8/socket.py", line 796, in create_connection
    sock.connect(sa)
socket.timeout: timed out
2026-06-05 10:41:19,918 - ERROR - Erro durante a execução
Traceback (most recent call last):
  File "fot_devices/main_n.py", line 144, in <module>
    sub_client.connect(mqttBroker, mqttPort, 60)
  File "/usr/local/lib/python3.8/dist-packages/paho/mqtt/client.py", line 1435, in connect
    return self.reconnect()
  File "/usr/local/lib/python3.8/dist-packages/paho/mqtt/client.py", line 1598, in reconnect
    self._sock = self._create_socket()
  File "/usr/local/lib/python3.8/dist-packages/paho/mqtt/client.py", line 4609, in _create_socket
    sock = self._create_socket_connection()
  File "/usr/local/lib/python3.8/dist-packages/paho/mqtt/client.py", line 4640, in _create_socket_connection
    return socket.create_connection(addr, timeout=self._connect_timeout, source_address=source)
  File "/usr/lib/python3.8/socket.py", line 808, in create_connection
    raise err
  File "/usr/lib/python3.8/socket.py", line 796, in create_connection
    sock.connect(sa)
socket.timeout: timed out
2026-06-05 10:41:19,919 - ERROR - Erro durante a execução
Traceback (most recent call last):
  File "fot_devices/main_n.py", line 144, in <module>
    sub_client.connect(mqttBroker, mqttPort, 60)
  File "/usr/local/lib/python3.8/dist-packages/paho/mqtt/client.py", line 1435, in connect
    return self.reconnect()
  File "/usr/local/lib/python3.8/dist-packages/paho/mqtt/client.py", line 1598, in reconnect
    self._sock = self._create_socket()
  File "/usr/local/lib/python3.8/dist-packages/paho/mqtt/client.py", line 4609, in _create_socket
    sock = self._create_socket_connection()
  File "/usr/local/lib/python3.8/dist-packages/paho/mqtt/client.py", line 4640, in _create_socket_connection
    return socket.create_connection(addr, timeout=self._connect_timeout, source_address=source)
  File "/usr/lib/python3.8/socket.py", line 808, in create_connection
    raise err
  File "/usr/lib/python3.8/socket.py", line 796, in create_connection
    sock.connect(sa)
OSError: [Errno 113] No route to host
2026-06-05 10:41:20,838 - ERROR - Erro durante a execução
Traceback (most recent call last):
  File "fot_devices/main_n.py", line 144, in <module>
    sub_client.connect(mqttBroker, mqttPort, 60)
  File "/usr/local/lib/python3.8/dist-packages/paho/mqtt/client.py", line 1435, in connect
    return self.reconnect()
  File "/usr/local/lib/python3.8/dist-packages/paho/mqtt/client.py", line 1598, in reconnect
    self._sock = self._create_socket()
  File "/usr/local/lib/python3.8/dist-packages/paho/mqtt/client.py", line 4609, in _create_socket
    sock = self._create_socket_connection()
  File "/usr/local/lib/python3.8/dist-packages/paho/mqtt/client.py", line 4640, in _create_socket_connection
    return socket.create_connection(addr, timeout=self._connect_timeout, source_address=source)
  File "/usr/lib/python3.8/socket.py", line 808, in create_connection
    raise err
  File "/usr/lib/python3.8/socket.py", line 796, in create_connection
    sock.connect(sa)
OSError: [Errno 113] No route to host
2026-06-05 10:41:21,758 - ERROR - Erro durante a execução
Traceback (most recent call last):
  File "fot_devices/main_n.py", line 144, in <module>
    sub_client.connect(mqttBroker, mqttPort, 60)
  File "/usr/local/lib/python3.8/dist-packages/paho/mqtt/client.py", line 1435, in connect
    return self.reconnect()
  File "/usr/local/lib/python3.8/dist-packages/paho/mqtt/client.py", line 1598, in reconnect
    self._sock = self._create_socket()
  File "/usr/local/lib/python3.8/dist-packages/paho/mqtt/client.py", line 4609, in _create_socket
    sock = self._create_socket_connection()
  File "/usr/local/lib/python3.8/dist-packages/paho/mqtt/client.py", line 4640, in _create_socket_connection
    return socket.create_connection(addr, timeout=self._connect_timeout, source_address=source)
  File "/usr/lib/python3.8/socket.py", line 808, in create_connection
    raise err
  File "/usr/lib/python3.8/socket.py", line 796, in create_connection
    sock.connect(sa)
OSError: [Errno 113] No route to host
2026-06-05 10:41:22,527 - ERROR - Erro durante a execução
Traceback (most recent call last):
  File "fot_devices/main_n.py", line 144, in <module>
    sub_client.connect(mqttBroker, mqttPort, 60)
  File "/usr/local/lib/python3.8/dist-packages/paho/mqtt/client.py", line 1435, in connect
    return self.reconnect()
  File "/usr/local/lib/python3.8/dist-packages/paho/mqtt/client.py", line 1598, in reconnect
    self._sock = self._create_socket()
  File "/usr/local/lib/python3.8/dist-packages/paho/mqtt/client.py", line 4609, in _create_socket
    sock = self._create_socket_connection()
  File "/usr/local/lib/python3.8/dist-packages/paho/mqtt/client.py", line 4640, in _create_socket_connection
    return socket.create_connection(addr, timeout=self._connect_timeout, source_address=source)
  File "/usr/lib/python3.8/socket.py", line 808, in create_connection
    raise err
  File "/usr/lib/python3.8/socket.py", line 796, in create_connection
    sock.connect(sa)
OSError: [Errno 113] No route to host
2026-06-05 10:41:23,742 - ERROR - Erro durante a execução
Traceback (most recent call last):
  File "fot_devices/main_n.py", line 144, in <module>
    sub_client.connect(mqttBroker, mqttPort, 60)
  File "/usr/local/lib/python3.8/dist-packages/paho/mqtt/client.py", line 1435, in connect
    return self.reconnect()
  File "/usr/local/lib/python3.8/dist-packages/paho/mqtt/client.py", line 1598, in reconnect
    self._sock = self._create_socket()
  File "/usr/local/lib/python3.8/dist-packages/paho/mqtt/client.py", line 4609, in _create_socket
    sock = self._create_socket_connection()
  File "/usr/local/lib/python3.8/dist-packages/paho/mqtt/client.py", line 4640, in _create_socket_connection
    return socket.create_connection(addr, timeout=self._connect_timeout, source_address=source)
  File "/usr/lib/python3.8/socket.py", line 808, in create_connection
    raise err
  File "/usr/lib/python3.8/socket.py", line 796, in create_connection
    sock.connect(sa)
OSError: [Errno 113] No route to host
2026-06-05 10:41:24,923 - ERROR - Erro durante a execução
Traceback (most recent call last):
  File "fot_devices/main_n.py", line 144, in <module>
    sub_client.connect(mqttBroker, mqttPort, 60)
  File "/usr/local/lib/python3.8/dist-packages/paho/mqtt/client.py", line 1435, in connect
    return self.reconnect()
  File "/usr/local/lib/python3.8/dist-packages/paho/mqtt/client.py", line 1598, in reconnect
    self._sock = self._create_socket()
  File "/usr/local/lib/python3.8/dist-packages/paho/mqtt/client.py", line 4609, in _create_socket
    sock = self._create_socket_connection()
  File "/usr/local/lib/python3.8/dist-packages/paho/mqtt/client.py", line 4640, in _create_socket_connection
    return socket.create_connection(addr, timeout=self._connect_timeout, source_address=source)
  File "/usr/lib/python3.8/socket.py", line 808, in create_connection
    raise err
  File "/usr/lib/python3.8/socket.py", line 796, in create_connection
    sock.connect(sa)
socket.timeout: timed out
2026-06-05 10:41:24,925 - ERROR - Erro durante a execução
Traceback (most recent call last):
  File "fot_devices/main_n.py", line 144, in <module>
    sub_client.connect(mqttBroker, mqttPort, 60)
  File "/usr/local/lib/python3.8/dist-packages/paho/mqtt/client.py", line 1435, in connect
    return self.reconnect()
  File "/usr/local/lib/python3.8/dist-packages/paho/mqtt/client.py", line 1598, in reconnect
    self._sock = self._create_socket()
  File "/usr/local/lib/python3.8/dist-packages/paho/mqtt/client.py", line 4609, in _create_socket
    sock = self._create_socket_connection()
  File "/usr/local/lib/python3.8/dist-packages/paho/mqtt/client.py", line 4640, in _create_socket_connection
    return socket.create_connection(addr, timeout=self._connect_timeout, source_address=source)
  File "/usr/lib/python3.8/socket.py", line 808, in create_connection
    raise err
  File "/usr/lib/python3.8/socket.py", line 796, in create_connection
    sock.connect(sa)
OSError: [Errno 113] No route to host
2026-06-05 10:41:25,381 - ERROR - Erro durante a execução
Traceback (most recent call last):
  File "fot_devices/main_n.py", line 144, in <module>
    sub_client.connect(mqttBroker, mqttPort, 60)
  File "/usr/local/lib/python3.8/dist-packages/paho/mqtt/client.py", line 1435, in connect
    return self.reconnect()
  File "/usr/local/lib/python3.8/dist-packages/paho/mqtt/client.py", line 1598, in reconnect
    self._sock = self._create_socket()
  File "/usr/local/lib/python3.8/dist-packages/paho/mqtt/client.py", line 4609, in _create_socket
    sock = self._create_socket_connection()
  File "/usr/local/lib/python3.8/dist-packages/paho/mqtt/client.py", line 4640, in _create_socket_connection
    return socket.create_connection(addr, timeout=self._connect_timeout, source_address=source)
  File "/usr/lib/python3.8/socket.py", line 808, in create_connection
    raise err
  File "/usr/lib/python3.8/socket.py", line 796, in create_connection
    sock.connect(sa)
OSError: [Errno 113] No route to host
2026-06-05 10:41:26,781 - ERROR - Erro durante a execução
Traceback (most recent call last):
  File "fot_devices/main_n.py", line 144, in <module>
    sub_client.connect(mqttBroker, mqttPort, 60)
  File "/usr/local/lib/python3.8/dist-packages/paho/mqtt/client.py", line 1435, in connect
    return self.reconnect()
  File "/usr/local/lib/python3.8/dist-packages/paho/mqtt/client.py", line 1598, in reconnect
    self._sock = self._create_socket()
  File "/usr/local/lib/python3.8/dist-packages/paho/mqtt/client.py", line 4609, in _create_socket
    sock = self._create_socket_connection()
  File "/usr/local/lib/python3.8/dist-packages/paho/mqtt/client.py", line 4640, in _create_socket_connection
    return socket.create_connection(addr, timeout=self._connect_timeout, source_address=source)
  File "/usr/lib/python3.8/socket.py", line 808, in create_connection
    raise err
  File "/usr/lib/python3.8/socket.py", line 796, in create_connection
    sock.connect(sa)
OSError: [Errno 113] No route to host
2026-06-05 10:41:27,543 - ERROR - Erro durante a execução
Traceback (most recent call last):
  File "fot_devices/main_n.py", line 144, in <module>
    sub_client.connect(mqttBroker, mqttPort, 60)
  File "/usr/local/lib/python3.8/dist-packages/paho/mqtt/client.py", line 1435, in connect
    return self.reconnect()
  File "/usr/local/lib/python3.8/dist-packages/paho/mqtt/client.py", line 1598, in reconnect
    self._sock = self._create_socket()
  File "/usr/local/lib/python3.8/dist-packages/paho/mqtt/client.py", line 4609, in _create_socket
    sock = self._create_socket_connection()
  File "/usr/local/lib/python3.8/dist-packages/paho/mqtt/client.py", line 4640, in _create_socket_connection
    return socket.create_connection(addr, timeout=self._connect_timeout, source_address=source)
  File "/usr/lib/python3.8/socket.py", line 808, in create_connection
    raise err
  File "/usr/lib/python3.8/socket.py", line 796, in create_connection
    sock.connect(sa)
OSError: [Errno 113] No route to host
2026-06-05 10:41:28,745 - ERROR - Erro durante a execução
Traceback (most recent call last):
  File "fot_devices/main_n.py", line 144, in <module>
    sub_client.connect(mqttBroker, mqttPort, 60)
  File "/usr/local/lib/python3.8/dist-packages/paho/mqtt/client.py", line 1435, in connect
    return self.reconnect()
  File "/usr/local/lib/python3.8/dist-packages/paho/mqtt/client.py", line 1598, in reconnect
    self._sock = self._create_socket()
  File "/usr/local/lib/python3.8/dist-packages/paho/mqtt/client.py", line 4609, in _create_socket
    sock = self._create_socket_connection()
  File "/usr/local/lib/python3.8/dist-packages/paho/mqtt/client.py", line 4640, in _create_socket_connection
    return socket.create_connection(addr, timeout=self._connect_timeout, source_address=source)
  File "/usr/lib/python3.8/socket.py", line 808, in create_connection
    raise err
  File "/usr/lib/python3.8/socket.py", line 796, in create_connection
    sock.connect(sa)
OSError: [Errno 113] No route to host
2026-06-05 10:41:29,930 - ERROR - Erro durante a execução
Traceback (most recent call last):
  File "fot_devices/main_n.py", line 144, in <module>
    sub_client.connect(mqttBroker, mqttPort, 60)
  File "/usr/local/lib/python3.8/dist-packages/paho/mqtt/client.py", line 1435, in connect
    return self.reconnect()
  File "/usr/local/lib/python3.8/dist-packages/paho/mqtt/client.py", line 1598, in reconnect
    self._sock = self._create_socket()
  File "/usr/local/lib/python3.8/dist-packages/paho/mqtt/client.py", line 4609, in _create_socket
    sock = self._create_socket_connection()
  File "/usr/local/lib/python3.8/dist-packages/paho/mqtt/client.py", line 4640, in _create_socket_connection
    return socket.create_connection(addr, timeout=self._connect_timeout, source_address=source)
  File "/usr/lib/python3.8/socket.py", line 808, in create_connection
    raise err
  File "/usr/lib/python3.8/socket.py", line 796, in create_connection
    sock.connect(sa)
socket.timeout: timed out
2026-06-05 10:41:29,931 - ERROR - Erro durante a execução
Traceback (most recent call last):
  File "fot_devices/main_n.py", line 144, in <module>
    sub_client.connect(mqttBroker, mqttPort, 60)
  File "/usr/local/lib/python3.8/dist-packages/paho/mqtt/client.py", line 1435, in connect
    return self.reconnect()
  File "/usr/local/lib/python3.8/dist-packages/paho/mqtt/client.py", line 1598, in reconnect
    self._sock = self._create_socket()
  File "/usr/local/lib/python3.8/dist-packages/paho/mqtt/client.py", line 4609, in _create_socket
    sock = self._create_socket_connection()
  File "/usr/local/lib/python3.8/dist-packages/paho/mqtt/client.py", line 4640, in _create_socket_connection
    return socket.create_connection(addr, timeout=self._connect_timeout, source_address=source)
  File "/usr/lib/python3.8/socket.py", line 808, in create_connection
    raise err
  File "/usr/lib/python3.8/socket.py", line 796, in create_connection
    sock.connect(sa)
OSError: [Errno 113] No route to host
2026-06-05 10:41:30,384 - ERROR - Erro durante a execução
Traceback (most recent call last):
  File "fot_devices/main_n.py", line 144, in <module>
    sub_client.connect(mqttBroker, mqttPort, 60)
  File "/usr/local/lib/python3.8/dist-packages/paho/mqtt/client.py", line 1435, in connect
    return self.reconnect()
  File "/usr/local/lib/python3.8/dist-packages/paho/mqtt/client.py", line 1598, in reconnect
    self._sock = self._create_socket()
  File "/usr/local/lib/python3.8/dist-packages/paho/mqtt/client.py", line 4609, in _create_socket
    sock = self._create_socket_connection()
  File "/usr/local/lib/python3.8/dist-packages/paho/mqtt/client.py", line 4640, in _create_socket_connection
    return socket.create_connection(addr, timeout=self._connect_timeout, source_address=source)
  File "/usr/lib/python3.8/socket.py", line 808, in create_connection
    raise err
  File "/usr/lib/python3.8/socket.py", line 796, in create_connection
    sock.connect(sa)
OSError: [Errno 113] No route to host
2026-06-05 10:41:30,851 - ERROR - Erro durante a execução
Traceback (most recent call last):
  File "fot_devices/main_n.py", line 144, in <module>
    sub_client.connect(mqttBroker, mqttPort, 60)
  File "/usr/local/lib/python3.8/dist-packages/paho/mqtt/client.py", line 1435, in connect
    return self.reconnect()
  File "/usr/local/lib/python3.8/dist-packages/paho/mqtt/client.py", line 1598, in reconnect
    self._sock = self._create_socket()
  File "/usr/local/lib/python3.8/dist-packages/paho/mqtt/client.py", line 4609, in _create_socket
    sock = self._create_socket_connection()
  File "/usr/local/lib/python3.8/dist-packages/paho/mqtt/client.py", line 4640, in _create_socket_connection
    return socket.create_connection(addr, timeout=self._connect_timeout, source_address=source)
  File "/usr/lib/python3.8/socket.py", line 808, in create_connection
    raise err
  File "/usr/lib/python3.8/socket.py", line 796, in create_connection
    sock.connect(sa)
socket.timeout: timed out
2026-06-05 10:41:31,790 - ERROR - Erro durante a execução
Traceback (most recent call last):
  File "fot_devices/main_n.py", line 144, in <module>
    sub_client.connect(mqttBroker, mqttPort, 60)
  File "/usr/local/lib/python3.8/dist-packages/paho/mqtt/client.py", line 1435, in connect
    return self.reconnect()
  File "/usr/local/lib/python3.8/dist-packages/paho/mqtt/client.py", line 1598, in reconnect
    self._sock = self._create_socket()
  File "/usr/local/lib/python3.8/dist-packages/paho/mqtt/client.py", line 4609, in _create_socket
    sock = self._create_socket_connection()
  File "/usr/local/lib/python3.8/dist-packages/paho/mqtt/client.py", line 4640, in _create_socket_connection
    return socket.create_connection(addr, timeout=self._connect_timeout, source_address=source)
  File "/usr/lib/python3.8/socket.py", line 808, in create_connection
    raise err
  File "/usr/lib/python3.8/socket.py", line 796, in create_connection
    sock.connect(sa)
OSError: [Errno 113] No route to host
2026-06-05 10:41:32,573 - ERROR - Erro durante a execução
Traceback (most recent call last):
  File "fot_devices/main_n.py", line 144, in <module>
    sub_client.connect(mqttBroker, mqttPort, 60)
  File "/usr/local/lib/python3.8/dist-packages/paho/mqtt/client.py", line 1435, in connect
    return self.reconnect()
  File "/usr/local/lib/python3.8/dist-packages/paho/mqtt/client.py", line 1598, in reconnect
    self._sock = self._create_socket()
  File "/usr/local/lib/python3.8/dist-packages/paho/mqtt/client.py", line 4609, in _create_socket
    sock = self._create_socket_connection()
  File "/usr/local/lib/python3.8/dist-packages/paho/mqtt/client.py", line 4640, in _create_socket_connection
    return socket.create_connection(addr, timeout=self._connect_timeout, source_address=source)
  File "/usr/lib/python3.8/socket.py", line 808, in create_connection
    raise err
  File "/usr/lib/python3.8/socket.py", line 796, in create_connection
    sock.connect(sa)
OSError: [Errno 113] No route to host
2026-06-05 10:41:33,790 - ERROR - Erro durante a execução
Traceback (most recent call last):
  File "fot_devices/main_n.py", line 144, in <module>
    sub_client.connect(mqttBroker, mqttPort, 60)
  File "/usr/local/lib/python3.8/dist-packages/paho/mqtt/client.py", line 1435, in connect
    return self.reconnect()
  File "/usr/local/lib/python3.8/dist-packages/paho/mqtt/client.py", line 1598, in reconnect
    self._sock = self._create_socket()
  File "/usr/local/lib/python3.8/dist-packages/paho/mqtt/client.py", line 4609, in _create_socket
    sock = self._create_socket_connection()
  File "/usr/local/lib/python3.8/dist-packages/paho/mqtt/client.py", line 4640, in _create_socket_connection
    return socket.create_connection(addr, timeout=self._connect_timeout, source_address=source)
  File "/usr/lib/python3.8/socket.py", line 808, in create_connection
    raise err
  File "/usr/lib/python3.8/socket.py", line 796, in create_connection
    sock.connect(sa)
OSError: [Errno 113] No route to host
2026-06-05 10:41:34,934 - ERROR - Erro durante a execução
Traceback (most recent call last):
  File "fot_devices/main_n.py", line 144, in <module>
    sub_client.connect(mqttBroker, mqttPort, 60)
  File "/usr/local/lib/python3.8/dist-packages/paho/mqtt/client.py", line 1435, in connect
    return self.reconnect()
  File "/usr/local/lib/python3.8/dist-packages/paho/mqtt/client.py", line 1598, in reconnect
    self._sock = self._create_socket()
  File "/usr/local/lib/python3.8/dist-packages/paho/mqtt/client.py", line 4609, in _create_socket
    sock = self._create_socket_connection()
  File "/usr/local/lib/python3.8/dist-packages/paho/mqtt/client.py", line 4640, in _create_socket_connection
    return socket.create_connection(addr, timeout=self._connect_timeout, source_address=source)
  File "/usr/lib/python3.8/socket.py", line 808, in create_connection
    raise err
  File "/usr/lib/python3.8/socket.py", line 796, in create_connection
    sock.connect(sa)
socket.timeout: timed out
2026-06-05 10:41:34,936 - ERROR - Erro durante a execução
Traceback (most recent call last):
  File "fot_devices/main_n.py", line 144, in <module>
    sub_client.connect(mqttBroker, mqttPort, 60)
  File "/usr/local/lib/python3.8/dist-packages/paho/mqtt/client.py", line 1435, in connect
    return self.reconnect()
  File "/usr/local/lib/python3.8/dist-packages/paho/mqtt/client.py", line 1598, in reconnect
    self._sock = self._create_socket()
  File "/usr/local/lib/python3.8/dist-packages/paho/mqtt/client.py", line 4609, in _create_socket
    sock = self._create_socket_connection()
  File "/usr/local/lib/python3.8/dist-packages/paho/mqtt/client.py", line 4640, in _create_socket_connection
    return socket.create_connection(addr, timeout=self._connect_timeout, source_address=source)
  File "/usr/lib/python3.8/socket.py", line 808, in create_connection
    raise err
  File "/usr/lib/python3.8/socket.py", line 796, in create_connection
    sock.connect(sa)
OSError: [Errno 113] No route to host
2026-06-05 10:41:35,388 - ERROR - Erro durante a execução
Traceback (most recent call last):
  File "fot_devices/main_n.py", line 144, in <module>
    sub_client.connect(mqttBroker, mqttPort, 60)
  File "/usr/local/lib/python3.8/dist-packages/paho/mqtt/client.py", line 1435, in connect
    return self.reconnect()
  File "/usr/local/lib/python3.8/dist-packages/paho/mqtt/client.py", line 1598, in reconnect
    self._sock = self._create_socket()
  File "/usr/local/lib/python3.8/dist-packages/paho/mqtt/client.py", line 4609, in _create_socket
    sock = self._create_socket_connection()
  File "/usr/local/lib/python3.8/dist-packages/paho/mqtt/client.py", line 4640, in _create_socket_connection
    return socket.create_connection(addr, timeout=self._connect_timeout, source_address=source)
  File "/usr/lib/python3.8/socket.py", line 808, in create_connection
    raise err
  File "/usr/lib/python3.8/socket.py", line 796, in create_connection
    sock.connect(sa)
OSError: [Errno 113] No route to host
2026-06-05 10:41:36,797 - ERROR - Erro durante a execução
Traceback (most recent call last):
  File "fot_devices/main_n.py", line 144, in <module>
    sub_client.connect(mqttBroker, mqttPort, 60)
  File "/usr/local/lib/python3.8/dist-packages/paho/mqtt/client.py", line 1435, in connect
    return self.reconnect()
  File "/usr/local/lib/python3.8/dist-packages/paho/mqtt/client.py", line 1598, in reconnect
    self._sock = self._create_socket()
  File "/usr/local/lib/python3.8/dist-packages/paho/mqtt/client.py", line 4609, in _create_socket
    sock = self._create_socket_connection()
  File "/usr/local/lib/python3.8/dist-packages/paho/mqtt/client.py", line 4640, in _create_socket_connection
    return socket.create_connection(addr, timeout=self._connect_timeout, source_address=source)
  File "/usr/lib/python3.8/socket.py", line 808, in create_connection
    raise err
  File "/usr/lib/python3.8/socket.py", line 796, in create_connection
    sock.connect(sa)
OSError: [Errno 113] No route to host
2026-06-05 10:41:37,598 - ERROR - Erro durante a execução
Traceback (most recent call last):
  File "fot_devices/main_n.py", line 144, in <module>
    sub_client.connect(mqttBroker, mqttPort, 60)
  File "/usr/local/lib/python3.8/dist-packages/paho/mqtt/client.py", line 1435, in connect
    return self.reconnect()
  File "/usr/local/lib/python3.8/dist-packages/paho/mqtt/client.py", line 1598, in reconnect
    self._sock = self._create_socket()
  File "/usr/local/lib/python3.8/dist-packages/paho/mqtt/client.py", line 4609, in _create_socket
    sock = self._create_socket_connection()
  File "/usr/local/lib/python3.8/dist-packages/paho/mqtt/client.py", line 4640, in _create_socket_connection
    return socket.create_connection(addr, timeout=self._connect_timeout, source_address=source)
  File "/usr/lib/python3.8/socket.py", line 808, in create_connection
    raise err
  File "/usr/lib/python3.8/socket.py", line 796, in create_connection
    sock.connect(sa)
OSError: [Errno 113] No route to host
2026-06-05 10:41:38,807 - ERROR - Erro durante a execução
Traceback (most recent call last):
  File "fot_devices/main_n.py", line 144, in <module>
    sub_client.connect(mqttBroker, mqttPort, 60)
  File "/usr/local/lib/python3.8/dist-packages/paho/mqtt/client.py", line 1435, in connect
    return self.reconnect()
  File "/usr/local/lib/python3.8/dist-packages/paho/mqtt/client.py", line 1598, in reconnect
    self._sock = self._create_socket()
  File "/usr/local/lib/python3.8/dist-packages/paho/mqtt/client.py", line 4609, in _create_socket
    sock = self._create_socket_connection()
  File "/usr/local/lib/python3.8/dist-packages/paho/mqtt/client.py", line 4640, in _create_socket_connection
    return socket.create_connection(addr, timeout=self._connect_timeout, source_address=source)
  File "/usr/lib/python3.8/socket.py", line 808, in create_connection
    raise err
  File "/usr/lib/python3.8/socket.py", line 796, in create_connection
    sock.connect(sa)
OSError: [Errno 113] No route to host
2026-06-05 10:41:39,969 - ERROR - Erro durante a execução
Traceback (most recent call last):
  File "fot_devices/main_n.py", line 144, in <module>
    sub_client.connect(mqttBroker, mqttPort, 60)
  File "/usr/local/lib/python3.8/dist-packages/paho/mqtt/client.py", line 1435, in connect
    return self.reconnect()
  File "/usr/local/lib/python3.8/dist-packages/paho/mqtt/client.py", line 1598, in reconnect
    self._sock = self._create_socket()
  File "/usr/local/lib/python3.8/dist-packages/paho/mqtt/client.py", line 4609, in _create_socket
    sock = self._create_socket_connection()
  File "/usr/local/lib/python3.8/dist-packages/paho/mqtt/client.py", line 4640, in _create_socket_connection
    return socket.create_connection(addr, timeout=self._connect_timeout, source_address=source)
  File "/usr/lib/python3.8/socket.py", line 808, in create_connection
    raise err
  File "/usr/lib/python3.8/socket.py", line 796, in create_connection
    sock.connect(sa)
socket.timeout: timed out
2026-06-05 10:41:39,970 - ERROR - Erro durante a execução
Traceback (most recent call last):
  File "fot_devices/main_n.py", line 144, in <module>
    sub_client.connect(mqttBroker, mqttPort, 60)
  File "/usr/local/lib/python3.8/dist-packages/paho/mqtt/client.py", line 1435, in connect
    return self.reconnect()
  File "/usr/local/lib/python3.8/dist-packages/paho/mqtt/client.py", line 1598, in reconnect
    self._sock = self._create_socket()
  File "/usr/local/lib/python3.8/dist-packages/paho/mqtt/client.py", line 4609, in _create_socket
    sock = self._create_socket_connection()
  File "/usr/local/lib/python3.8/dist-packages/paho/mqtt/client.py", line 4640, in _create_socket_connection
    return socket.create_connection(addr, timeout=self._connect_timeout, source_address=source)
  File "/usr/lib/python3.8/socket.py", line 808, in create_connection
    raise err
  File "/usr/lib/python3.8/socket.py", line 796, in create_connection
    sock.connect(sa)
OSError: [Errno 113] No route to host
2026-06-05 10:41:40,395 - ERROR - Erro durante a execução
Traceback (most recent call last):
  File "fot_devices/main_n.py", line 144, in <module>
    sub_client.connect(mqttBroker, mqttPort, 60)
  File "/usr/local/lib/python3.8/dist-packages/paho/mqtt/client.py", line 1435, in connect
    return self.reconnect()
  File "/usr/local/lib/python3.8/dist-packages/paho/mqtt/client.py", line 1598, in reconnect
    self._sock = self._create_socket()
  File "/usr/local/lib/python3.8/dist-packages/paho/mqtt/client.py", line 4609, in _create_socket
    sock = self._create_socket_connection()
  File "/usr/local/lib/python3.8/dist-packages/paho/mqtt/client.py", line 4640, in _create_socket_connection
    return socket.create_connection(addr, timeout=self._connect_timeout, source_address=source)
  File "/usr/lib/python3.8/socket.py", line 808, in create_connection
    raise err
  File "/usr/lib/python3.8/socket.py", line 796, in create_connection
    sock.connect(sa)
OSError: [Errno 113] No route to host
2026-06-05 10:41:40,878 - ERROR - Erro durante a execução
Traceback (most recent call last):
  File "fot_devices/main_n.py", line 144, in <module>
    sub_client.connect(mqttBroker, mqttPort, 60)
  File "/usr/local/lib/python3.8/dist-packages/paho/mqtt/client.py", line 1435, in connect
    return self.reconnect()
  File "/usr/local/lib/python3.8/dist-packages/paho/mqtt/client.py", line 1598, in reconnect
    self._sock = self._create_socket()
  File "/usr/local/lib/python3.8/dist-packages/paho/mqtt/client.py", line 4609, in _create_socket
    sock = self._create_socket_connection()
  File "/usr/local/lib/python3.8/dist-packages/paho/mqtt/client.py", line 4640, in _create_socket_connection
    return socket.create_connection(addr, timeout=self._connect_timeout, source_address=source)
  File "/usr/lib/python3.8/socket.py", line 808, in create_connection
    raise err
  File "/usr/lib/python3.8/socket.py", line 796, in create_connection
    sock.connect(sa)
socket.timeout: timed out
2026-06-05 10:41:41,803 - ERROR - Erro durante a execução
Traceback (most recent call last):
  File "fot_devices/main_n.py", line 144, in <module>
    sub_client.connect(mqttBroker, mqttPort, 60)
  File "/usr/local/lib/python3.8/dist-packages/paho/mqtt/client.py", line 1435, in connect
    return self.reconnect()
  File "/usr/local/lib/python3.8/dist-packages/paho/mqtt/client.py", line 1598, in reconnect
    self._sock = self._create_socket()
  File "/usr/local/lib/python3.8/dist-packages/paho/mqtt/client.py", line 4609, in _create_socket
    sock = self._create_socket_connection()
  File "/usr/local/lib/python3.8/dist-packages/paho/mqtt/client.py", line 4640, in _create_socket_connection
    return socket.create_connection(addr, timeout=self._connect_timeout, source_address=source)
  File "/usr/lib/python3.8/socket.py", line 808, in create_connection
    raise err
  File "/usr/lib/python3.8/socket.py", line 796, in create_connection
    sock.connect(sa)
OSError: [Errno 113] No route to host
2026-06-05 10:41:42,606 - ERROR - Erro durante a execução
Traceback (most recent call last):
  File "fot_devices/main_n.py", line 144, in <module>
    sub_client.connect(mqttBroker, mqttPort, 60)
  File "/usr/local/lib/python3.8/dist-packages/paho/mqtt/client.py", line 1435, in connect
    return self.reconnect()
  File "/usr/local/lib/python3.8/dist-packages/paho/mqtt/client.py", line 1598, in reconnect
    self._sock = self._create_socket()
  File "/usr/local/lib/python3.8/dist-packages/paho/mqtt/client.py", line 4609, in _create_socket
    sock = self._create_socket_connection()
  File "/usr/local/lib/python3.8/dist-packages/paho/mqtt/client.py", line 4640, in _create_socket_connection
    return socket.create_connection(addr, timeout=self._connect_timeout, source_address=source)
  File "/usr/lib/python3.8/socket.py", line 808, in create_connection
    raise err
  File "/usr/lib/python3.8/socket.py", line 796, in create_connection
    sock.connect(sa)
OSError: [Errno 113] No route to host
2026-06-05 10:41:43,815 - ERROR - Erro durante a execução
Traceback (most recent call last):
  File "fot_devices/main_n.py", line 144, in <module>
    sub_client.connect(mqttBroker, mqttPort, 60)
  File "/usr/local/lib/python3.8/dist-packages/paho/mqtt/client.py", line 1435, in connect
    return self.reconnect()
  File "/usr/local/lib/python3.8/dist-packages/paho/mqtt/client.py", line 1598, in reconnect
    self._sock = self._create_socket()
  File "/usr/local/lib/python3.8/dist-packages/paho/mqtt/client.py", line 4609, in _create_socket
    sock = self._create_socket_connection()
  File "/usr/local/lib/python3.8/dist-packages/paho/mqtt/client.py", line 4640, in _create_socket_connection
    return socket.create_connection(addr, timeout=self._connect_timeout, source_address=source)
  File "/usr/lib/python3.8/socket.py", line 808, in create_connection
    raise err
  File "/usr/lib/python3.8/socket.py", line 796, in create_connection
    sock.connect(sa)
OSError: [Errno 113] No route to host
2026-06-05 10:41:44,975 - ERROR - Erro durante a execução
Traceback (most recent call last):
  File "fot_devices/main_n.py", line 144, in <module>
    sub_client.connect(mqttBroker, mqttPort, 60)
  File "/usr/local/lib/python3.8/dist-packages/paho/mqtt/client.py", line 1435, in connect
    return self.reconnect()
  File "/usr/local/lib/python3.8/dist-packages/paho/mqtt/client.py", line 1598, in reconnect
    self._sock = self._create_socket()
  File "/usr/local/lib/python3.8/dist-packages/paho/mqtt/client.py", line 4609, in _create_socket
    sock = self._create_socket_connection()
  File "/usr/local/lib/python3.8/dist-packages/paho/mqtt/client.py", line 4640, in _create_socket_connection
    return socket.create_connection(addr, timeout=self._connect_timeout, source_address=source)
  File "/usr/lib/python3.8/socket.py", line 808, in create_connection
    raise err
  File "/usr/lib/python3.8/socket.py", line 796, in create_connection
    sock.connect(sa)
socket.timeout: timed out
2026-06-05 10:41:44,977 - ERROR - Erro durante a execução
Traceback (most recent call last):
  File "fot_devices/main_n.py", line 144, in <module>
    sub_client.connect(mqttBroker, mqttPort, 60)
  File "/usr/local/lib/python3.8/dist-packages/paho/mqtt/client.py", line 1435, in connect
    return self.reconnect()
  File "/usr/local/lib/python3.8/dist-packages/paho/mqtt/client.py", line 1598, in reconnect
    self._sock = self._create_socket()
  File "/usr/local/lib/python3.8/dist-packages/paho/mqtt/client.py", line 4609, in _create_socket
    sock = self._create_socket_connection()
  File "/usr/local/lib/python3.8/dist-packages/paho/mqtt/client.py", line 4640, in _create_socket_connection
    return socket.create_connection(addr, timeout=self._connect_timeout, source_address=source)
  File "/usr/lib/python3.8/socket.py", line 808, in create_connection
    raise err
  File "/usr/lib/python3.8/socket.py", line 796, in create_connection
    sock.connect(sa)
OSError: [Errno 113] No route to host
2026-06-05 10:41:45,413 - ERROR - Erro durante a execução
Traceback (most recent call last):
  File "fot_devices/main_n.py", line 144, in <module>
    sub_client.connect(mqttBroker, mqttPort, 60)
  File "/usr/local/lib/python3.8/dist-packages/paho/mqtt/client.py", line 1435, in connect
    return self.reconnect()
  File "/usr/local/lib/python3.8/dist-packages/paho/mqtt/client.py", line 1598, in reconnect
    self._sock = self._create_socket()
  File "/usr/local/lib/python3.8/dist-packages/paho/mqtt/client.py", line 4609, in _create_socket
    sock = self._create_socket_connection()
  File "/usr/local/lib/python3.8/dist-packages/paho/mqtt/client.py", line 4640, in _create_socket_connection
    return socket.create_connection(addr, timeout=self._connect_timeout, source_address=source)
  File "/usr/lib/python3.8/socket.py", line 808, in create_connection
    raise err
  File "/usr/lib/python3.8/socket.py", line 796, in create_connection
    sock.connect(sa)
OSError: [Errno 113] No route to host
2026-06-05 10:41:46,812 - ERROR - Erro durante a execução
Traceback (most recent call last):
  File "fot_devices/main_n.py", line 144, in <module>
    sub_client.connect(mqttBroker, mqttPort, 60)
  File "/usr/local/lib/python3.8/dist-packages/paho/mqtt/client.py", line 1435, in connect
    return self.reconnect()
  File "/usr/local/lib/python3.8/dist-packages/paho/mqtt/client.py", line 1598, in reconnect
    self._sock = self._create_socket()
  File "/usr/local/lib/python3.8/dist-packages/paho/mqtt/client.py", line 4609, in _create_socket
    sock = self._create_socket_connection()
  File "/usr/local/lib/python3.8/dist-packages/paho/mqtt/client.py", line 4640, in _create_socket_connection
    return socket.create_connection(addr, timeout=self._connect_timeout, source_address=source)
  File "/usr/lib/python3.8/socket.py", line 808, in create_connection
    raise err
  File "/usr/lib/python3.8/socket.py", line 796, in create_connection
    sock.connect(sa)
OSError: [Errno 113] No route to host
2026-06-05 10:41:47,614 - ERROR - Erro durante a execução
Traceback (most recent call last):
  File "fot_devices/main_n.py", line 144, in <module>
    sub_client.connect(mqttBroker, mqttPort, 60)
  File "/usr/local/lib/python3.8/dist-packages/paho/mqtt/client.py", line 1435, in connect
    return self.reconnect()
  File "/usr/local/lib/python3.8/dist-packages/paho/mqtt/client.py", line 1598, in reconnect
    self._sock = self._create_socket()
  File "/usr/local/lib/python3.8/dist-packages/paho/mqtt/client.py", line 4609, in _create_socket
    sock = self._create_socket_connection()
  File "/usr/local/lib/python3.8/dist-packages/paho/mqtt/client.py", line 4640, in _create_socket_connection
    return socket.create_connection(addr, timeout=self._connect_timeout, source_address=source)
  File "/usr/lib/python3.8/socket.py", line 808, in create_connection
    raise err
  File "/usr/lib/python3.8/socket.py", line 796, in create_connection
    sock.connect(sa)
OSError: [Errno 113] No route to host
2026-06-05 10:41:48,837 - ERROR - Erro durante a execução
Traceback (most recent call last):
  File "fot_devices/main_n.py", line 144, in <module>
    sub_client.connect(mqttBroker, mqttPort, 60)
  File "/usr/local/lib/python3.8/dist-packages/paho/mqtt/client.py", line 1435, in connect
    return self.reconnect()
  File "/usr/local/lib/python3.8/dist-packages/paho/mqtt/client.py", line 1598, in reconnect
    self._sock = self._create_socket()
  File "/usr/local/lib/python3.8/dist-packages/paho/mqtt/client.py", line 4609, in _create_socket
    sock = self._create_socket_connection()
  File "/usr/local/lib/python3.8/dist-packages/paho/mqtt/client.py", line 4640, in _create_socket_connection
    return socket.create_connection(addr, timeout=self._connect_timeout, source_address=source)
  File "/usr/lib/python3.8/socket.py", line 808, in create_connection
    raise err
  File "/usr/lib/python3.8/socket.py", line 796, in create_connection
    sock.connect(sa)
OSError: [Errno 113] No route to host
2026-06-05 10:41:49,979 - ERROR - Erro durante a execução
Traceback (most recent call last):
  File "fot_devices/main_n.py", line 144, in <module>
    sub_client.connect(mqttBroker, mqttPort, 60)
  File "/usr/local/lib/python3.8/dist-packages/paho/mqtt/client.py", line 1435, in connect
    return self.reconnect()
  File "/usr/local/lib/python3.8/dist-packages/paho/mqtt/client.py", line 1598, in reconnect
    self._sock = self._create_socket()
  File "/usr/local/lib/python3.8/dist-packages/paho/mqtt/client.py", line 4609, in _create_socket
    sock = self._create_socket_connection()
  File "/usr/local/lib/python3.8/dist-packages/paho/mqtt/client.py", line 4640, in _create_socket_connection
    return socket.create_connection(addr, timeout=self._connect_timeout, source_address=source)
  File "/usr/lib/python3.8/socket.py", line 808, in create_connection
    raise err
  File "/usr/lib/python3.8/socket.py", line 796, in create_connection
    sock.connect(sa)
socket.timeout: timed out
2026-06-05 10:41:49,981 - ERROR - Erro durante a execução
Traceback (most recent call last):
  File "fot_devices/main_n.py", line 144, in <module>
    sub_client.connect(mqttBroker, mqttPort, 60)
  File "/usr/local/lib/python3.8/dist-packages/paho/mqtt/client.py", line 1435, in connect
    return self.reconnect()
  File "/usr/local/lib/python3.8/dist-packages/paho/mqtt/client.py", line 1598, in reconnect
    self._sock = self._create_socket()
  File "/usr/local/lib/python3.8/dist-packages/paho/mqtt/client.py", line 4609, in _create_socket
    sock = self._create_socket_connection()
  File "/usr/local/lib/python3.8/dist-packages/paho/mqtt/client.py", line 4640, in _create_socket_connection
    return socket.create_connection(addr, timeout=self._connect_timeout, source_address=source)
  File "/usr/lib/python3.8/socket.py", line 808, in create_connection
    raise err
  File "/usr/lib/python3.8/socket.py", line 796, in create_connection
    sock.connect(sa)
OSError: [Errno 113] No route to host
2026-06-05 10:41:50,421 - ERROR - Erro durante a execução
Traceback (most recent call last):
  File "fot_devices/main_n.py", line 144, in <module>
    sub_client.connect(mqttBroker, mqttPort, 60)
  File "/usr/local/lib/python3.8/dist-packages/paho/mqtt/client.py", line 1435, in connect
    return self.reconnect()
  File "/usr/local/lib/python3.8/dist-packages/paho/mqtt/client.py", line 1598, in reconnect
    self._sock = self._create_socket()
  File "/usr/local/lib/python3.8/dist-packages/paho/mqtt/client.py", line 4609, in _create_socket
    sock = self._create_socket_connection()
  File "/usr/local/lib/python3.8/dist-packages/paho/mqtt/client.py", line 4640, in _create_socket_connection
    return socket.create_connection(addr, timeout=self._connect_timeout, source_address=source)
  File "/usr/lib/python3.8/socket.py", line 808, in create_connection
    raise err
  File "/usr/lib/python3.8/socket.py", line 796, in create_connection
    sock.connect(sa)
OSError: [Errno 113] No route to host
2026-06-05 10:41:50,890 - ERROR - Erro durante a execução
Traceback (most recent call last):
  File "fot_devices/main_n.py", line 144, in <module>
    sub_client.connect(mqttBroker, mqttPort, 60)
  File "/usr/local/lib/python3.8/dist-packages/paho/mqtt/client.py", line 1435, in connect
    return self.reconnect()
  File "/usr/local/lib/python3.8/dist-packages/paho/mqtt/client.py", line 1598, in reconnect
    self._sock = self._create_socket()
  File "/usr/local/lib/python3.8/dist-packages/paho/mqtt/client.py", line 4609, in _create_socket
    sock = self._create_socket_connection()
  File "/usr/local/lib/python3.8/dist-packages/paho/mqtt/client.py", line 4640, in _create_socket_connection
    return socket.create_connection(addr, timeout=self._connect_timeout, source_address=source)
  File "/usr/lib/python3.8/socket.py", line 808, in create_connection
    raise err
  File "/usr/lib/python3.8/socket.py", line 796, in create_connection
    sock.connect(sa)
socket.timeout: timed out
2026-06-05 10:41:51,877 - ERROR - Erro durante a execução
Traceback (most recent call last):
  File "fot_devices/main_n.py", line 144, in <module>
    sub_client.connect(mqttBroker, mqttPort, 60)
  File "/usr/local/lib/python3.8/dist-packages/paho/mqtt/client.py", line 1435, in connect
    return self.reconnect()
  File "/usr/local/lib/python3.8/dist-packages/paho/mqtt/client.py", line 1598, in reconnect
    self._sock = self._create_socket()
  File "/usr/local/lib/python3.8/dist-packages/paho/mqtt/client.py", line 4609, in _create_socket
    sock = self._create_socket_connection()
  File "/usr/local/lib/python3.8/dist-packages/paho/mqtt/client.py", line 4640, in _create_socket_connection
    return socket.create_connection(addr, timeout=self._connect_timeout, source_address=source)
  File "/usr/lib/python3.8/socket.py", line 808, in create_connection
    raise err
  File "/usr/lib/python3.8/socket.py", line 796, in create_connection
    sock.connect(sa)
OSError: [Errno 113] No route to host
2026-06-05 10:41:52,616 - ERROR - Erro durante a execução
Traceback (most recent call last):
  File "fot_devices/main_n.py", line 144, in <module>
    sub_client.connect(mqttBroker, mqttPort, 60)
  File "/usr/local/lib/python3.8/dist-packages/paho/mqtt/client.py", line 1435, in connect
    return self.reconnect()
  File "/usr/local/lib/python3.8/dist-packages/paho/mqtt/client.py", line 1598, in reconnect
    self._sock = self._create_socket()
  File "/usr/local/lib/python3.8/dist-packages/paho/mqtt/client.py", line 4609, in _create_socket
    sock = self._create_socket_connection()
  File "/usr/local/lib/python3.8/dist-packages/paho/mqtt/client.py", line 4640, in _create_socket_connection
    return socket.create_connection(addr, timeout=self._connect_timeout, source_address=source)
  File "/usr/lib/python3.8/socket.py", line 808, in create_connection
    raise err
  File "/usr/lib/python3.8/socket.py", line 796, in create_connection
    sock.connect(sa)
OSError: [Errno 113] No route to host
2026-06-05 10:41:53,885 - ERROR - Erro durante a execução
Traceback (most recent call last):
  File "fot_devices/main_n.py", line 144, in <module>
    sub_client.connect(mqttBroker, mqttPort, 60)
  File "/usr/local/lib/python3.8/dist-packages/paho/mqtt/client.py", line 1435, in connect
    return self.reconnect()
  File "/usr/local/lib/python3.8/dist-packages/paho/mqtt/client.py", line 1598, in reconnect
    self._sock = self._create_socket()
  File "/usr/local/lib/python3.8/dist-packages/paho/mqtt/client.py", line 4609, in _create_socket
    sock = self._create_socket_connection()
  File "/usr/local/lib/python3.8/dist-packages/paho/mqtt/client.py", line 4640, in _create_socket_connection
    return socket.create_connection(addr, timeout=self._connect_timeout, source_address=source)
  File "/usr/lib/python3.8/socket.py", line 808, in create_connection
    raise err
  File "/usr/lib/python3.8/socket.py", line 796, in create_connection
    sock.connect(sa)
OSError: [Errno 113] No route to host
2026-06-05 10:41:54,987 - ERROR - Erro durante a execução
Traceback (most recent call last):
  File "fot_devices/main_n.py", line 144, in <module>
    sub_client.connect(mqttBroker, mqttPort, 60)
  File "/usr/local/lib/python3.8/dist-packages/paho/mqtt/client.py", line 1435, in connect
    return self.reconnect()
  File "/usr/local/lib/python3.8/dist-packages/paho/mqtt/client.py", line 1598, in reconnect
    self._sock = self._create_socket()
  File "/usr/local/lib/python3.8/dist-packages/paho/mqtt/client.py", line 4609, in _create_socket
    sock = self._create_socket_connection()
  File "/usr/local/lib/python3.8/dist-packages/paho/mqtt/client.py", line 4640, in _create_socket_connection
    return socket.create_connection(addr, timeout=self._connect_timeout, source_address=source)
  File "/usr/lib/python3.8/socket.py", line 808, in create_connection
    raise err
  File "/usr/lib/python3.8/socket.py", line 796, in create_connection
    sock.connect(sa)
socket.timeout: timed out
2026-06-05 10:41:54,989 - ERROR - Erro durante a execução
Traceback (most recent call last):
  File "fot_devices/main_n.py", line 144, in <module>
    sub_client.connect(mqttBroker, mqttPort, 60)
  File "/usr/local/lib/python3.8/dist-packages/paho/mqtt/client.py", line 1435, in connect
    return self.reconnect()
  File "/usr/local/lib/python3.8/dist-packages/paho/mqtt/client.py", line 1598, in reconnect
    self._sock = self._create_socket()
  File "/usr/local/lib/python3.8/dist-packages/paho/mqtt/client.py", line 4609, in _create_socket
    sock = self._create_socket_connection()
  File "/usr/local/lib/python3.8/dist-packages/paho/mqtt/client.py", line 4640, in _create_socket_connection
    return socket.create_connection(addr, timeout=self._connect_timeout, source_address=source)
  File "/usr/lib/python3.8/socket.py", line 808, in create_connection
    raise err
  File "/usr/lib/python3.8/socket.py", line 796, in create_connection
    sock.connect(sa)
OSError: [Errno 113] No route to host
2026-06-05 10:41:55,440 - ERROR - Erro durante a execução
Traceback (most recent call last):
  File "fot_devices/main_n.py", line 144, in <module>
    sub_client.connect(mqttBroker, mqttPort, 60)
  File "/usr/local/lib/python3.8/dist-packages/paho/mqtt/client.py", line 1435, in connect
    return self.reconnect()
  File "/usr/local/lib/python3.8/dist-packages/paho/mqtt/client.py", line 1598, in reconnect
    self._sock = self._create_socket()
  File "/usr/local/lib/python3.8/dist-packages/paho/mqtt/client.py", line 4609, in _create_socket
    sock = self._create_socket_connection()
  File "/usr/local/lib/python3.8/dist-packages/paho/mqtt/client.py", line 4640, in _create_socket_connection
    return socket.create_connection(addr, timeout=self._connect_timeout, source_address=source)
  File "/usr/lib/python3.8/socket.py", line 808, in create_connection
    raise err
  File "/usr/lib/python3.8/socket.py", line 796, in create_connection
    sock.connect(sa)
OSError: [Errno 113] No route to host
2026-06-05 10:41:56,884 - ERROR - Erro durante a execução
Traceback (most recent call last):
  File "fot_devices/main_n.py", line 144, in <module>
    sub_client.connect(mqttBroker, mqttPort, 60)
  File "/usr/local/lib/python3.8/dist-packages/paho/mqtt/client.py", line 1435, in connect
    return self.reconnect()
  File "/usr/local/lib/python3.8/dist-packages/paho/mqtt/client.py", line 1598, in reconnect
    self._sock = self._create_socket()
  File "/usr/local/lib/python3.8/dist-packages/paho/mqtt/client.py", line 4609, in _create_socket
    sock = self._create_socket_connection()
  File "/usr/local/lib/python3.8/dist-packages/paho/mqtt/client.py", line 4640, in _create_socket_connection
    return socket.create_connection(addr, timeout=self._connect_timeout, source_address=source)
  File "/usr/lib/python3.8/socket.py", line 808, in create_connection
    raise err
  File "/usr/lib/python3.8/socket.py", line 796, in create_connection
    sock.connect(sa)
OSError: [Errno 113] No route to host
2026-06-05 10:41:57,665 - ERROR - Erro durante a execução
Traceback (most recent call last):
  File "fot_devices/main_n.py", line 144, in <module>
    sub_client.connect(mqttBroker, mqttPort, 60)
  File "/usr/local/lib/python3.8/dist-packages/paho/mqtt/client.py", line 1435, in connect
    return self.reconnect()
  File "/usr/local/lib/python3.8/dist-packages/paho/mqtt/client.py", line 1598, in reconnect
    self._sock = self._create_socket()
  File "/usr/local/lib/python3.8/dist-packages/paho/mqtt/client.py", line 4609, in _create_socket
    sock = self._create_socket_connection()
  File "/usr/local/lib/python3.8/dist-packages/paho/mqtt/client.py", line 4640, in _create_socket_connection
    return socket.create_connection(addr, timeout=self._connect_timeout, source_address=source)
  File "/usr/lib/python3.8/socket.py", line 808, in create_connection
    raise err
  File "/usr/lib/python3.8/socket.py", line 796, in create_connection
    sock.connect(sa)
OSError: [Errno 113] No route to host
2026-06-05 10:41:58,949 - ERROR - Erro durante a execução
Traceback (most recent call last):
  File "fot_devices/main_n.py", line 144, in <module>
    sub_client.connect(mqttBroker, mqttPort, 60)
  File "/usr/local/lib/python3.8/dist-packages/paho/mqtt/client.py", line 1435, in connect
    return self.reconnect()
  File "/usr/local/lib/python3.8/dist-packages/paho/mqtt/client.py", line 1598, in reconnect
    self._sock = self._create_socket()
  File "/usr/local/lib/python3.8/dist-packages/paho/mqtt/client.py", line 4609, in _create_socket
    sock = self._create_socket_connection()
  File "/usr/local/lib/python3.8/dist-packages/paho/mqtt/client.py", line 4640, in _create_socket_connection
    return socket.create_connection(addr, timeout=self._connect_timeout, source_address=source)
  File "/usr/lib/python3.8/socket.py", line 808, in create_connection
    raise err
  File "/usr/lib/python3.8/socket.py", line 796, in create_connection
    sock.connect(sa)
OSError: [Errno 113] No route to host
2026-06-05 10:42:00,046 - ERROR - Erro durante a execução
Traceback (most recent call last):
  File "fot_devices/main_n.py", line 144, in <module>
    sub_client.connect(mqttBroker, mqttPort, 60)
  File "/usr/local/lib/python3.8/dist-packages/paho/mqtt/client.py", line 1435, in connect
    return self.reconnect()
  File "/usr/local/lib/python3.8/dist-packages/paho/mqtt/client.py", line 1598, in reconnect
    self._sock = self._create_socket()
  File "/usr/local/lib/python3.8/dist-packages/paho/mqtt/client.py", line 4609, in _create_socket
    sock = self._create_socket_connection()
  File "/usr/local/lib/python3.8/dist-packages/paho/mqtt/client.py", line 4640, in _create_socket_connection
    return socket.create_connection(addr, timeout=self._connect_timeout, source_address=source)
  File "/usr/lib/python3.8/socket.py", line 808, in create_connection
    raise err
  File "/usr/lib/python3.8/socket.py", line 796, in create_connection
    sock.connect(sa)
socket.timeout: timed out
2026-06-05 10:42:00,048 - ERROR - Erro durante a execução
Traceback (most recent call last):
  File "fot_devices/main_n.py", line 144, in <module>
    sub_client.connect(mqttBroker, mqttPort, 60)
  File "/usr/local/lib/python3.8/dist-packages/paho/mqtt/client.py", line 1435, in connect
    return self.reconnect()
  File "/usr/local/lib/python3.8/dist-packages/paho/mqtt/client.py", line 1598, in reconnect
    self._sock = self._create_socket()
  File "/usr/local/lib/python3.8/dist-packages/paho/mqtt/client.py", line 4609, in _create_socket
    sock = self._create_socket_connection()
  File "/usr/local/lib/python3.8/dist-packages/paho/mqtt/client.py", line 4640, in _create_socket_connection
    return socket.create_connection(addr, timeout=self._connect_timeout, source_address=source)
  File "/usr/lib/python3.8/socket.py", line 808, in create_connection
    raise err
  File "/usr/lib/python3.8/socket.py", line 796, in create_connection
    sock.connect(sa)
OSError: [Errno 113] No route to host
2026-06-05 10:42:00,447 - ERROR - Erro durante a execução
Traceback (most recent call last):
  File "fot_devices/main_n.py", line 144, in <module>
    sub_client.connect(mqttBroker, mqttPort, 60)
  File "/usr/local/lib/python3.8/dist-packages/paho/mqtt/client.py", line 1435, in connect
    return self.reconnect()
  File "/usr/local/lib/python3.8/dist-packages/paho/mqtt/client.py", line 1598, in reconnect
    self._sock = self._create_socket()
  File "/usr/local/lib/python3.8/dist-packages/paho/mqtt/client.py", line 4609, in _create_socket
    sock = self._create_socket_connection()
  File "/usr/local/lib/python3.8/dist-packages/paho/mqtt/client.py", line 4640, in _create_socket_connection
    return socket.create_connection(addr, timeout=self._connect_timeout, source_address=source)
  File "/usr/lib/python3.8/socket.py", line 808, in create_connection
    raise err
  File "/usr/lib/python3.8/socket.py", line 796, in create_connection
    sock.connect(sa)
OSError: [Errno 113] No route to host
2026-06-05 10:43:23,801 - ERROR - Erro durante a execução
Traceback (most recent call last):
  File "fot_devices/main_n.py", line 144, in <module>
    sub_client.connect(mqttBroker, mqttPort, 60)
  File "/usr/local/lib/python3.8/dist-packages/paho/mqtt/client.py", line 1435, in connect
    return self.reconnect()
  File "/usr/local/lib/python3.8/dist-packages/paho/mqtt/client.py", line 1598, in reconnect
    self._sock = self._create_socket()
  File "/usr/local/lib/python3.8/dist-packages/paho/mqtt/client.py", line 4609, in _create_socket
    sock = self._create_socket_connection()
  File "/usr/local/lib/python3.8/dist-packages/paho/mqtt/client.py", line 4640, in _create_socket_connection
    return socket.create_connection(addr, timeout=self._connect_timeout, source_address=source)
  File "/usr/lib/python3.8/socket.py", line 808, in create_connection
    raise err
  File "/usr/lib/python3.8/socket.py", line 796, in create_connection
    sock.connect(sa)
OSError: [Errno 113] No route to host
2026-06-05 10:43:23,913 - ERROR - Erro durante a execução
Traceback (most recent call last):
  File "fot_devices/main_n.py", line 144, in <module>
    sub_client.connect(mqttBroker, mqttPort, 60)
  File "/usr/local/lib/python3.8/dist-packages/paho/mqtt/client.py", line 1435, in connect
    return self.reconnect()
  File "/usr/local/lib/python3.8/dist-packages/paho/mqtt/client.py", line 1598, in reconnect
    self._sock = self._create_socket()
  File "/usr/local/lib/python3.8/dist-packages/paho/mqtt/client.py", line 4609, in _create_socket
    sock = self._create_socket_connection()
  File "/usr/local/lib/python3.8/dist-packages/paho/mqtt/client.py", line 4640, in _create_socket_connection
    return socket.create_connection(addr, timeout=self._connect_timeout, source_address=source)
  File "/usr/lib/python3.8/socket.py", line 808, in create_connection
    raise err
  File "/usr/lib/python3.8/socket.py", line 796, in create_connection
    sock.connect(sa)
OSError: [Errno 113] No route to host
2026-06-05 10:43:24,032 - ERROR - Erro durante a execução
Traceback (most recent call last):
  File "fot_devices/main_n.py", line 144, in <module>
    sub_client.connect(mqttBroker, mqttPort, 60)
  File "/usr/local/lib/python3.8/dist-packages/paho/mqtt/client.py", line 1435, in connect
    return self.reconnect()
  File "/usr/local/lib/python3.8/dist-packages/paho/mqtt/client.py", line 1598, in reconnect
    self._sock = self._create_socket()
  File "/usr/local/lib/python3.8/dist-packages/paho/mqtt/client.py", line 4609, in _create_socket
    sock = self._create_socket_connection()
  File "/usr/local/lib/python3.8/dist-packages/paho/mqtt/client.py", line 4640, in _create_socket_connection
    return socket.create_connection(addr, timeout=self._connect_timeout, source_address=source)
  File "/usr/lib/python3.8/socket.py", line 808, in create_connection
    raise err
  File "/usr/lib/python3.8/socket.py", line 796, in create_connection
    sock.connect(sa)
OSError: [Errno 113] No route to host
2026-06-05 10:43:24,134 - ERROR - Erro durante a execução
Traceback (most recent call last):
  File "fot_devices/main_n.py", line 144, in <module>
    sub_client.connect(mqttBroker, mqttPort, 60)
  File "/usr/local/lib/python3.8/dist-packages/paho/mqtt/client.py", line 1435, in connect
    return self.reconnect()
  File "/usr/local/lib/python3.8/dist-packages/paho/mqtt/client.py", line 1598, in reconnect
    self._sock = self._create_socket()
  File "/usr/local/lib/python3.8/dist-packages/paho/mqtt/client.py", line 4609, in _create_socket
    sock = self._create_socket_connection()
  File "/usr/local/lib/python3.8/dist-packages/paho/mqtt/client.py", line 4640, in _create_socket_connection
    return socket.create_connection(addr, timeout=self._connect_timeout, source_address=source)
  File "/usr/lib/python3.8/socket.py", line 808, in create_connection
    raise err
  File "/usr/lib/python3.8/socket.py", line 796, in create_connection
    sock.connect(sa)
OSError: [Errno 113] No route to host
2026-06-05 10:43:24,266 - ERROR - Erro durante a execução
Traceback (most recent call last):
  File "fot_devices/main_n.py", line 144, in <module>
    sub_client.connect(mqttBroker, mqttPort, 60)
  File "/usr/local/lib/python3.8/dist-packages/paho/mqtt/client.py", line 1435, in connect
    return self.reconnect()
  File "/usr/local/lib/python3.8/dist-packages/paho/mqtt/client.py", line 1598, in reconnect
    self._sock = self._create_socket()
  File "/usr/local/lib/python3.8/dist-packages/paho/mqtt/client.py", line 4609, in _create_socket
    sock = self._create_socket_connection()
  File "/usr/local/lib/python3.8/dist-packages/paho/mqtt/client.py", line 4640, in _create_socket_connection
    return socket.create_connection(addr, timeout=self._connect_timeout, source_address=source)
  File "/usr/lib/python3.8/socket.py", line 808, in create_connection
    raise err
  File "/usr/lib/python3.8/socket.py", line 796, in create_connection
    sock.connect(sa)
OSError: [Errno 113] No route to host
2026-06-05 10:43:24,369 - ERROR - Erro durante a execução
Traceback (most recent call last):
  File "fot_devices/main_n.py", line 144, in <module>
    sub_client.connect(mqttBroker, mqttPort, 60)
  File "/usr/local/lib/python3.8/dist-packages/paho/mqtt/client.py", line 1435, in connect
    return self.reconnect()
  File "/usr/local/lib/python3.8/dist-packages/paho/mqtt/client.py", line 1598, in reconnect
    self._sock = self._create_socket()
  File "/usr/local/lib/python3.8/dist-packages/paho/mqtt/client.py", line 4609, in _create_socket
    sock = self._create_socket_connection()
  File "/usr/local/lib/python3.8/dist-packages/paho/mqtt/client.py", line 4640, in _create_socket_connection
    return socket.create_connection(addr, timeout=self._connect_timeout, source_address=source)
  File "/usr/lib/python3.8/socket.py", line 808, in create_connection
    raise err
  File "/usr/lib/python3.8/socket.py", line 796, in create_connection
    sock.connect(sa)
OSError: [Errno 113] No route to host
2026-06-05 10:43:25,509 - ERROR - Erro durante a execução
Traceback (most recent call last):
  File "fot_devices/main_n.py", line 144, in <module>
    sub_client.connect(mqttBroker, mqttPort, 60)
  File "/usr/local/lib/python3.8/dist-packages/paho/mqtt/client.py", line 1435, in connect
    return self.reconnect()
  File "/usr/local/lib/python3.8/dist-packages/paho/mqtt/client.py", line 1598, in reconnect
    self._sock = self._create_socket()
  File "/usr/local/lib/python3.8/dist-packages/paho/mqtt/client.py", line 4609, in _create_socket
    sock = self._create_socket_connection()
  File "/usr/local/lib/python3.8/dist-packages/paho/mqtt/client.py", line 4640, in _create_socket_connection
    return socket.create_connection(addr, timeout=self._connect_timeout, source_address=source)
  File "/usr/lib/python3.8/socket.py", line 808, in create_connection
    raise err
  File "/usr/lib/python3.8/socket.py", line 796, in create_connection
    sock.connect(sa)
OSError: [Errno 113] No route to host
2026-06-05 10:43:27,621 - ERROR - Erro durante a execução
Traceback (most recent call last):
  File "fot_devices/main_n.py", line 144, in <module>
    sub_client.connect(mqttBroker, mqttPort, 60)
  File "/usr/local/lib/python3.8/dist-packages/paho/mqtt/client.py", line 1435, in connect
    return self.reconnect()
  File "/usr/local/lib/python3.8/dist-packages/paho/mqtt/client.py", line 1598, in reconnect
    self._sock = self._create_socket()
  File "/usr/local/lib/python3.8/dist-packages/paho/mqtt/client.py", line 4609, in _create_socket
    sock = self._create_socket_connection()
  File "/usr/local/lib/python3.8/dist-packages/paho/mqtt/client.py", line 4640, in _create_socket_connection
    return socket.create_connection(addr, timeout=self._connect_timeout, source_address=source)
  File "/usr/lib/python3.8/socket.py", line 808, in create_connection
    raise err
  File "/usr/lib/python3.8/socket.py", line 796, in create_connection
    sock.connect(sa)
OSError: [Errno 113] No route to host
2026-06-05 10:43:28,805 - ERROR - Erro durante a execução
Traceback (most recent call last):
  File "fot_devices/main_n.py", line 144, in <module>
    sub_client.connect(mqttBroker, mqttPort, 60)
  File "/usr/local/lib/python3.8/dist-packages/paho/mqtt/client.py", line 1435, in connect
    return self.reconnect()
  File "/usr/local/lib/python3.8/dist-packages/paho/mqtt/client.py", line 1598, in reconnect
    self._sock = self._create_socket()
  File "/usr/local/lib/python3.8/dist-packages/paho/mqtt/client.py", line 4609, in _create_socket
    sock = self._create_socket_connection()
  File "/usr/local/lib/python3.8/dist-packages/paho/mqtt/client.py", line 4640, in _create_socket_connection
    return socket.create_connection(addr, timeout=self._connect_timeout, source_address=source)
  File "/usr/lib/python3.8/socket.py", line 808, in create_connection
    raise err
  File "/usr/lib/python3.8/socket.py", line 796, in create_connection
    sock.connect(sa)
OSError: [Errno 113] No route to host
2026-06-05 10:43:29,924 - ERROR - Erro durante a execução
Traceback (most recent call last):
  File "fot_devices/main_n.py", line 144, in <module>
    sub_client.connect(mqttBroker, mqttPort, 60)
  File "/usr/local/lib/python3.8/dist-packages/paho/mqtt/client.py", line 1435, in connect
    return self.reconnect()
  File "/usr/local/lib/python3.8/dist-packages/paho/mqtt/client.py", line 1598, in reconnect
    self._sock = self._create_socket()
  File "/usr/local/lib/python3.8/dist-packages/paho/mqtt/client.py", line 4609, in _create_socket
    sock = self._create_socket_connection()
  File "/usr/local/lib/python3.8/dist-packages/paho/mqtt/client.py", line 4640, in _create_socket_connection
    return socket.create_connection(addr, timeout=self._connect_timeout, source_address=source)
  File "/usr/lib/python3.8/socket.py", line 808, in create_connection
    raise err
  File "/usr/lib/python3.8/socket.py", line 796, in create_connection
    sock.connect(sa)
OSError: [Errno 113] No route to host
2026-06-05 10:43:32,069 - ERROR - Erro durante a execução
Traceback (most recent call last):
  File "fot_devices/main_n.py", line 144, in <module>
    sub_client.connect(mqttBroker, mqttPort, 60)
  File "/usr/local/lib/python3.8/dist-packages/paho/mqtt/client.py", line 1435, in connect
    return self.reconnect()
  File "/usr/local/lib/python3.8/dist-packages/paho/mqtt/client.py", line 1598, in reconnect
    self._sock = self._create_socket()
  File "/usr/local/lib/python3.8/dist-packages/paho/mqtt/client.py", line 4609, in _create_socket
    sock = self._create_socket_connection()
  File "/usr/local/lib/python3.8/dist-packages/paho/mqtt/client.py", line 4640, in _create_socket_connection
    return socket.create_connection(addr, timeout=self._connect_timeout, source_address=source)
  File "/usr/lib/python3.8/socket.py", line 808, in create_connection
    raise err
  File "/usr/lib/python3.8/socket.py", line 796, in create_connection
    sock.connect(sa)
OSError: [Errno 113] No route to host
2026-06-05 10:43:33,636 - ERROR - Erro durante a execução
Traceback (most recent call last):
  File "fot_devices/main_n.py", line 144, in <module>
    sub_client.connect(mqttBroker, mqttPort, 60)
  File "/usr/local/lib/python3.8/dist-packages/paho/mqtt/client.py", line 1435, in connect
    return self.reconnect()
  File "/usr/local/lib/python3.8/dist-packages/paho/mqtt/client.py", line 1598, in reconnect
    self._sock = self._create_socket()
  File "/usr/local/lib/python3.8/dist-packages/paho/mqtt/client.py", line 4609, in _create_socket
    sock = self._create_socket_connection()
  File "/usr/local/lib/python3.8/dist-packages/paho/mqtt/client.py", line 4640, in _create_socket_connection
    return socket.create_connection(addr, timeout=self._connect_timeout, source_address=source)
  File "/usr/lib/python3.8/socket.py", line 808, in create_connection
    raise err
  File "/usr/lib/python3.8/socket.py", line 796, in create_connection
    sock.connect(sa)
OSError: [Errno 113] No route to host
2026-06-05 10:43:33,812 - ERROR - Erro durante a execução
Traceback (most recent call last):
  File "fot_devices/main_n.py", line 144, in <module>
    sub_client.connect(mqttBroker, mqttPort, 60)
  File "/usr/local/lib/python3.8/dist-packages/paho/mqtt/client.py", line 1435, in connect
    return self.reconnect()
  File "/usr/local/lib/python3.8/dist-packages/paho/mqtt/client.py", line 1598, in reconnect
    self._sock = self._create_socket()
  File "/usr/local/lib/python3.8/dist-packages/paho/mqtt/client.py", line 4609, in _create_socket
    sock = self._create_socket_connection()
  File "/usr/local/lib/python3.8/dist-packages/paho/mqtt/client.py", line 4640, in _create_socket_connection
    return socket.create_connection(addr, timeout=self._connect_timeout, source_address=source)
  File "/usr/lib/python3.8/socket.py", line 808, in create_connection
    raise err
  File "/usr/lib/python3.8/socket.py", line 796, in create_connection
    sock.connect(sa)
OSError: [Errno 113] No route to host
2026-06-05 10:43:34,146 - ERROR - Erro durante a execução
Traceback (most recent call last):
  File "fot_devices/main_n.py", line 144, in <module>
    sub_client.connect(mqttBroker, mqttPort, 60)
  File "/usr/local/lib/python3.8/dist-packages/paho/mqtt/client.py", line 1435, in connect
    return self.reconnect()
  File "/usr/local/lib/python3.8/dist-packages/paho/mqtt/client.py", line 1598, in reconnect
    self._sock = self._create_socket()
  File "/usr/local/lib/python3.8/dist-packages/paho/mqtt/client.py", line 4609, in _create_socket
    sock = self._create_socket_connection()
  File "/usr/local/lib/python3.8/dist-packages/paho/mqtt/client.py", line 4640, in _create_socket_connection
    return socket.create_connection(addr, timeout=self._connect_timeout, source_address=source)
  File "/usr/lib/python3.8/socket.py", line 808, in create_connection
    raise err
  File "/usr/lib/python3.8/socket.py", line 796, in create_connection
    sock.connect(sa)
socket.timeout: timed out
2026-06-05 10:43:34,277 - ERROR - Erro durante a execução
Traceback (most recent call last):
  File "fot_devices/main_n.py", line 144, in <module>
    sub_client.connect(mqttBroker, mqttPort, 60)
  File "/usr/local/lib/python3.8/dist-packages/paho/mqtt/client.py", line 1435, in connect
    return self.reconnect()
  File "/usr/local/lib/python3.8/dist-packages/paho/mqtt/client.py", line 1598, in reconnect
    self._sock = self._create_socket()
  File "/usr/local/lib/python3.8/dist-packages/paho/mqtt/client.py", line 4609, in _create_socket
    sock = self._create_socket_connection()
  File "/usr/local/lib/python3.8/dist-packages/paho/mqtt/client.py", line 4640, in _create_socket_connection
    return socket.create_connection(addr, timeout=self._connect_timeout, source_address=source)
  File "/usr/lib/python3.8/socket.py", line 808, in create_connection
    raise err
  File "/usr/lib/python3.8/socket.py", line 796, in create_connection
    sock.connect(sa)
socket.timeout: timed out
2026-06-05 10:43:34,380 - ERROR - Erro durante a execução
Traceback (most recent call last):
  File "fot_devices/main_n.py", line 144, in <module>
    sub_client.connect(mqttBroker, mqttPort, 60)
  File "/usr/local/lib/python3.8/dist-packages/paho/mqtt/client.py", line 1435, in connect
    return self.reconnect()
  File "/usr/local/lib/python3.8/dist-packages/paho/mqtt/client.py", line 1598, in reconnect
    self._sock = self._create_socket()
  File "/usr/local/lib/python3.8/dist-packages/paho/mqtt/client.py", line 4609, in _create_socket
    sock = self._create_socket_connection()
  File "/usr/local/lib/python3.8/dist-packages/paho/mqtt/client.py", line 4640, in _create_socket_connection
    return socket.create_connection(addr, timeout=self._connect_timeout, source_address=source)
  File "/usr/lib/python3.8/socket.py", line 808, in create_connection
    raise err
  File "/usr/lib/python3.8/socket.py", line 796, in create_connection
    sock.connect(sa)
socket.timeout: timed out
2026-06-05 10:43:34,929 - ERROR - Erro durante a execução
Traceback (most recent call last):
  File "fot_devices/main_n.py", line 144, in <module>
    sub_client.connect(mqttBroker, mqttPort, 60)
  File "/usr/local/lib/python3.8/dist-packages/paho/mqtt/client.py", line 1435, in connect
    return self.reconnect()
  File "/usr/local/lib/python3.8/dist-packages/paho/mqtt/client.py", line 1598, in reconnect
    self._sock = self._create_socket()
  File "/usr/local/lib/python3.8/dist-packages/paho/mqtt/client.py", line 4609, in _create_socket
    sock = self._create_socket_connection()
  File "/usr/local/lib/python3.8/dist-packages/paho/mqtt/client.py", line 4640, in _create_socket_connection
    return socket.create_connection(addr, timeout=self._connect_timeout, source_address=source)
  File "/usr/lib/python3.8/socket.py", line 808, in create_connection
    raise err
  File "/usr/lib/python3.8/socket.py", line 796, in create_connection
    sock.connect(sa)
OSError: [Errno 113] No route to host
2026-06-05 10:43:35,521 - ERROR - Erro durante a execução
Traceback (most recent call last):
  File "fot_devices/main_n.py", line 144, in <module>
    sub_client.connect(mqttBroker, mqttPort, 60)
  File "/usr/local/lib/python3.8/dist-packages/paho/mqtt/client.py", line 1435, in connect
    return self.reconnect()
  File "/usr/local/lib/python3.8/dist-packages/paho/mqtt/client.py", line 1598, in reconnect
    self._sock = self._create_socket()
  File "/usr/local/lib/python3.8/dist-packages/paho/mqtt/client.py", line 4609, in _create_socket
    sock = self._create_socket_connection()
  File "/usr/local/lib/python3.8/dist-packages/paho/mqtt/client.py", line 4640, in _create_socket_connection
    return socket.create_connection(addr, timeout=self._connect_timeout, source_address=source)
  File "/usr/lib/python3.8/socket.py", line 808, in create_connection
    raise err
  File "/usr/lib/python3.8/socket.py", line 796, in create_connection
    sock.connect(sa)
socket.timeout: timed out
2026-06-05 10:43:37,076 - ERROR - Erro durante a execução
Traceback (most recent call last):
  File "fot_devices/main_n.py", line 144, in <module>
    sub_client.connect(mqttBroker, mqttPort, 60)
  File "/usr/local/lib/python3.8/dist-packages/paho/mqtt/client.py", line 1435, in connect
    return self.reconnect()
  File "/usr/local/lib/python3.8/dist-packages/paho/mqtt/client.py", line 1598, in reconnect
    self._sock = self._create_socket()
  File "/usr/local/lib/python3.8/dist-packages/paho/mqtt/client.py", line 4609, in _create_socket
    sock = self._create_socket_connection()
  File "/usr/local/lib/python3.8/dist-packages/paho/mqtt/client.py", line 4640, in _create_socket_connection
    return socket.create_connection(addr, timeout=self._connect_timeout, source_address=source)
  File "/usr/lib/python3.8/socket.py", line 808, in create_connection
    raise err
  File "/usr/lib/python3.8/socket.py", line 796, in create_connection
    sock.connect(sa)
OSError: [Errno 113] No route to host
2026-06-05 10:43:38,643 - ERROR - Erro durante a execução
Traceback (most recent call last):
  File "fot_devices/main_n.py", line 144, in <module>
    sub_client.connect(mqttBroker, mqttPort, 60)
  File "/usr/local/lib/python3.8/dist-packages/paho/mqtt/client.py", line 1435, in connect
    return self.reconnect()
  File "/usr/local/lib/python3.8/dist-packages/paho/mqtt/client.py", line 1598, in reconnect
    self._sock = self._create_socket()
  File "/usr/local/lib/python3.8/dist-packages/paho/mqtt/client.py", line 4609, in _create_socket
    sock = self._create_socket_connection()
  File "/usr/local/lib/python3.8/dist-packages/paho/mqtt/client.py", line 4640, in _create_socket_connection
    return socket.create_connection(addr, timeout=self._connect_timeout, source_address=source)
  File "/usr/lib/python3.8/socket.py", line 808, in create_connection
    raise err
  File "/usr/lib/python3.8/socket.py", line 796, in create_connection
    sock.connect(sa)
OSError: [Errno 113] No route to host
2026-06-05 10:43:38,819 - ERROR - Erro durante a execução
Traceback (most recent call last):
  File "fot_devices/main_n.py", line 144, in <module>
    sub_client.connect(mqttBroker, mqttPort, 60)
  File "/usr/local/lib/python3.8/dist-packages/paho/mqtt/client.py", line 1435, in connect
    return self.reconnect()
  File "/usr/local/lib/python3.8/dist-packages/paho/mqtt/client.py", line 1598, in reconnect
    self._sock = self._create_socket()
  File "/usr/local/lib/python3.8/dist-packages/paho/mqtt/client.py", line 4609, in _create_socket
    sock = self._create_socket_connection()
  File "/usr/local/lib/python3.8/dist-packages/paho/mqtt/client.py", line 4640, in _create_socket_connection
    return socket.create_connection(addr, timeout=self._connect_timeout, source_address=source)
  File "/usr/lib/python3.8/socket.py", line 808, in create_connection
    raise err
  File "/usr/lib/python3.8/socket.py", line 796, in create_connection
    sock.connect(sa)
OSError: [Errno 113] No route to host
2026-06-05 10:43:39,937 - ERROR - Erro durante a execução
Traceback (most recent call last):
  File "fot_devices/main_n.py", line 144, in <module>
    sub_client.connect(mqttBroker, mqttPort, 60)
  File "/usr/local/lib/python3.8/dist-packages/paho/mqtt/client.py", line 1435, in connect
    return self.reconnect()
  File "/usr/local/lib/python3.8/dist-packages/paho/mqtt/client.py", line 1598, in reconnect
    self._sock = self._create_socket()
  File "/usr/local/lib/python3.8/dist-packages/paho/mqtt/client.py", line 4609, in _create_socket
    sock = self._create_socket_connection()
  File "/usr/local/lib/python3.8/dist-packages/paho/mqtt/client.py", line 4640, in _create_socket_connection
    return socket.create_connection(addr, timeout=self._connect_timeout, source_address=source)
  File "/usr/lib/python3.8/socket.py", line 808, in create_connection
    raise err
  File "/usr/lib/python3.8/socket.py", line 796, in create_connection
    sock.connect(sa)
OSError: [Errno 113] No route to host
2026-06-05 10:43:41,542 - ERROR - Erro durante a execução
Traceback (most recent call last):
  File "fot_devices/main_n.py", line 144, in <module>
    sub_client.connect(mqttBroker, mqttPort, 60)
  File "/usr/local/lib/python3.8/dist-packages/paho/mqtt/client.py", line 1435, in connect
    return self.reconnect()
  File "/usr/local/lib/python3.8/dist-packages/paho/mqtt/client.py", line 1598, in reconnect
    self._sock = self._create_socket()
  File "/usr/local/lib/python3.8/dist-packages/paho/mqtt/client.py", line 4609, in _create_socket
    sock = self._create_socket_connection()
  File "/usr/local/lib/python3.8/dist-packages/paho/mqtt/client.py", line 4640, in _create_socket_connection
    return socket.create_connection(addr, timeout=self._connect_timeout, source_address=source)
  File "/usr/lib/python3.8/socket.py", line 808, in create_connection
    raise err
  File "/usr/lib/python3.8/socket.py", line 796, in create_connection
    sock.connect(sa)
OSError: [Errno 113] No route to host
2026-06-05 10:43:42,083 - ERROR - Erro durante a execução
Traceback (most recent call last):
  File "fot_devices/main_n.py", line 144, in <module>
    sub_client.connect(mqttBroker, mqttPort, 60)
  File "/usr/local/lib/python3.8/dist-packages/paho/mqtt/client.py", line 1435, in connect
    return self.reconnect()
  File "/usr/local/lib/python3.8/dist-packages/paho/mqtt/client.py", line 1598, in reconnect
    self._sock = self._create_socket()
  File "/usr/local/lib/python3.8/dist-packages/paho/mqtt/client.py", line 4609, in _create_socket
    sock = self._create_socket_connection()
  File "/usr/local/lib/python3.8/dist-packages/paho/mqtt/client.py", line 4640, in _create_socket_connection
    return socket.create_connection(addr, timeout=self._connect_timeout, source_address=source)
  File "/usr/lib/python3.8/socket.py", line 808, in create_connection
    raise err
  File "/usr/lib/python3.8/socket.py", line 796, in create_connection
    sock.connect(sa)
OSError: [Errno 113] No route to host
2026-06-05 10:43:43,650 - ERROR - Erro durante a execução
Traceback (most recent call last):
  File "fot_devices/main_n.py", line 144, in <module>
    sub_client.connect(mqttBroker, mqttPort, 60)
  File "/usr/local/lib/python3.8/dist-packages/paho/mqtt/client.py", line 1435, in connect
    return self.reconnect()
  File "/usr/local/lib/python3.8/dist-packages/paho/mqtt/client.py", line 1598, in reconnect
    self._sock = self._create_socket()
  File "/usr/local/lib/python3.8/dist-packages/paho/mqtt/client.py", line 4609, in _create_socket
    sock = self._create_socket_connection()
  File "/usr/local/lib/python3.8/dist-packages/paho/mqtt/client.py", line 4640, in _create_socket_connection
    return socket.create_connection(addr, timeout=self._connect_timeout, source_address=source)
  File "/usr/lib/python3.8/socket.py", line 808, in create_connection
    raise err
  File "/usr/lib/python3.8/socket.py", line 796, in create_connection
    sock.connect(sa)
OSError: [Errno 113] No route to host
2026-06-05 10:43:43,827 - ERROR - Erro durante a execução
Traceback (most recent call last):
  File "fot_devices/main_n.py", line 144, in <module>
    sub_client.connect(mqttBroker, mqttPort, 60)
  File "/usr/local/lib/python3.8/dist-packages/paho/mqtt/client.py", line 1435, in connect
    return self.reconnect()
  File "/usr/local/lib/python3.8/dist-packages/paho/mqtt/client.py", line 1598, in reconnect
    self._sock = self._create_socket()
  File "/usr/local/lib/python3.8/dist-packages/paho/mqtt/client.py", line 4609, in _create_socket
    sock = self._create_socket_connection()
  File "/usr/local/lib/python3.8/dist-packages/paho/mqtt/client.py", line 4640, in _create_socket_connection
    return socket.create_connection(addr, timeout=self._connect_timeout, source_address=source)
  File "/usr/lib/python3.8/socket.py", line 808, in create_connection
    raise err
  File "/usr/lib/python3.8/socket.py", line 796, in create_connection
    sock.connect(sa)
OSError: [Errno 113] No route to host
2026-06-05 10:43:44,158 - ERROR - Erro durante a execução
Traceback (most recent call last):
  File "fot_devices/main_n.py", line 144, in <module>
    sub_client.connect(mqttBroker, mqttPort, 60)
  File "/usr/local/lib/python3.8/dist-packages/paho/mqtt/client.py", line 1435, in connect
    return self.reconnect()
  File "/usr/local/lib/python3.8/dist-packages/paho/mqtt/client.py", line 1598, in reconnect
    self._sock = self._create_socket()
  File "/usr/local/lib/python3.8/dist-packages/paho/mqtt/client.py", line 4609, in _create_socket
    sock = self._create_socket_connection()
  File "/usr/local/lib/python3.8/dist-packages/paho/mqtt/client.py", line 4640, in _create_socket_connection
    return socket.create_connection(addr, timeout=self._connect_timeout, source_address=source)
  File "/usr/lib/python3.8/socket.py", line 808, in create_connection
    raise err
  File "/usr/lib/python3.8/socket.py", line 796, in create_connection
    sock.connect(sa)
socket.timeout: timed out
2026-06-05 10:43:44,290 - ERROR - Erro durante a execução
Traceback (most recent call last):
  File "fot_devices/main_n.py", line 144, in <module>
    sub_client.connect(mqttBroker, mqttPort, 60)
  File "/usr/local/lib/python3.8/dist-packages/paho/mqtt/client.py", line 1435, in connect
    return self.reconnect()
  File "/usr/local/lib/python3.8/dist-packages/paho/mqtt/client.py", line 1598, in reconnect
    self._sock = self._create_socket()
  File "/usr/local/lib/python3.8/dist-packages/paho/mqtt/client.py", line 4609, in _create_socket
    sock = self._create_socket_connection()
  File "/usr/local/lib/python3.8/dist-packages/paho/mqtt/client.py", line 4640, in _create_socket_connection
    return socket.create_connection(addr, timeout=self._connect_timeout, source_address=source)
  File "/usr/lib/python3.8/socket.py", line 808, in create_connection
    raise err
  File "/usr/lib/python3.8/socket.py", line 796, in create_connection
    sock.connect(sa)
socket.timeout: timed out
2026-06-05 10:43:44,386 - ERROR - Erro durante a execução
Traceback (most recent call last):
  File "fot_devices/main_n.py", line 144, in <module>
    sub_client.connect(mqttBroker, mqttPort, 60)
  File "/usr/local/lib/python3.8/dist-packages/paho/mqtt/client.py", line 1435, in connect
    return self.reconnect()
  File "/usr/local/lib/python3.8/dist-packages/paho/mqtt/client.py", line 1598, in reconnect
    self._sock = self._create_socket()
  File "/usr/local/lib/python3.8/dist-packages/paho/mqtt/client.py", line 4609, in _create_socket
    sock = self._create_socket_connection()
  File "/usr/local/lib/python3.8/dist-packages/paho/mqtt/client.py", line 4640, in _create_socket_connection
    return socket.create_connection(addr, timeout=self._connect_timeout, source_address=source)
  File "/usr/lib/python3.8/socket.py", line 808, in create_connection
    raise err
  File "/usr/lib/python3.8/socket.py", line 796, in create_connection
    sock.connect(sa)
socket.timeout: timed out
2026-06-05 10:43:44,944 - ERROR - Erro durante a execução
Traceback (most recent call last):
  File "fot_devices/main_n.py", line 144, in <module>
    sub_client.connect(mqttBroker, mqttPort, 60)
  File "/usr/local/lib/python3.8/dist-packages/paho/mqtt/client.py", line 1435, in connect
    return self.reconnect()
  File "/usr/local/lib/python3.8/dist-packages/paho/mqtt/client.py", line 1598, in reconnect
    self._sock = self._create_socket()
  File "/usr/local/lib/python3.8/dist-packages/paho/mqtt/client.py", line 4609, in _create_socket
    sock = self._create_socket_connection()
  File "/usr/local/lib/python3.8/dist-packages/paho/mqtt/client.py", line 4640, in _create_socket_connection
    return socket.create_connection(addr, timeout=self._connect_timeout, source_address=source)
  File "/usr/lib/python3.8/socket.py", line 808, in create_connection
    raise err
  File "/usr/lib/python3.8/socket.py", line 796, in create_connection
    sock.connect(sa)
OSError: [Errno 113] No route to host
2026-06-05 10:43:46,548 - ERROR - Erro durante a execução
Traceback (most recent call last):
  File "fot_devices/main_n.py", line 144, in <module>
    sub_client.connect(mqttBroker, mqttPort, 60)
  File "/usr/local/lib/python3.8/dist-packages/paho/mqtt/client.py", line 1435, in connect
    return self.reconnect()
  File "/usr/local/lib/python3.8/dist-packages/paho/mqtt/client.py", line 1598, in reconnect
    self._sock = self._create_socket()
  File "/usr/local/lib/python3.8/dist-packages/paho/mqtt/client.py", line 4609, in _create_socket
    sock = self._create_socket_connection()
  File "/usr/local/lib/python3.8/dist-packages/paho/mqtt/client.py", line 4640, in _create_socket_connection
    return socket.create_connection(addr, timeout=self._connect_timeout, source_address=source)
  File "/usr/lib/python3.8/socket.py", line 808, in create_connection
    raise err
  File "/usr/lib/python3.8/socket.py", line 796, in create_connection
    sock.connect(sa)
OSError: [Errno 113] No route to host
2026-06-05 10:43:47,089 - ERROR - Erro durante a execução
Traceback (most recent call last):
  File "fot_devices/main_n.py", line 144, in <module>
    sub_client.connect(mqttBroker, mqttPort, 60)
  File "/usr/local/lib/python3.8/dist-packages/paho/mqtt/client.py", line 1435, in connect
    return self.reconnect()
  File "/usr/local/lib/python3.8/dist-packages/paho/mqtt/client.py", line 1598, in reconnect
    self._sock = self._create_socket()
  File "/usr/local/lib/python3.8/dist-packages/paho/mqtt/client.py", line 4609, in _create_socket
    sock = self._create_socket_connection()
  File "/usr/local/lib/python3.8/dist-packages/paho/mqtt/client.py", line 4640, in _create_socket_connection
    return socket.create_connection(addr, timeout=self._connect_timeout, source_address=source)
  File "/usr/lib/python3.8/socket.py", line 808, in create_connection
    raise err
  File "/usr/lib/python3.8/socket.py", line 796, in create_connection
    sock.connect(sa)
OSError: [Errno 113] No route to host
2026-06-05 10:43:48,658 - ERROR - Erro durante a execução
Traceback (most recent call last):
  File "fot_devices/main_n.py", line 144, in <module>
    sub_client.connect(mqttBroker, mqttPort, 60)
  File "/usr/local/lib/python3.8/dist-packages/paho/mqtt/client.py", line 1435, in connect
    return self.reconnect()
  File "/usr/local/lib/python3.8/dist-packages/paho/mqtt/client.py", line 1598, in reconnect
    self._sock = self._create_socket()
  File "/usr/local/lib/python3.8/dist-packages/paho/mqtt/client.py", line 4609, in _create_socket
    sock = self._create_socket_connection()
  File "/usr/local/lib/python3.8/dist-packages/paho/mqtt/client.py", line 4640, in _create_socket_connection
    return socket.create_connection(addr, timeout=self._connect_timeout, source_address=source)
  File "/usr/lib/python3.8/socket.py", line 808, in create_connection
    raise err
  File "/usr/lib/python3.8/socket.py", line 796, in create_connection
    sock.connect(sa)
OSError: [Errno 113] No route to host
2026-06-05 10:43:48,835 - ERROR - Erro durante a execução
Traceback (most recent call last):
  File "fot_devices/main_n.py", line 144, in <module>
    sub_client.connect(mqttBroker, mqttPort, 60)
  File "/usr/local/lib/python3.8/dist-packages/paho/mqtt/client.py", line 1435, in connect
    return self.reconnect()
  File "/usr/local/lib/python3.8/dist-packages/paho/mqtt/client.py", line 1598, in reconnect
    self._sock = self._create_socket()
  File "/usr/local/lib/python3.8/dist-packages/paho/mqtt/client.py", line 4609, in _create_socket
    sock = self._create_socket_connection()
  File "/usr/local/lib/python3.8/dist-packages/paho/mqtt/client.py", line 4640, in _create_socket_connection
    return socket.create_connection(addr, timeout=self._connect_timeout, source_address=source)
  File "/usr/lib/python3.8/socket.py", line 808, in create_connection
    raise err
  File "/usr/lib/python3.8/socket.py", line 796, in create_connection
    sock.connect(sa)
OSError: [Errno 113] No route to host
2026-06-05 10:43:49,950 - ERROR - Erro durante a execução
Traceback (most recent call last):
  File "fot_devices/main_n.py", line 144, in <module>
    sub_client.connect(mqttBroker, mqttPort, 60)
  File "/usr/local/lib/python3.8/dist-packages/paho/mqtt/client.py", line 1435, in connect
    return self.reconnect()
  File "/usr/local/lib/python3.8/dist-packages/paho/mqtt/client.py", line 1598, in reconnect
    self._sock = self._create_socket()
  File "/usr/local/lib/python3.8/dist-packages/paho/mqtt/client.py", line 4609, in _create_socket
    sock = self._create_socket_connection()
  File "/usr/local/lib/python3.8/dist-packages/paho/mqtt/client.py", line 4640, in _create_socket_connection
    return socket.create_connection(addr, timeout=self._connect_timeout, source_address=source)
  File "/usr/lib/python3.8/socket.py", line 808, in create_connection
    raise err
  File "/usr/lib/python3.8/socket.py", line 796, in create_connection
    sock.connect(sa)
OSError: [Errno 113] No route to host
2026-06-05 10:43:51,555 - ERROR - Erro durante a execução
Traceback (most recent call last):
  File "fot_devices/main_n.py", line 144, in <module>
    sub_client.connect(mqttBroker, mqttPort, 60)
  File "/usr/local/lib/python3.8/dist-packages/paho/mqtt/client.py", line 1435, in connect
    return self.reconnect()
  File "/usr/local/lib/python3.8/dist-packages/paho/mqtt/client.py", line 1598, in reconnect
    self._sock = self._create_socket()
  File "/usr/local/lib/python3.8/dist-packages/paho/mqtt/client.py", line 4609, in _create_socket
    sock = self._create_socket_connection()
  File "/usr/local/lib/python3.8/dist-packages/paho/mqtt/client.py", line 4640, in _create_socket_connection
    return socket.create_connection(addr, timeout=self._connect_timeout, source_address=source)
  File "/usr/lib/python3.8/socket.py", line 808, in create_connection
    raise err
  File "/usr/lib/python3.8/socket.py", line 796, in create_connection
    sock.connect(sa)
OSError: [Errno 113] No route to host
2026-06-05 10:43:52,134 - ERROR - Erro durante a execução
Traceback (most recent call last):
  File "fot_devices/main_n.py", line 144, in <module>
    sub_client.connect(mqttBroker, mqttPort, 60)
  File "/usr/local/lib/python3.8/dist-packages/paho/mqtt/client.py", line 1435, in connect
    return self.reconnect()
  File "/usr/local/lib/python3.8/dist-packages/paho/mqtt/client.py", line 1598, in reconnect
    self._sock = self._create_socket()
  File "/usr/local/lib/python3.8/dist-packages/paho/mqtt/client.py", line 4609, in _create_socket
    sock = self._create_socket_connection()
  File "/usr/local/lib/python3.8/dist-packages/paho/mqtt/client.py", line 4640, in _create_socket_connection
    return socket.create_connection(addr, timeout=self._connect_timeout, source_address=source)
  File "/usr/lib/python3.8/socket.py", line 808, in create_connection
    raise err
  File "/usr/lib/python3.8/socket.py", line 796, in create_connection
    sock.connect(sa)
OSError: [Errno 113] No route to host
2026-06-05 10:43:53,665 - ERROR - Erro durante a execução
Traceback (most recent call last):
  File "fot_devices/main_n.py", line 144, in <module>
    sub_client.connect(mqttBroker, mqttPort, 60)
  File "/usr/local/lib/python3.8/dist-packages/paho/mqtt/client.py", line 1435, in connect
    return self.reconnect()
  File "/usr/local/lib/python3.8/dist-packages/paho/mqtt/client.py", line 1598, in reconnect
    self._sock = self._create_socket()
  File "/usr/local/lib/python3.8/dist-packages/paho/mqtt/client.py", line 4609, in _create_socket
    sock = self._create_socket_connection()
  File "/usr/local/lib/python3.8/dist-packages/paho/mqtt/client.py", line 4640, in _create_socket_connection
    return socket.create_connection(addr, timeout=self._connect_timeout, source_address=source)
  File "/usr/lib/python3.8/socket.py", line 808, in create_connection
    raise err
  File "/usr/lib/python3.8/socket.py", line 796, in create_connection
    sock.connect(sa)
OSError: [Errno 113] No route to host
2026-06-05 10:43:53,842 - ERROR - Erro durante a execução
Traceback (most recent call last):
  File "fot_devices/main_n.py", line 144, in <module>
    sub_client.connect(mqttBroker, mqttPort, 60)
  File "/usr/local/lib/python3.8/dist-packages/paho/mqtt/client.py", line 1435, in connect
    return self.reconnect()
  File "/usr/local/lib/python3.8/dist-packages/paho/mqtt/client.py", line 1598, in reconnect
    self._sock = self._create_socket()
  File "/usr/local/lib/python3.8/dist-packages/paho/mqtt/client.py", line 4609, in _create_socket
    sock = self._create_socket_connection()
  File "/usr/local/lib/python3.8/dist-packages/paho/mqtt/client.py", line 4640, in _create_socket_connection
    return socket.create_connection(addr, timeout=self._connect_timeout, source_address=source)
  File "/usr/lib/python3.8/socket.py", line 808, in create_connection
    raise err
  File "/usr/lib/python3.8/socket.py", line 796, in create_connection
    sock.connect(sa)
OSError: [Errno 113] No route to host
2026-06-05 10:43:54,174 - ERROR - Erro durante a execução
Traceback (most recent call last):
  File "fot_devices/main_n.py", line 144, in <module>
    sub_client.connect(mqttBroker, mqttPort, 60)
  File "/usr/local/lib/python3.8/dist-packages/paho/mqtt/client.py", line 1435, in connect
    return self.reconnect()
  File "/usr/local/lib/python3.8/dist-packages/paho/mqtt/client.py", line 1598, in reconnect
    self._sock = self._create_socket()
  File "/usr/local/lib/python3.8/dist-packages/paho/mqtt/client.py", line 4609, in _create_socket
    sock = self._create_socket_connection()
  File "/usr/local/lib/python3.8/dist-packages/paho/mqtt/client.py", line 4640, in _create_socket_connection
    return socket.create_connection(addr, timeout=self._connect_timeout, source_address=source)
  File "/usr/lib/python3.8/socket.py", line 808, in create_connection
    raise err
  File "/usr/lib/python3.8/socket.py", line 796, in create_connection
    sock.connect(sa)
socket.timeout: timed out
2026-06-05 10:43:54,301 - ERROR - Erro durante a execução
Traceback (most recent call last):
  File "fot_devices/main_n.py", line 144, in <module>
    sub_client.connect(mqttBroker, mqttPort, 60)
  File "/usr/local/lib/python3.8/dist-packages/paho/mqtt/client.py", line 1435, in connect
    return self.reconnect()
  File "/usr/local/lib/python3.8/dist-packages/paho/mqtt/client.py", line 1598, in reconnect
    self._sock = self._create_socket()
  File "/usr/local/lib/python3.8/dist-packages/paho/mqtt/client.py", line 4609, in _create_socket
    sock = self._create_socket_connection()
  File "/usr/local/lib/python3.8/dist-packages/paho/mqtt/client.py", line 4640, in _create_socket_connection
    return socket.create_connection(addr, timeout=self._connect_timeout, source_address=source)
  File "/usr/lib/python3.8/socket.py", line 808, in create_connection
    raise err
  File "/usr/lib/python3.8/socket.py", line 796, in create_connection
    sock.connect(sa)
socket.timeout: timed out
2026-06-05 10:43:54,393 - ERROR - Erro durante a execução
Traceback (most recent call last):
  File "fot_devices/main_n.py", line 144, in <module>
    sub_client.connect(mqttBroker, mqttPort, 60)
  File "/usr/local/lib/python3.8/dist-packages/paho/mqtt/client.py", line 1435, in connect
    return self.reconnect()
  File "/usr/local/lib/python3.8/dist-packages/paho/mqtt/client.py", line 1598, in reconnect
    self._sock = self._create_socket()
  File "/usr/local/lib/python3.8/dist-packages/paho/mqtt/client.py", line 4609, in _create_socket
    sock = self._create_socket_connection()
  File "/usr/local/lib/python3.8/dist-packages/paho/mqtt/client.py", line 4640, in _create_socket_connection
    return socket.create_connection(addr, timeout=self._connect_timeout, source_address=source)
  File "/usr/lib/python3.8/socket.py", line 808, in create_connection
    raise err
  File "/usr/lib/python3.8/socket.py", line 796, in create_connection
    sock.connect(sa)
socket.timeout: timed out
2026-06-05 10:43:54,953 - ERROR - Erro durante a execução
Traceback (most recent call last):
  File "fot_devices/main_n.py", line 144, in <module>
    sub_client.connect(mqttBroker, mqttPort, 60)
  File "/usr/local/lib/python3.8/dist-packages/paho/mqtt/client.py", line 1435, in connect
    return self.reconnect()
  File "/usr/local/lib/python3.8/dist-packages/paho/mqtt/client.py", line 1598, in reconnect
    self._sock = self._create_socket()
  File "/usr/local/lib/python3.8/dist-packages/paho/mqtt/client.py", line 4609, in _create_socket
    sock = self._create_socket_connection()
  File "/usr/local/lib/python3.8/dist-packages/paho/mqtt/client.py", line 4640, in _create_socket_connection
    return socket.create_connection(addr, timeout=self._connect_timeout, source_address=source)
  File "/usr/lib/python3.8/socket.py", line 808, in create_connection
    raise err
  File "/usr/lib/python3.8/socket.py", line 796, in create_connection
    sock.connect(sa)
OSError: [Errno 113] No route to host
2026-06-05 10:43:56,562 - ERROR - Erro durante a execução
Traceback (most recent call last):
  File "fot_devices/main_n.py", line 144, in <module>
    sub_client.connect(mqttBroker, mqttPort, 60)
  File "/usr/local/lib/python3.8/dist-packages/paho/mqtt/client.py", line 1435, in connect
    return self.reconnect()
  File "/usr/local/lib/python3.8/dist-packages/paho/mqtt/client.py", line 1598, in reconnect
    self._sock = self._create_socket()
  File "/usr/local/lib/python3.8/dist-packages/paho/mqtt/client.py", line 4609, in _create_socket
    sock = self._create_socket_connection()
  File "/usr/local/lib/python3.8/dist-packages/paho/mqtt/client.py", line 4640, in _create_socket_connection
    return socket.create_connection(addr, timeout=self._connect_timeout, source_address=source)
  File "/usr/lib/python3.8/socket.py", line 808, in create_connection
    raise err
  File "/usr/lib/python3.8/socket.py", line 796, in create_connection
    sock.connect(sa)
OSError: [Errno 113] No route to host
2026-06-05 10:43:57,141 - ERROR - Erro durante a execução
Traceback (most recent call last):
  File "fot_devices/main_n.py", line 144, in <module>
    sub_client.connect(mqttBroker, mqttPort, 60)
  File "/usr/local/lib/python3.8/dist-packages/paho/mqtt/client.py", line 1435, in connect
    return self.reconnect()
  File "/usr/local/lib/python3.8/dist-packages/paho/mqtt/client.py", line 1598, in reconnect
    self._sock = self._create_socket()
  File "/usr/local/lib/python3.8/dist-packages/paho/mqtt/client.py", line 4609, in _create_socket
    sock = self._create_socket_connection()
  File "/usr/local/lib/python3.8/dist-packages/paho/mqtt/client.py", line 4640, in _create_socket_connection
    return socket.create_connection(addr, timeout=self._connect_timeout, source_address=source)
  File "/usr/lib/python3.8/socket.py", line 808, in create_connection
    raise err
  File "/usr/lib/python3.8/socket.py", line 796, in create_connection
    sock.connect(sa)
OSError: [Errno 113] No route to host
2026-06-05 10:43:58,672 - ERROR - Erro durante a execução
Traceback (most recent call last):
  File "fot_devices/main_n.py", line 144, in <module>
    sub_client.connect(mqttBroker, mqttPort, 60)
  File "/usr/local/lib/python3.8/dist-packages/paho/mqtt/client.py", line 1435, in connect
    return self.reconnect()
  File "/usr/local/lib/python3.8/dist-packages/paho/mqtt/client.py", line 1598, in reconnect
    self._sock = self._create_socket()
  File "/usr/local/lib/python3.8/dist-packages/paho/mqtt/client.py", line 4609, in _create_socket
    sock = self._create_socket_connection()
  File "/usr/local/lib/python3.8/dist-packages/paho/mqtt/client.py", line 4640, in _create_socket_connection
    return socket.create_connection(addr, timeout=self._connect_timeout, source_address=source)
  File "/usr/lib/python3.8/socket.py", line 808, in create_connection
    raise err
  File "/usr/lib/python3.8/socket.py", line 796, in create_connection
    sock.connect(sa)
OSError: [Errno 113] No route to host
2026-06-05 10:43:58,849 - ERROR - Erro durante a execução
Traceback (most recent call last):
  File "fot_devices/main_n.py", line 144, in <module>
    sub_client.connect(mqttBroker, mqttPort, 60)
  File "/usr/local/lib/python3.8/dist-packages/paho/mqtt/client.py", line 1435, in connect
    return self.reconnect()
  File "/usr/local/lib/python3.8/dist-packages/paho/mqtt/client.py", line 1598, in reconnect
    self._sock = self._create_socket()
  File "/usr/local/lib/python3.8/dist-packages/paho/mqtt/client.py", line 4609, in _create_socket
    sock = self._create_socket_connection()
  File "/usr/local/lib/python3.8/dist-packages/paho/mqtt/client.py", line 4640, in _create_socket_connection
    return socket.create_connection(addr, timeout=self._connect_timeout, source_address=source)
  File "/usr/lib/python3.8/socket.py", line 808, in create_connection
    raise err
  File "/usr/lib/python3.8/socket.py", line 796, in create_connection
    sock.connect(sa)
OSError: [Errno 113] No route to host
2026-06-05 10:43:59,977 - ERROR - Erro durante a execução
Traceback (most recent call last):
  File "fot_devices/main_n.py", line 144, in <module>
    sub_client.connect(mqttBroker, mqttPort, 60)
  File "/usr/local/lib/python3.8/dist-packages/paho/mqtt/client.py", line 1435, in connect
    return self.reconnect()
  File "/usr/local/lib/python3.8/dist-packages/paho/mqtt/client.py", line 1598, in reconnect
    self._sock = self._create_socket()
  File "/usr/local/lib/python3.8/dist-packages/paho/mqtt/client.py", line 4609, in _create_socket
    sock = self._create_socket_connection()
  File "/usr/local/lib/python3.8/dist-packages/paho/mqtt/client.py", line 4640, in _create_socket_connection
    return socket.create_connection(addr, timeout=self._connect_timeout, source_address=source)
  File "/usr/lib/python3.8/socket.py", line 808, in create_connection
    raise err
  File "/usr/lib/python3.8/socket.py", line 796, in create_connection
    sock.connect(sa)
OSError: [Errno 113] No route to host
2026-06-05 10:44:01,569 - ERROR - Erro durante a execução
Traceback (most recent call last):
  File "fot_devices/main_n.py", line 144, in <module>
    sub_client.connect(mqttBroker, mqttPort, 60)
  File "/usr/local/lib/python3.8/dist-packages/paho/mqtt/client.py", line 1435, in connect
    return self.reconnect()
  File "/usr/local/lib/python3.8/dist-packages/paho/mqtt/client.py", line 1598, in reconnect
    self._sock = self._create_socket()
  File "/usr/local/lib/python3.8/dist-packages/paho/mqtt/client.py", line 4609, in _create_socket
    sock = self._create_socket_connection()
  File "/usr/local/lib/python3.8/dist-packages/paho/mqtt/client.py", line 4640, in _create_socket_connection
    return socket.create_connection(addr, timeout=self._connect_timeout, source_address=source)
  File "/usr/lib/python3.8/socket.py", line 808, in create_connection
    raise err
  File "/usr/lib/python3.8/socket.py", line 796, in create_connection
    sock.connect(sa)
OSError: [Errno 113] No route to host
2026-06-05 10:44:02,148 - ERROR - Erro durante a execução
Traceback (most recent call last):
  File "fot_devices/main_n.py", line 144, in <module>
    sub_client.connect(mqttBroker, mqttPort, 60)
  File "/usr/local/lib/python3.8/dist-packages/paho/mqtt/client.py", line 1435, in connect
    return self.reconnect()
  File "/usr/local/lib/python3.8/dist-packages/paho/mqtt/client.py", line 1598, in reconnect
    self._sock = self._create_socket()
  File "/usr/local/lib/python3.8/dist-packages/paho/mqtt/client.py", line 4609, in _create_socket
    sock = self._create_socket_connection()
  File "/usr/local/lib/python3.8/dist-packages/paho/mqtt/client.py", line 4640, in _create_socket_connection
    return socket.create_connection(addr, timeout=self._connect_timeout, source_address=source)
  File "/usr/lib/python3.8/socket.py", line 808, in create_connection
    raise err
  File "/usr/lib/python3.8/socket.py", line 796, in create_connection
    sock.connect(sa)
OSError: [Errno 113] No route to host
2026-06-05 10:44:03,679 - ERROR - Erro durante a execução
Traceback (most recent call last):
  File "fot_devices/main_n.py", line 144, in <module>
    sub_client.connect(mqttBroker, mqttPort, 60)
  File "/usr/local/lib/python3.8/dist-packages/paho/mqtt/client.py", line 1435, in connect
    return self.reconnect()
  File "/usr/local/lib/python3.8/dist-packages/paho/mqtt/client.py", line 1598, in reconnect
    self._sock = self._create_socket()
  File "/usr/local/lib/python3.8/dist-packages/paho/mqtt/client.py", line 4609, in _create_socket
    sock = self._create_socket_connection()
  File "/usr/local/lib/python3.8/dist-packages/paho/mqtt/client.py", line 4640, in _create_socket_connection
    return socket.create_connection(addr, timeout=self._connect_timeout, source_address=source)
  File "/usr/lib/python3.8/socket.py", line 808, in create_connection
    raise err
  File "/usr/lib/python3.8/socket.py", line 796, in create_connection
    sock.connect(sa)
OSError: [Errno 113] No route to host
2026-06-05 10:44:03,857 - ERROR - Erro durante a execução
Traceback (most recent call last):
  File "fot_devices/main_n.py", line 144, in <module>
    sub_client.connect(mqttBroker, mqttPort, 60)
  File "/usr/local/lib/python3.8/dist-packages/paho/mqtt/client.py", line 1435, in connect
    return self.reconnect()
  File "/usr/local/lib/python3.8/dist-packages/paho/mqtt/client.py", line 1598, in reconnect
    self._sock = self._create_socket()
  File "/usr/local/lib/python3.8/dist-packages/paho/mqtt/client.py", line 4609, in _create_socket
    sock = self._create_socket_connection()
  File "/usr/local/lib/python3.8/dist-packages/paho/mqtt/client.py", line 4640, in _create_socket_connection
    return socket.create_connection(addr, timeout=self._connect_timeout, source_address=source)
  File "/usr/lib/python3.8/socket.py", line 808, in create_connection
    raise err
  File "/usr/lib/python3.8/socket.py", line 796, in create_connection
    sock.connect(sa)
OSError: [Errno 113] No route to host
2026-06-05 10:44:04,182 - ERROR - Erro durante a execução
Traceback (most recent call last):
  File "fot_devices/main_n.py", line 144, in <module>
    sub_client.connect(mqttBroker, mqttPort, 60)
  File "/usr/local/lib/python3.8/dist-packages/paho/mqtt/client.py", line 1435, in connect
    return self.reconnect()
  File "/usr/local/lib/python3.8/dist-packages/paho/mqtt/client.py", line 1598, in reconnect
    self._sock = self._create_socket()
  File "/usr/local/lib/python3.8/dist-packages/paho/mqtt/client.py", line 4609, in _create_socket
    sock = self._create_socket_connection()
  File "/usr/local/lib/python3.8/dist-packages/paho/mqtt/client.py", line 4640, in _create_socket_connection
    return socket.create_connection(addr, timeout=self._connect_timeout, source_address=source)
  File "/usr/lib/python3.8/socket.py", line 808, in create_connection
    raise err
  File "/usr/lib/python3.8/socket.py", line 796, in create_connection
    sock.connect(sa)
socket.timeout: timed out
2026-06-05 10:44:04,320 - ERROR - Erro durante a execução
Traceback (most recent call last):
  File "fot_devices/main_n.py", line 144, in <module>
    sub_client.connect(mqttBroker, mqttPort, 60)
  File "/usr/local/lib/python3.8/dist-packages/paho/mqtt/client.py", line 1435, in connect
    return self.reconnect()
  File "/usr/local/lib/python3.8/dist-packages/paho/mqtt/client.py", line 1598, in reconnect
    self._sock = self._create_socket()
  File "/usr/local/lib/python3.8/dist-packages/paho/mqtt/client.py", line 4609, in _create_socket
    sock = self._create_socket_connection()
  File "/usr/local/lib/python3.8/dist-packages/paho/mqtt/client.py", line 4640, in _create_socket_connection
    return socket.create_connection(addr, timeout=self._connect_timeout, source_address=source)
  File "/usr/lib/python3.8/socket.py", line 808, in create_connection
    raise err
  File "/usr/lib/python3.8/socket.py", line 796, in create_connection
    sock.connect(sa)
socket.timeout: timed out
2026-06-05 10:44:04,404 - ERROR - Erro durante a execução
Traceback (most recent call last):
  File "fot_devices/main_n.py", line 144, in <module>
    sub_client.connect(mqttBroker, mqttPort, 60)
  File "/usr/local/lib/python3.8/dist-packages/paho/mqtt/client.py", line 1435, in connect
    return self.reconnect()
  File "/usr/local/lib/python3.8/dist-packages/paho/mqtt/client.py", line 1598, in reconnect
    self._sock = self._create_socket()
  File "/usr/local/lib/python3.8/dist-packages/paho/mqtt/client.py", line 4609, in _create_socket
    sock = self._create_socket_connection()
  File "/usr/local/lib/python3.8/dist-packages/paho/mqtt/client.py", line 4640, in _create_socket_connection
    return socket.create_connection(addr, timeout=self._connect_timeout, source_address=source)
  File "/usr/lib/python3.8/socket.py", line 808, in create_connection
    raise err
  File "/usr/lib/python3.8/socket.py", line 796, in create_connection
    sock.connect(sa)
socket.timeout: timed out
2026-06-05 10:44:04,983 - ERROR - Erro durante a execução
Traceback (most recent call last):
  File "fot_devices/main_n.py", line 144, in <module>
    sub_client.connect(mqttBroker, mqttPort, 60)
  File "/usr/local/lib/python3.8/dist-packages/paho/mqtt/client.py", line 1435, in connect
    return self.reconnect()
  File "/usr/local/lib/python3.8/dist-packages/paho/mqtt/client.py", line 1598, in reconnect
    self._sock = self._create_socket()
  File "/usr/local/lib/python3.8/dist-packages/paho/mqtt/client.py", line 4609, in _create_socket
    sock = self._create_socket_connection()
  File "/usr/local/lib/python3.8/dist-packages/paho/mqtt/client.py", line 4640, in _create_socket_connection
    return socket.create_connection(addr, timeout=self._connect_timeout, source_address=source)
  File "/usr/lib/python3.8/socket.py", line 808, in create_connection
    raise err
  File "/usr/lib/python3.8/socket.py", line 796, in create_connection
    sock.connect(sa)
OSError: [Errno 113] No route to host
2026-06-05 10:44:06,577 - ERROR - Erro durante a execução
Traceback (most recent call last):
  File "fot_devices/main_n.py", line 144, in <module>
    sub_client.connect(mqttBroker, mqttPort, 60)
  File "/usr/local/lib/python3.8/dist-packages/paho/mqtt/client.py", line 1435, in connect
    return self.reconnect()
  File "/usr/local/lib/python3.8/dist-packages/paho/mqtt/client.py", line 1598, in reconnect
    self._sock = self._create_socket()
  File "/usr/local/lib/python3.8/dist-packages/paho/mqtt/client.py", line 4609, in _create_socket
    sock = self._create_socket_connection()
  File "/usr/local/lib/python3.8/dist-packages/paho/mqtt/client.py", line 4640, in _create_socket_connection
    return socket.create_connection(addr, timeout=self._connect_timeout, source_address=source)
  File "/usr/lib/python3.8/socket.py", line 808, in create_connection
    raise err
  File "/usr/lib/python3.8/socket.py", line 796, in create_connection
    sock.connect(sa)
OSError: [Errno 113] No route to host
2026-06-05 10:44:07,155 - ERROR - Erro durante a execução
Traceback (most recent call last):
  File "fot_devices/main_n.py", line 144, in <module>
    sub_client.connect(mqttBroker, mqttPort, 60)
  File "/usr/local/lib/python3.8/dist-packages/paho/mqtt/client.py", line 1435, in connect
    return self.reconnect()
  File "/usr/local/lib/python3.8/dist-packages/paho/mqtt/client.py", line 1598, in reconnect
    self._sock = self._create_socket()
  File "/usr/local/lib/python3.8/dist-packages/paho/mqtt/client.py", line 4609, in _create_socket
    sock = self._create_socket_connection()
  File "/usr/local/lib/python3.8/dist-packages/paho/mqtt/client.py", line 4640, in _create_socket_connection
    return socket.create_connection(addr, timeout=self._connect_timeout, source_address=source)
  File "/usr/lib/python3.8/socket.py", line 808, in create_connection
    raise err
  File "/usr/lib/python3.8/socket.py", line 796, in create_connection
    sock.connect(sa)
OSError: [Errno 113] No route to host
