moteid,humidity
1,37.0933
1,38.4629
1,38.8039
1,38.8379
1,38.9401
1,38.872
1,38.8039
1,38.8379
1,38.872
1,38.9401
1,38.9061
1,38.8039
1,38.872
1,39.0082
1,38.872
1,38.8039
1,38.7357
1,38.8039
1,38.9061
1,38.872
1,38.9061
1,39.0082
1,38.7357
1,38.7357
1,38.8039
1,38.9401
1,38.9401
1,38.9742
1,38.9742
1,39.0422
1,38.9401
1,39.0763
1,38.9742
1,38.9401
1,38.8039
1,38.872
1,38.9061
1,38.8039
1,38.8039
1,38.8379
1,38.8039
1,38.7698
1,38.8039
1,38.872
1,39.0082
1,38.9061
1,39.0082
1,39.0082
1,39.0082
1,39.0763
1,39.0082
1,39.0082
1,38.9401
1,38.9742
1,39.0082
1,39.0082
1,39.0082
1,39.0082
1,38.9401
1,38.9401
1,39.0082
1,39.0082
1,38.872
1,38.9061
1,38.8379
1,38.8039
1,38.872
1,38.8039
1,38.8039
1,38.8379
1,38.9401
1,38.872
1,38.9401
1,38.9401
1,38.9401
1,38.9401
1,38.872
1,38.872
1,38.872
1,38.872
1,38.872
1,38.8379
1,38.872
1,38.8039
1,38.872
1,38.9061
1,38.9401
1,38.9401
1,39.0082
1,39.0763
1,39.0082
1,39.0422
1,39.0422
1,38.9742
1,38.9742
1,38.9742
1,38.9401
1,38.9401
1,38.9401
1,39.0082
1,39.1443
1,39.0763
1,39.1443
1,39.0763
1,39.0422
1,39.0763
1,39.0763
1,39.0082
1,39.0082
1,39.0763
1,39.0082
1,39.0082
1,39.0082
1,39.0082
1,39.0082
1,39.0082
1,39.0082
1,39.0763
1,39.1443
1,39.0763
1,39.0763
1,39.1103
1,39.1443
1,39.0763
1,39.0763
1,39.0082
1,39.0763
1,39.0422
1,39.0763
1,39.0082
1,38.9742
1,39.1443
1,39.1443
1,39.1443
1,39.0763
1,39.1443
1,39.1443
1,39.0422
1,39.1443
1,39.1443
1,39.0763
1,39.0763
1,39.0082
1,39.0422
1,39.0763
1,39.0422
1,39.0082
1,39.0763
1,39.0422
1,39.0763
1,39.0422
1,39.1103
1,39.1103
1,39.0763
1,39.0082
1,39.0422
1,39.0763
1,39.0082
1,39.0082
1,39.0082
1,39.0082
1,39.0082
1,39.1103
1,39.1443
1,39.1103
1,39.1443
1,39.2123
1,39.2123
1,39.1103
1,39.0763
1,39.0082
1,39.0422
1,39.0422
1,39.0763
1,39.1103
1,39.1103
1,39.1443
1,39.1103
1,39.0763
1,39.0763
1,39.0422
1,39.0763
1,39.0763
1,39.0763
1,39.1103
1,39.1103
1,39.0763
1,39.0422
1,39.0422
1,39.0422
1,39.1103
1,39.1443
1,39.1443
1,39.1443
1,39.1443
1,39.1443
1,39.1103
1,39.1783
1,39.1103
1,39.1103
1,39.1783
1,39.1103
1,39.1443
1,39.1103
1,39.1103
1,39.1443
1,39.1443
1,39.1443
1,39.1443
1,39.2123
1,39.2463
1,39.2123
1,39.2123
1,39.1783
1,39.1783
1,39.1783
1,39.1443
1,39.1443
1,39.1443
1,39.0763
1,39.2123
1,39.2123
1,39.2123
1,39.2123
1,39.2123
1,39.2123
1,39.1783
1,39.2123
1,39.1443
1,39.2123
1,39.2803
1,39.2123
1,39.2463
1,39.2123
1,39.2463
1,39.1783
1,39.2123
1,39.1443
1,39.1443
1,39.1783
1,39.3483
1,39.3143
1,39.3143
1,39.2803
1,39.3823
1,39.2803
1,39.2803
1,39.3143
1,39.2803
1,39.2803
1,39.3483
1,39.2463
1,39.2803
1,39.2463
1,39.2463
1,39.2123
1,39.2123
1,39.3483
1,39.4502
1,39.2803
1,39.2803
1,39.2803
1,39.2803
1,39.3143
1,39.2123
1,39.1443
1,38.872
1,38.8379
1,38.8379
1,38.7698
1,38.7357
1,38.7357
1,38.7357
1,38.7357
1,38.7698
1,38.6675
1,38.6675
1,38.6334
1,38.5993
1,38.6675
1,38.5993
1,38.6675
1,38.6334
1,38.5993
1,38.5311
1,38.5652
1,38.5311
1,38.5311
1,38.3946
1,38.3263
1,38.1897
1,38.0529
1,37.9161
1,37.7792
1,37.8477
1,37.7107
1,37.5394
1,37.4022
1,37.3336
1,37.2993
1,37.2993
1,37.2307
1,37.162
1,37.2307
1,36.7839
1,36.7495
1,36.7151
1,36.6118
1,36.543
1,36.4741
1,36.4052
1,36.2673
1,36.3018
1,36.1983
1,36.1293
1,36.0603
1,35.9221
1,35.7839
1,35.6802
1,35.7148
1,35.5764
1,35.3687
1,35.2995
1,35.2648
1,34.8834
1,34.8834
1,34.536
1,34.3969
1,34.3273
1,34.188
1,34.188
1,34.1184
1,34.0139
1,33.9093
1,33.8047
1,33.4206
1,33.4206
1,33.3507
1,33.3158
1,33.2808
1,33.2808
1,33.2458
1,33.3507
1,33.2808
1,33.2808
1,33.2108
1,33.0709
1,33.0709
1,33.0009
1,33.0359
1,33.0009
1,32.8608
1,32.8958
1,32.8608
1,32.8257
1,32.7557
1,32.6855
1,32.5803
1,32.5452
1,32.5102
1,32.44
1,32.4049
1,32.3698
1,32.3346
1,32.2995
1,32.4049
1,32.44
1,32.4049
1,32.3698
1,32.3346
1,32.2644
1,32.2293
1,32.1941
1,32.0887
1,31.948
1,31.948
1,31.8776
1,32.0183
1,31.8072
1,31.8072
1,31.7368
1,31.948
1,31.8072
1,31.7368
1,31.6664
1,31.5959
1,31.6312
1,31.6664
1,31.7368
1,31.6664
1,31.7368
1,31.7016
1,31.6312
1,31.5254
1,31.5254
1,31.3844
1,31.4197
1,31.4549
1,31.3139
1,31.3139
1,31.3139
1,31.3844
1,31.3139
1,31.1374
1,31.1374
1,31.1021
1,31.0314
1,31.0667
1,31.1727
1,30.9608
1,30.8901
1,30.8547
1,30.8901
1,30.7486
1,30.6779
1,30.6779
1,30.6779
1,30.6779
1,30.6071
1,30.6071
1,30.5717
1,30.5363
1,30.5363
1,30.4655
1,30.4655
1,30.4301
1,30.3947
1,30.3947
1,30.3947
1,30.3947
1,30.3947
1,30.3947
1,30.3238
1,30.2529
1,30.2529
1,30.1465
1,30.182
1,30.3238
1,30.2529
1,30.1111
1,29.8981
1,30.0401
1,30.1111
1,30.1111
1,30.2175
1,30.1111
1,30.0401
1,30.0401
1,30.0046
1,30.0046
1,30.0401
1,30.182
1,30.0401
1,30.3238
1,30.2884
1,30.0401
1,30.0401
1,29.9691
1,29.9691
1,29.8981
1,29.9691
1,30.0046
1,30.0401
1,30.2884
1,30.3238
1,30.2175
1,30.3592
1,30.2529
1,30.6071
1,30.4655
1,30.5363
1,30.5009
1,30.6071
1,30.6779
1,30.8194
1,30.6779
1,30.7486
1,30.6071
1,30.6071
1,30.6779
1,30.5363
1,30.5717
1,30.6071
1,30.6071
1,30.6779
1,30.6071
1,30.6779
1,30.6071
1,30.5363
1,30.5363
1,30.4655
1,30.5363
1,30.3238
1,30.2529
1,30.2529
1,30.182
1,30.182
1,30.182
1,30.182
1,30.2529
1,30.2529
1,30.2529
1,30.2175
1,30.3947
1,30.3947
1,30.3947
1,30.5009
1,30.4655
1,30.4655
1,30.6779
1,30.5363
1,30.4655
1,30.4301
1,30.4655
1,30.3947
1,30.5363
1,30.3947
1,30.3238
1,30.3238
1,30.2529
1,30.182
1,30.3238
1,30.2529
1,30.2529
1,30.2529
1,30.3238
1,30.5363
1,30.5363
1,30.4655
1,30.5363
1,30.5363
1,30.5363
1,30.4655
1,30.4655
1,30.4655
1,30.5009
1,30.3947
1,30.3947
1,30.3238
1,30.3238
1,30.3238
1,30.3947
1,30.5363
1,30.5363
1,30.5009
1,30.5363
1,30.4655
1,30.4655
1,30.7486
1,30.5363
1,30.6071
1,30.5717
1,30.6779
1,30.784
1,30.7133
1,30.6071
1,30.5009
1,30.4655
1,30.6779
1,30.5363
1,30.5363
1,30.784
1,30.8194
1,30.6779
1,30.6425
1,30.5363
1,30.5363
1,30.5363
1,30.5363
1,30.4655
1,30.5363
1,30.4655
1,30.4301
1,30.5363
1,30.5363
1,30.6779
1,30.6425
1,30.6779
1,30.6779
1,30.6071
1,30.6071
1,30.6779
1,30.5363
1,30.3947
1,30.3238
1,30.3947
1,30.3947
1,30.3592
1,30.3238
1,30.182
1,30.1465
1,30.3947
1,30.3947
1,30.4655
1,30.6779
1,30.6779
1,30.6779
1,30.7133
1,30.6071
1,30.6071
1,30.5009
1,30.4655
1,30.6071
1,30.8901
1,30.5363
1,30.3238
1,30.5363
1,30.784
1,30.8901
1,30.9608
1,30.7486
1,30.6071
1,30.8194
1,30.4301
1,30.3947
1,30.2529
1,30.2529
1,30.2529
1,30.5363
1,30.8901
1,31.5959
1,30.9961
1,31.1021
1,31.1727
1,31.3139
1,31.5607
1,31.7368
1,31.948
1,31.8072
1,31.8424
1,31.8072
1,31.948
1,32.0183
1,32.2293
1,32.2995
1,32.1238
1,31.948
1,31.948
1,31.8424
1,32.2293
1,32.5102
1,32.3698
1,32.0887
1,31.948
1,31.948
1,32.0183
1,32.2644
1,32.2293
1,32.2995
1,32.1941
1,32.159
1,32.2293
1,32.159
1,32.2293
1,32.44
1,32.5452
1,32.6505
1,32.5102
1,32.2293
1,32.5102
1,32.5102
1,32.159
1,32.1238
1,32.1941
1,32.3346
1,32.5803
1,32.5102
1,32.2293
1,32.0887
1,32.1941
1,32.0887
1,32.1238
1,32.44
1,32.5803
1,32.5803
1,32.6855
1,32.3698
1,32.3698
1,32.2995
1,32.2995
1,32.4049
1,32.5452
1,32.6154
1,32.5102
1,32.4049
1,32.2995
1,32.3698
1,32.3698
1,32.44
1,32.44
1,32.5803
1,32.7907
1,32.7907
1,32.7907
1,32.7907
1,32.8257
1,32.7557
1,32.7206
1,32.5803
1,32.5803
1,32.6505
1,32.8608
1,32.8608
1,32.7206
1,32.7907
1,32.7907
1,32.7907
1,32.9308
1,32.9308
1,32.9308
1,33.0009
1,32.9659
1,33.0009
1,32.8958
1,32.8608
1,32.8958
1,32.8608
1,32.7907
1,32.8608
1,32.8608
1,32.9659
1,33.1409
1,33.0709
1,33.1409
1,33.2458
1,33.1409
1,33.1409
1,33.2108
1,33.2458
1,33.2808
1,33.2108
1,33.2808
1,33.2808
1,33.3507
1,33.4905
1,33.4905
1,33.4905
1,33.5254
1,33.5254
1,33.5604
1,33.4905
1,33.5254
1,33.4206
1,33.4905
1,33.5953
1,33.6302
1,33.5604
1,33.5604
1,33.5953
1,33.7
1,33.7
1,33.7
1,33.7
1,33.7698
1,33.8396
1,33.8396
1,33.9093
1,33.979
1,33.979
1,33.979
1,33.979
1,33.979
1,34.0139
1,34.0487
1,34.0487
1,34.0139
1,34.0487
1,34.0139
1,34.0487
1,34.0836
1,34.1184
1,34.188
1,34.188
1,34.2577
1,34.2229
1,34.2577
1,34.2577
1,34.3273
1,34.3273
1,34.3969
1,34.5012
1,34.536
1,34.536
1,34.536
1,34.536
1,34.536
1,34.536
1,34.536
1,34.536
1,34.536
1,34.536
1,34.675
1,34.675
1,34.7445
1,34.7445
1,34.7792
1,34.8487
1,34.8834
1,34.9181
1,34.8834
1,34.9181
1,34.9181
1,34.9181
1,34.8834
1,34.9181
1,34.9528
1,35.0222
1,35.0915
1,35.2995
1,35.5072
1,35.4034
1,35.5072
1,35.438
1,35.4726
1,35.5072
1,35.438
1,35.5072
1,35.5072
1,35.4726
1,35.438
1,35.438
1,35.438
1,35.438
1,35.438
1,35.438
1,35.438
1,35.438
1,35.5072
1,35.5072
1,35.5764
1,35.5764
1,35.5764
1,35.6456
1,35.6456
1,35.6456
1,35.7148
1,35.7839
1,35.853
1,35.9221
1,35.8876
1,35.9221
1,35.9912
1,35.9567
1,35.9912
1,36.0603
1,36.0603
1,36.0603
1,36.0948
1,36.1638
1,36.1983
1,36.1983
1,36.1983
1,36.1983
1,36.1983
1,36.1983
1,36.2328
1,36.2673
1,36.5085
1,36.6807
1,36.6118
1,36.4741
1,36.4052
1,36.3707
1,36.4741
1,36.5085
1,36.4741
1,36.5085
1,36.6118
1,36.5774
1,36.543
1,36.6118
1,36.543
1,36.543
1,36.543
1,36.543
1,36.6118
1,36.6118
1,36.6807
1,36.543
1,36.5774
1,36.6118
1,36.8183
1,36.6807
1,36.8183
1,36.7839
1,36.7495
1,36.6463
1,36.6463
1,36.6807
1,36.7495
1,36.8183
1,36.8183
1,36.8871
1,36.8527
1,36.8183
1,36.8183
1,36.8183
1,36.7495
1,36.7839
1,36.8183
1,36.8183
1,36.8183
1,36.8183
1,36.8183
1,36.8871
1,36.7839
1,36.9559
1,36.9559
1,36.9559
1,36.9902
1,37.0246
1,37.0933
1,37.0933
1,37.0933
1,37.1277
1,37.0246
1,37.1963
1,37.162
1,37.162
1,37.1963
1,37.2307
1,37.2307
1,37.2307
1,37.162
1,37.162
1,37.0933
1,37.162
1,37.0933
1,37.1277
1,37.162
1,37.162
1,37.162
1,37.162
1,37.2307
1,37.2993
1,37.2307
1,37.2307
1,37.2993
1,37.3679
1,37.3679
1,37.3679
1,37.3679
1,37.3336
1,37.2993
1,37.3679
1,37.2993
1,37.4365
1,37.4365
1,37.3679
1,37.3679
1,37.3679
1,37.4022
1,37.3679
1,37.4365
1,37.3679
1,37.3679
1,37.3679
1,37.3679
1,37.3679
1,37.3679
1,37.3679
1,37.4365
1,37.4365
1,37.4708
1,37.5051
1,37.5051
1,37.5737
1,37.5737
1,37.6079
1,37.5737
1,37.5737
1,37.6079
1,37.6422
1,37.5737
1,37.5737
1,37.6422
1,37.6765
1,37.5737
1,37.6765
1,37.5737
1,37.6422
1,37.6765
1,37.6422
1,37.6422
1,37.6422
1,37.6079
1,37.5737
1,37.5737
1,37.6422
1,37.8477
1,37.8477
1,37.8477
1,37.8134
1,37.8477
1,37.8134
1,37.8477
1,37.9161
1,37.9161
1,37.9161
1,37.8477
1,37.8477
1,37.8819
1,37.9161
1,37.9161
1,37.9161
1,37.9161
1,37.9161
1,37.9503
1,37.9161
1,37.8819
1,37.8477
1,37.8477
1,37.8819
1,37.9161
1,37.9161
1,37.9503
1,37.9845
1,37.9845
1,37.9845
1,38.0187
1,38.0529
1,38.1213
1,38.0871
1,38.1213
1,38.0871
1,38.0529
1,38.1213
1,38.1213
1,38.0871
1,38.1213
1,38.1213
1,38.1213
1,38.0529
1,38.0871
1,38.0529
1,38.0529
1,38.0871
1,38.0529
1,38.1213
1,38.1213
1,38.0529
1,38.0529
1,38.0871
1,37.9845
1,38.0529
1,37.9845
1,38.1555
1,37.9845
1,37.9845
1,38.0871
1,38.258
1,38.1213
1,38.1213
1,38.1897
1,38.1897
1,38.258
1,38.2922
1,38.258
1,38.258
1,38.2922
1,38.258
1,38.3263
1,38.258
1,38.2922
1,38.1555
1,38.258
1,38.2239
1,38.2239
1,38.258
1,38.258
1,38.3263
1,38.258
1,38.1897
1,38.258
1,38.1213
1,38.2239
1,38.258
1,38.258
1,38.3605
1,38.3946
1,38.3946
1,38.3946
1,38.3946
1,38.3946
1,38.4287
1,38.4629
1,38.4287
1,38.4629
1,38.497
1,38.6675
1,38.6334
1,38.6675
1,38.5993
1,38.5652
1,38.5311
1,38.4629
1,38.3605
1,38.3946
1,38.4629
1,38.5652
1,38.5311
1,38.4629
1,38.4629
1,38.5311
1,38.5311
1,38.4629
1,38.497
1,38.4629
1,38.4629
1,38.4287
1,38.3946
1,38.4287
1,38.5311
1,38.497
1,38.5311
1,38.5311
1,38.497
1,38.5311
1,38.5311
1,38.5311
1,38.5311
1,38.4629
1,38.4629
1,38.3946
1,38.3946
1,38.3946
1,38.4629
1,38.4629
1,38.3946
1,38.3946
1,38.3605
1,38.4287
1,38.4287
1,38.3946
1,38.4287
1,38.4629
1,38.5311
1,38.5311
1,38.5311
1,38.6675
1,38.5311
1,38.5311
1,38.5311
1,38.5993
1,38.5652
1,38.5652
1,38.5993
1,38.5993
1,38.5311
1,38.5652
1,38.5652
1,38.5311
1,38.497
1,38.5311
1,38.5311
1,38.5993
1,38.5311
1,38.5311
1,38.5311
1,38.5311
1,38.7357
1,38.5993
1,38.7698
1,38.6675
1,38.7357
1,38.6334
1,38.6675
1,38.7698
1,38.6675
1,38.5993
1,38.7357
1,38.6675
1,38.6334
1,38.6675
1,38.7357
1,38.6334
1,38.6675
1,38.6675
1,38.6334
1,38.5993
1,38.6675
1,38.6334
1,38.5993
1,38.5993
1,38.5993
1,38.7357
1,38.7016
1,38.7698
1,38.7357
1,38.9401
1,38.7698
1,38.7698
1,38.7357
1,38.8039
1,38.8039
1,38.7357
1,38.7698
1,38.7698
1,38.8039
1,38.7698
1,38.7698
1,38.8039
1,38.7357
1,38.6675
1,38.6675
1,38.6675
1,38.7357
1,38.7016
1,38.6675
1,38.7357
1,38.8039
1,38.8039
1,38.8039
1,38.7698
1,38.7357
1,38.8379
1,38.7698
1,38.7357
1,38.7016
1,38.7357
1,38.7357
1,38.7357
1,38.6675
1,38.7357
1,38.7357
1,38.7357
1,38.8039
1,38.8039
1,38.9061
1,38.8039
1,38.8379
1,38.872
1,38.9401
1,38.8379
1,38.8039
1,38.8379
1,38.8039
1,38.8379
1,38.8379
1,39.0082
1,39.0082
1,38.872
1,38.9401
1,38.872
1,38.9401
1,38.9401
1,38.8039
1,38.8039
1,38.8039
1,38.8039
1,38.7357
1,38.6675
1,38.7357
1,38.7357
1,38.7357
1,38.8039
1,38.7357
1,38.8039
1,38.7698
1,38.9061
1,38.9401
1,38.872
1,38.9401
1,38.872
1,38.9401
1,38.9061
1,38.872
1,38.872
1,38.9061
1,38.8039
1,38.872
1,38.8039
1,38.8039
1,38.8379
1,38.8039
1,38.8039
1,38.7698
1,38.7357
1,38.8379
1,38.872
1,38.8039
1,38.872
1,39.0082
1,39.0082
1,39.0763
1,39.1103
1,39.0082
1,39.0082
1,39.0082
1,39.0422
1,39.0082
1,38.9401
1,38.9742
1,38.9742
1,38.9061
1,38.9061
1,38.872
1,38.872
1,38.872
1,38.872
1,38.872
1,38.8039
1,38.8379
1,38.872
1,38.9061
1,38.9401
1,38.872
1,38.9401
1,39.0082
1,38.9401
1,39.0763
1,39.0082
1,39.0763
1,39.0763
1,39.0763
1,39.0422
1,39.0082
1,38.9742
1,38.9401
1,38.9401
1,38.9401
1,38.9401
1,38.9061
1,38.9401
1,38.9401
1,38.9401
1,39.0082
1,38.9401
1,39.0082
1,38.9061
1,38.9401
1,39.0422
1,39.1443
1,39.0763
1,39.1443
1,39.1443
1,39.1443
1,39.1783
1,39.1103
1,39.0763
1,39.1443
1,39.1783
1,39.1103
1,39.1443
1,39.1443
1,39.0763
1,39.0763
1,39.1443
1,39.0763
1,39.0763
1,39.0082
1,39.0422
1,39.0422
1,39.0082
1,38.9401
1,39.0082
1,38.9742
1,39.0082
1,39.0082
1,38.9401
1,38.9742
1,39.0763
1,39.1443
1,39.1443
1,39.1783
1,39.1443
1,39.1783
1,39.1783
1,39.1443
1,39.0763
1,39.1443
1,39.1443
1,39.1443
1,39.1103
1,39.1103
1,39.2123
1,39.2463
1,39.2463
1,39.3143
1,39.2463
1,39.3143
1,39.4502
1,39.4162
1,39.4162
1,39.4162
1,39.4162
1,39.4162
1,39.3483
1,39.4162
1,39.4162
1,39.4842
1,39.4502
1,39.4842
1,39.4502
1,39.4502
1,39.3483
1,39.4162
1,39.4502
1,39.3483
1,39.3483
1,39.3483
1,39.3483
1,39.3483
1,39.4162
1,39.4842
1,39.4842
1,39.4842
1,39.5521
1,39.586
1,39.5521
1,39.586
1,39.5521
1,39.586
1,39.62
1,39.62
1,39.6539
1,39.6539
1,39.6878
1,39.62
1,39.62
1,39.62
1,39.586
1,39.5521
1,39.586
1,39.5521
1,39.62
1,39.6539
1,39.7217
1,39.6878
1,39.7557
1,39.7557
1,39.8235
1,39.7896
1,39.8574
1,39.8913
1,39.8913
1,39.8235
1,39.8235
1,39.8235
1,39.8913
1,39.8235
1,39.8574
1,39.7557
1,39.7896
1,39.8235
1,39.8235
1,39.8913
1,39.8913
1,39.9252
1,39.8913
1,39.9929
1,40.0268
1,40.0945
1,40.1284
1,40.1284
1,40.0945
1,40.1622
1,40.0945
1,40.0945
1,40.0945
1,40.0945
1,40.0945
1,40.0607
1,40.0945
1,40.0945
1,40.0945
1,40.0607
1,40.0607
1,40.0268
1,40.0268
1,40.0607
1,40.0945
1,40.0268
1,40.1284
1,40.1622
1,40.0945
1,40.2299
1,40.1622
1,40.2299
1,40.1961
1,40.2638
1,40.2976
1,40.2299
1,40.2976
1,40.2976
1,40.2299
1,40.2299
1,40.2299
1,40.2299
1,40.2299
1,40.2299
1,40.2638
1,40.2299
1,40.2299
1,40.2299
1,40.2299
1,40.2299
1,40.2638
1,40.2299
1,40.2299
1,40.2638
1,40.2638
1,40.2976
1,40.2976
1,40.3652
1,40.3652
1,40.3314
1,40.2976
1,40.3314
1,40.4328
1,40.4666
1,40.4666
1,40.4328
1,40.399
1,40.4328
1,40.4328
1,40.5004
1,40.568
1,40.5342
1,40.568
1,40.568
1,40.568
1,40.5342
1,40.568
1,40.568
1,40.568
1,40.568
1,40.568
1,40.568
1,40.568
1,40.568
1,40.5004
1,40.6355
1,40.6693
1,40.568
1,40.7368
1,40.7706
1,40.7368
1,40.7031
1,40.7706
1,40.7368
1,40.7031
1,40.7706
1,40.7706
1,40.7706
1,40.7706
1,40.8043
1,40.8043
1,40.7706
1,40.8381
1,40.8043
1,40.8043
1,40.9055
1,40.8381
1,40.8718
1,40.8718
1,40.8043
1,40.9055
1,40.9392
1,40.973
1,41.0404
1,40.9392
1,40.973
1,40.973
1,41.0404
1,40.973
1,40.973
1,40.9392
1,40.9055
1,40.973
1,40.973
1,40.8718
1,40.973
1,40.9392
1,40.8381
1,40.8718
1,40.8381
1,40.8381
1,40.9055
1,40.8718
1,40.9392
1,41.0067
1,40.9392
1,40.973
1,41.1078
1,41.0741
1,41.0404
1,41.0404
1,40.973
1,41.1078
1,41.1078
1,41.1414
1,41.1078
1,41.1751
1,41.1414
1,41.1751
1,41.1078
1,41.1414
1,41.1078
1,41.2425
1,41.2761
1,41.2761
1,41.2761
1,41.2425
1,41.1078
1,41.2761
1,41.2425
1,41.3771
1,41.3771
1,41.3098
1,41.2425
1,41.3435
1,41.3771
1,41.3771
1,41.4444
1,41.3771
1,41.4444
1,41.3771
1,41.4108
1,41.4108
1,41.4444
1,41.3771
1,41.3771
1,41.3435
1,41.3771
1,41.3098
1,41.3771
1,41.3771
1,41.3098
1,41.478
1,41.3771
1,41.4444
1,41.4444
1,41.4444
1,41.5789
1,41.6125
1,41.7133
1,41.6461
1,41.7133
1,41.6461
1,41.7133
1,41.6797
1,41.6461
1,41.6461
1,41.6461
1,41.6461
1,41.5789
1,41.5789
1,41.6797
1,41.6461
1,41.6125
1,41.6125
1,41.6461
1,41.7805
1,41.8476
1,41.8476
1,41.9147
1,41.9147
1,41.8812
1,41.9147
1,41.8812
1,41.9147
1,41.9147
1,41.9147
1,41.9818
1,41.9818
1,41.9818
1,41.9147
1,41.8812
1,41.9147
1,41.9147
1,41.8476
1,41.9147
1,41.9483
1,41.8476
1,41.814
1,41.8476
1,41.9818
1,42.116
1,42.0489
1,42.1495
1,42.0489
1,42.116
1,42.0489
1,42.116
1,42.183
1,42.0824
1,42.116
1,42.116
1,42.183
1,42.0824
1,42.0489
1,42.116
1,42.116
1,42.0154
1,42.116
1,42.116
1,42.0489
1,42.1495
1,42.183
1,42.183
1,42.1495
1,42.2165
1,42.2165
1,42.183
1,42.2835
1,42.317
1,42.2835
1,42.317
1,42.25
1,42.384
1,42.3505
1,42.317
1,42.317
1,42.317
1,42.3505
1,42.384
1,42.384
1,42.183
1,42.317
1,42.317
1,42.3505
1,42.317
1,42.4174
1,42.384
1,42.4174
1,42.5847
1,42.4844
1,42.5847
1,42.5178
1,42.5847
1,42.5847
1,42.5847
1,42.5847
1,42.5178
1,42.5178
1,42.5513
1,42.5847
1,42.5847
1,42.5178
1,42.5847
1,42.5178
1,42.5513
1,42.6516
1,42.5847
1,42.5847
1,42.4174
1,42.7185
1,42.8187
1,42.7853
1,42.7853
1,42.6516
1,42.7853
1,42.7519
1,42.8187
1,42.8187
1,42.8521
1,42.8521
1,42.8521
1,42.7853
1,42.8187
1,42.8521
1,42.7853
1,42.8187
1,42.8187
1,42.8855
1,42.9189
1,42.9856
1,42.9189
1,42.8521
1,42.8521
1,42.8855
1,42.9856
1,42.9856
1,43.0524
1,43.0524
1,43.1191
1,42.9856
1,42.9856
1,43.0524
1,43.0858
1,42.9856
1,42.9856
1,42.9523
1,42.9856
1,42.9856
1,42.9523
1,43.019
1,42.9856
1,43.0524
1,43.0858
1,43.1191
1,43.1525
1,43.1191
1,43.1191
1,43.1858
1,43.1858
1,43.2525
1,43.2191
1,43.1858
1,43.1191
1,43.1191
1,43.0858
1,43.0858
1,43.1191
1,43.0524
1,43.1191
1,43.1191
1,43.1525
1,43.1191
1,43.1858
1,43.2191
1,43.3191
1,43.2191
1,43.1858
1,43.1858
1,43.1858
1,43.2191
1,43.2191
1,43.2191
1,43.1858
1,43.2191
1,43.1858
1,43.3525
1,43.3525
1,43.4191
1,43.4524
1,43.3858
1,43.4524
1,43.3858
1,43.4191
1,43.3858
1,43.4191
1,43.4524
1,43.3525
1,43.3858
1,43.3858
1,43.3191
1,43.3525
1,43.3191
1,43.3191
1,43.3191
1,43.3191
1,43.3858
1,43.3191
1,43.3191
1,43.2858
1,43.3191
1,43.3858
1,43.4191
1,43.4191
1,43.4524
1,43.519
1,43.5855
1,43.519
1,43.5522
1,43.5522
1,43.4857
1,43.4524
1,43.4524
1,43.4857
1,43.4524
1,43.3858
1,43.3191
1,43.3525
1,43.3191
1,43.3858
1,43.4191
1,43.4524
1,43.4524
1,43.4524
1,43.5855
1,43.519
1,43.4524
1,43.3858
1,43.4524
1,43.4191
1,43.4191
1,43.3858
1,43.3191
1,43.3191
1,43.3191
1,43.2191
1,43.2525
1,43.1858
1,43.2525
1,43.2191
1,43.3191
1,43.3525
1,43.3191
1,43.3191
1,43.2525
1,43.2525
1,43.1858
1,43.1858
1,43.0858
1,43.0524
1,43.0524
1,42.9856
1,43.0524
1,42.8521
1,42.8855
1,42.8521
1,42.7853
1,42.7519
1,42.7853
1,42.6516
1,42.6516
1,42.685
1,42.5847
1,42.6516
1,42.5847
1,42.5513
1,42.4844
1,42.4509
1,42.4174
1,42.317
1,42.25
1,42.1495
1,42.116
1,42.0489
1,42.0489
1,42.1495
1,42.0154
1,42.0824
1,42.1495
1,42.116
1,42.116
1,42.0489
1,42.0489
1,41.9483
1,41.9147
1,41.9818
1,41.7805
1,41.6125
1,41.5116
1,41.3771
1,41.2425
1,41.1751
1,41.1078
1,40.973
1,40.6355
1,40.6355
1,40.3652
1,40.2299
1,40.1622
1,40.0945
1,39.9591
1,39.8913
1,39.6539
1,39.5521
1,39.4842
1,39.4162
1,39.4502
1,39.4162
1,39.2123
1,39.1443
1,39.0763
1,38.9401
1,38.9061
1,38.7357
1,38.7357
1,38.5311
1,38.497
1,38.4629
1,38.4629
1,38.4629
1,38.3946
1,38.3946
1,38.3946
1,38.3605
1,38.258
1,38.0871
1,38.0529
1,38.0529
1,38.0187
1,37.9845
1,38.0187
1,37.9845
1,37.8819
1,37.9161
1,37.7792
1,37.7792
1,37.7792
1,37.6422
1,37.6079
1,37.6079
1,37.5737
1,37.5737
1,37.6079
1,37.6422
1,37.5737
1,37.6422
1,37.6422
1,37.6422
1,37.5737
1,37.5737
1,37.5737
1,37.5394
1,37.5737
1,37.6079
1,37.6422
1,37.6422
1,37.7107
1,37.7107
1,37.7792
1,37.8477
1,38.0529
1,38.1213
1,38.1897
1,38.1897
1,38.3263
1,38.3946
1,38.4629
1,38.5311
1,38.5311
1,38.7357
1,38.8039
1,38.872
1,39.0082
1,39.0763
1,39.1443
1,39.1783
1,39.2123
1,39.2803
1,39.3143
1,39.62
1,39.7557
1,39.7896
1,39.7557
1,39.5521
1,39.5521
1,39.5521
1,39.4162
1,39.4502
1,39.3143
1,39.2803
1,39.2123
1,39.1783
1,39.1443
1,39.1103
1,39.0082
1,39.0082
1,38.9401
1,39.0082
1,38.9401
1,38.8379
1,38.872
1,38.8039
1,38.7357
1,38.7698
1,38.7357
1,38.6675
1,38.497
1,38.3946
1,38.3946
1,38.3263
1,38.258
1,38.258
1,38.2239
1,38.1555
1,37.9845
1,38.1897
1,38.1555
1,38.0529
1,37.9845
1,37.9161
1,37.8134
1,37.8134
1,37.8819
1,37.8819
1,37.9161
1,37.9503
1,37.9503
1,37.9161
1,37.9503
1,37.9161
1,37.8477
1,37.7792
1,37.745
1,37.745
1,37.7107
1,37.7107
1,37.7107
1,37.7107
1,37.6765
1,37.6765
1,37.6422
1,37.8134
1,37.7792
1,37.7107
1,37.7107
1,37.6765
1,37.6765
1,37.7107
1,37.745
1,37.7792
1,37.9161
1,38.0529
1,37.9845
1,37.745
1,37.7107
1,37.745
1,37.7792
1,37.8477
1,37.8134
1,37.8819
1,37.7792
1,37.7792
1,37.7792
1,37.7792
1,37.7792
1,37.7107
1,37.745
1,37.8477
1,37.8134
1,37.8819
1,37.745
1,37.9161
1,37.8477
1,37.7792
1,37.9845
1,37.7107
1,37.8477
1,37.8819
1,37.8477
1,37.8477
1,37.9845
1,38.0529
1,37.9845
1,38.0529
1,37.9161
1,37.9161
1,37.9845
1,37.9503
1,37.9503
1,37.9845
1,38.1213
1,38.0529
1,37.9161
1,37.8819
1,38.2922
1,37.9161
1,38.0187
1,38.1213
1,37.9845
1,38.1897
1,38.3946
1,38.3263
1,38.3263
1,38.4629
1,38.5311
1,38.5652
1,38.5311
1,38.4287
1,38.7698
1,38.8039
1,38.4287
1,38.3263
1,38.2922
1,38.1213
1,38.258
1,37.9845
1,38.1897
1,38.0529
1,38.1897
1,38.0529
1,38.1897
1,38.3946
1,38.3946
1,38.3263
1,38.3263
1,38.258
1,38.3263
1,38.1555
1,38.0871
1,38.1897
1,38.0529
1,38.0187
1,38.0187
1,38.3946
1,38.1213
1,38.0871
1,38.1213
1,38.1555
1,38.1213
1,38.1213
1,38.2239
1,38.258
1,38.3605
1,38.4629
1,38.4629
1,38.6334
1,38.7698
1,38.7357
1,38.7698
1,38.5993
1,38.7016
1,38.9061
1,39.1443
1,39.0763
1,39.2803
1,39.1783
1,39.1783
1,39.3483
1,39.1783
1,39.1103
1,39.2123
1,39.1443
1,39.3483
1,39.2803
1,39.2803
1,39.2463
1,39.2803
1,39.3143
1,39.3823
1,39.4502
1,39.4162
1,39.4162
1,39.4162
1,39.4842
1,39.3823
1,39.4162
1,39.4162
1,39.4502
1,39.4162
1,39.4162
1,39.4162
1,39.4162
1,39.3483
1,39.3823
1,39.3823
1,39.4162
1,39.4162
1,39.3483
1,39.5521
1,39.5521
1,39.5521
1,39.4162
1,39.3483
1,39.2803
1,39.2463
1,39.2803
1,39.0422
1,39.0763
1,39.2123
1,39.2463
1,39.2123
1,39.0763
1,39.0763
1,39.0763
1,39.1443
1,39.0422
1,39.1103
1,39.1443
1,39.1443
1,38.9742
1,38.9061
1,39.0763
1,39.0763
1,39.0082
1,39.1103
1,39.0082
1,39.0422
1,38.9061
1,39.0082
1,39.0422
1,39.0763
1,39.0082
1,39.0082
1,39.0422
1,39.0422
1,38.9061
1,38.9061
1,38.872
1,38.872
1,38.7357
1,38.7357
1,38.7357
1,38.7698
1,38.7357
1,38.5993
1,39.1783
1,38.872
1,39.0082
1,38.9742
1,38.7698
1,38.9742
1,38.9401
1,39.0082
1,39.0082
1,39.0082
1,38.6675
1,38.8039
1,38.7698
1,38.7357
1,38.6675
1,38.7357
1,38.8039
1,38.7698
1,38.6675
1,38.6675
1,38.6675
1,38.6334
1,38.5993
1,38.5993
1,38.5652
1,38.5993
1,38.3946
1,38.3946
1,38.3605
1,38.258
1,38.3946
1,38.2239
1,38.1213
1,38.5311
1,38.3946
1,38.8039
1,38.7357
1,38.5993
1,38.8039
1,38.8379
1,38.5993
1,38.7357
1,38.7357
1,38.8039
1,38.872
1,38.872
1,39.0082
1,39.0082
1,38.9742
1,39.0763
1,39.1103
1,39.1443
1,39.1443
1,39.2123
1,39.3143
1,39.3483
1,39.4162
1,39.62
1,39.6878
1,39.6878
1,39.7896
1,40.0607
1,39.7217
1,39.8235
1,39.5181
1,39.5181
1,39.5521
1,39.3823
1,39.3483
1,39.2123
1,39.1443
1,39.0082
1,39.0082
1,38.8379
1,38.8039
1,38.7357
1,38.7357
1,38.7016
1,38.7698
1,38.8039
1,38.8379
1,38.9061
1,38.9061
1,38.9401
1,39.1443
1,39.1443
1,39.1443
1,39.1783
1,39.62
1,39.5521
1,39.7557
1,39.586
1,39.5521
1,39.5521
1,39.5521
1,39.6539
1,39.6878
1,39.6878
1,39.7557
1,39.7557
1,39.8574
1,39.9929
1,39.8913
1,40.0945
1,40.0607
1,40.1961
1,40.1961
1,40.3652
1,40.3652
1,40.2299
1,40.2299
1,40.1284
1,40.1961
1,40.1622
1,40.1622
1,40.1622
1,40.1622
1,40.1622
1,40.2299
1,40.4328
1,40.4328
1,40.3652
1,40.4328
1,40.4328
1,40.4328
1,40.399
1,40.568
1,-3.91901
1,40.6355
1,40.7031
1,40.7706
1,40.7031
1,40.6693
1,-3.91901
1,40.7031
1,40.7706
1,40.7706
1,40.9055
1,40.8381
1,40.9055
1,40.973
1,41.0067
1,40.973
1,40.973
1,41.0741
1,41.0404
1,41.0404
1,41.0741
1,41.1751
1,41.2425
1,41.2088
1,41.1751
1,41.1751
1,41.2088
1,41.3098
1,41.2761
1,41.3098
1,41.3098
1,41.3098
1,41.3435
1,41.3098
1,41.3098
1,41.2761
1,41.2761
1,41.2425
1,41.3098
1,41.4108
1,41.3771
1,41.3771
1,41.3771
1,41.3771
1,41.3771
1,41.4108
1,41.4108
1,41.4108
1,41.4108
1,41.4108
1,41.4108
1,41.3771
1,41.3435
1,41.3771
1,41.3771
1,41.3435
1,41.3098
1,41.2761
1,41.2425
1,41.4444
1,41.4444
1,41.478
1,41.5116
1,41.3771
1,41.4108
1,41.4108
1,41.6461
1,41.7133
1,41.5789
1,41.5789
1,41.4108
1,41.5789
1,41.5116
1,41.6461
1,41.7133
1,41.6797
1,41.7469
1,41.8476
1,41.9147
1,41.8476
1,41.7805
1,41.6797
1,41.7133
1,41.6125
1,41.6461
1,41.5789
1,41.6797
1,41.5116
1,41.4444
1,41.4444
1,-1.41947
1,41.3771
1,41.3771
1,-0.457683
1,41.7805
1,41.7469
1,41.3771
1,41.4444
1,4.77448
1,41.478
1,41.4444
1,41.5453
1,41.5116
1,41.5116
1,41.5116
1,41.5789
1,41.6125
1,41.7805
1,41.7805
1,8.67328
1,7.19833
1,41.5789
1,41.5116
1,41.5116
1,41.5116
1,41.5116
1,41.4444
1,41.478
1,41.4444
1,41.4444
1,41.5116
1,41.5116
1,41.5789
1,14.9461
1,41.5789
1,41.6461
1,41.6797
1,41.6461
1,41.6125
1,41.6461
1,41.6461
1,41.6797
1,41.6797
1,41.6797
1,41.6461
1,41.6125
1,41.6461
1,41.5789
1,41.6125
1,41.5116
1,41.6125
1,41.6461
1,41.6461
1,41.6461
1,41.6797
1,41.6461
1,41.6461
1,41.6461
1,41.5789
1,41.6461
1,41.5789
1,41.5789
1,41.5453
1,41.5789
1,41.5789
1,41.6125
1,41.6125
1,41.6125
1,41.6125
1,41.6461
1,41.6461
1,41.6461
1,41.6461
1,41.6461
1,41.6461
1,41.6461
1,41.6461
1,41.6461
1,41.6461
1,41.6461
1,41.7133
1,41.7133
1,41.7133
1,41.6461
1,41.6461
1,41.5789
1,41.6461
1,41.7133
1,41.7469
1,41.7805
1,41.6461
1,41.6797
1,41.7469
1,41.7133
1,41.6797
1,41.6797
1,41.7133
1,41.7133
1,41.6797
1,41.6461
1,41.6461
1,41.7133
1,41.7133
1,41.7133
1,41.7133
1,41.7133
1,41.7133
1,41.6461
1,41.6125
1,41.6461
1,41.6797
1,41.6461
1,41.7133
1,41.7133
1,41.7805
1,41.7805
1,41.7805
1,41.7805
1,41.814
1,41.7469
1,41.7805
1,41.814
1,41.814
1,41.814
1,41.814
1,41.814
1,41.814
1,41.814
1,41.814
1,41.7805
1,41.7469
1,41.7133
1,41.7805
1,41.814
1,41.8812
1,41.9147
1,41.8476
1,41.8476
1,41.8476
1,41.8476
1,41.8476
1,41.8476
1,41.8476
1,41.8476
1,41.8476
1,41.814
1,41.7805
1,41.814
1,41.7805
1,41.7805
1,41.7469
1,41.7133
1,41.7133
1,41.7133
1,41.7133
1,41.7133
1,41.7133
1,41.814
1,41.7805
1,41.8476
1,41.8476
1,41.814
1,41.8476
1,41.8476
1,41.814
1,41.814
1,41.7805
1,41.7133
1,41.8476
1,41.814
1,41.7469
1,41.814
1,41.814
1,41.8476
1,41.7133
1,41.814
1,41.814
1,41.8476
1,41.8476
1,41.8812
1,41.8476
1,41.8476
1,41.8476
1,41.9147
1,41.9147
1,41.9147
1,41.9147
1,41.9147
1,41.9147
1,41.9147
1,41.9147
1,41.8812
1,41.9147
1,41.8812
1,41.8476
1,41.8476
1,41.8476
1,41.8476
1,41.7805
1,41.814
1,41.8476
1,41.7805
1,41.8476
1,41.8812
1,41.9483
1,41.9147
1,41.9147
1,41.9147
1,41.9818
1,41.9147
1,41.9483
1,41.9483
1,41.9147
1,41.9147
1,41.9147
1,41.9147
1,41.8812
1,41.8476
1,41.8476
1,41.8476
1,41.7805
1,41.814
1,41.7805
1,41.8476
1,41.814
1,41.9147
1,41.8476
1,41.9147
1,41.9147
1,41.8812
1,41.9147
1,41.9483
1,41.9147
1,41.9818
1,41.9147
1,41.9483
1,41.9818
1,41.9818
1,41.9818
1,41.9818
1,41.9818
1,41.9483
1,41.8812
1,41.8812
1,41.8812
1,41.9147
1,41.9147
1,41.9147
1,41.9818
1,41.9818
1,41.9483
1,41.9147
1,41.9483
1,42.0154
1,41.9818
1,42.0489
1,42.0154
1,42.0154
1,42.0489
1,42.0489
1,42.0489
1,42.0489
1,42.0154
1,42.0154
1,41.9818
1,41.9818
1,41.9818
1,41.9818
1,41.9147
1,41.9147
1,41.9147
1,41.8812
1,41.9147
1,41.9147
1,41.9147
1,41.9147
1,41.9147
1,41.9147
1,41.8476
1,41.8476
1,41.8812
1,41.9147
1,41.9818
1,41.9483
1,42.0489
1,42.0824
1,42.116
1,42.0489
1,42.0489
1,42.0824
1,42.0824
1,42.116
1,42.0824
1,42.0489
1,42.0489
1,42.0489
1,42.0489
1,42.0489
1,42.0154
1,41.9818
1,41.9818
1,41.9483
1,42.0154
1,41.9818
1,42.0154
1,41.9818
1,41.9818
1,42.0489
1,42.0489
1,42.1495
1,42.183
1,42.183
1,42.2165
1,42.2165
1,42.183
1,42.116
1,42.183
1,42.1495
1,42.1495
1,42.1495
1,42.116
1,42.116
1,42.116
1,42.0824
1,42.0824
1,42.0824
1,42.0489
1,42.0154
1,42.0489
1,42.0824
1,42.0824
1,42.116
1,42.116
1,42.116
1,42.116
1,42.1495
1,42.183
1,42.2165
1,42.25
1,42.25
1,42.317
1,42.2835
1,42.25
1,42.25
1,42.317
1,42.25
1,42.25
1,42.25
1,42.2165
1,42.183
1,42.183
1,42.1495
1,42.116
1,42.1495
1,42.116
1,42.116
1,42.116
1,42.116
1,42.1495
1,42.1495
1,42.1495
1,42.183
1,42.25
1,42.25
1,42.25
1,42.317
1,42.25
1,42.2835
1,42.25
1,42.2165
1,42.25
1,42.183
1,42.183
1,42.183
1,42.1495
1,42.116
1,42.116
1,42.116
1,42.1495
1,42.183
1,42.116
1,42.1495
1,42.183
1,42.183
1,42.2165
1,42.317
1,42.317
1,42.317
1,42.2835
1,42.3505
1,42.384
1,42.317
1,42.317
1,42.3505
1,42.3505
1,42.3505
1,42.384
1,42.3505
1,42.3505
1,42.3505
1,42.3505
1,42.317
1,42.2835
1,42.25
1,42.25
1,42.2835
1,42.25
1,42.25
1,42.317
1,42.384
1,42.317
1,42.317
1,42.2835
1,42.3505
1,42.384
1,42.317
1,42.317
1,42.3505
1,42.4844
1,42.4509
1,42.4509
1,42.4509
1,42.5178
1,42.384
1,42.4509
1,42.5178
1,42.4509
1,42.4509
1,42.4174
1,42.4509
1,42.4509
1,42.3505
1,42.384
1,42.384
1,42.384
1,42.384
1,42.4509
1,42.5178
1,42.5513
1,42.5513
1,42.5847
1,42.5847
1,42.5847
1,42.5847
1,42.5847
1,42.5513
1,42.5178
1,42.5847
1,42.5847
1,42.5847
1,42.5847
1,42.5513
1,42.5178
1,42.5847
1,42.5847
1,42.5178
1,42.4844
1,42.5513
1,42.5178
1,42.5178
1,42.5847
1,42.5847
1,42.5847
1,42.5847
1,42.5847
1,42.6516
1,42.7519
1,42.685
1,42.7185
1,42.7185
1,42.7185
1,42.7853
1,42.7185
1,42.7185
1,42.7185
1,42.685
1,42.6182
1,42.6516
1,42.6516
1,42.7185
1,42.685
1,42.685
1,42.6516
1,42.7185
1,42.7185
1,42.6516
1,42.6516
1,42.6516
1,42.5847
1,42.5847
1,42.6516
1,42.6516
1,42.7185
1,42.7519
1,42.7519
1,42.7853
1,42.8521
1,42.8521
1,42.8521
1,42.8521
1,42.7853
1,42.7853
1,42.8521
1,42.8855
1,42.7853
1,42.7185
1,42.8187
1,42.8521
1,42.8187
1,42.8187
1,42.8855
1,42.8521
1,42.8855
1,42.8521
1,42.9856
1,43.019
1,43.0524
1,43.019
1,42.9856
1,42.9856
1,43.0858
1,43.0524
1,43.0524
1,42.9856
1,43.019
1,43.019
1,43.0858
1,43.019
1,42.9523
1,42.9189
1,42.9189
1,42.9523
1,42.9856
1,42.9856
1,42.9189
1,42.9189
1,42.9856
1,42.9856
1,43.019
1,42.9856
1,43.019
1,43.0524
1,43.0524
1,43.0858
1,43.1191
1,43.0858
1,43.0524
1,42.9856
1,42.9189
1,43.0858
1,43.0524
1,43.0858
1,43.0524
1,43.1191
1,43.1191
1,43.0858
1,43.1191
1,43.0524
1,43.1525
1,43.1858
1,43.2525
1,43.2525
1,43.2858
1,43.3858
1,43.3525
1,43.3525
1,43.2191
1,43.2858
1,43.3191
1,43.3858
1,43.3858
1,43.3525
1,43.4524
1,43.4524
1,43.519
1,43.519
1,43.3858
1,43.5855
1,43.5522
1,43.5522
1,43.6521
1,43.5855
1,43.5855
1,43.5855
1,43.6188
1,43.5855
1,43.6188
1,43.5855
1,43.5855
1,43.6521
1,43.519
1,43.5855
1,43.519
1,43.5855
1,43.5855
1,43.6188
1,43.5855
1,43.5522
1,43.6188
1,43.6853
1,43.6188
1,43.6521
1,43.7186
1,43.7851
1,43.8183
1,43.8515
1,43.8515
1,43.8515
1,43.8848
1,43.918
1,43.918
1,43.8515
1,43.8515
1,43.918
1,43.7186
1,43.7851
1,43.7186
1,43.7186
1,43.8183
1,43.8515
1,43.8515
1,43.8515
1,43.918
1,43.9844
1,43.9844
1,43.9844
1,44.084
1,43.9844
1,44.0508
1,44.1504
1,44.1172
1,44.1504
1,44.1172
1,44.1504
1,44.1836
1,44.084
1,44.084
1,44.1172
1,44.084
1,44.1172
1,44.084
1,44.084
1,44.2168
1,44.1504
1,44.3162
1,44.3825
1,44.3825
1,44.3825
1,44.3494
1,44.3825
1,44.3162
1,44.3162
1,44.3825
1,44.4157
1,44.3825
1,44.3494
1,44.3825
1,44.2499
1,44.2831
1,44.3162
1,44.3825
1,44.4488
1,44.4157
1,44.5151
1,44.4157
1,44.4819
1,44.5151
1,44.5813
1,44.6475
1,44.5813
1,44.5151
1,44.5813
1,44.5151
1,44.5151
1,44.5151
1,44.4488
1,44.4819
1,44.4488
1,44.5151
1,44.4488
1,44.5813
1,44.5813
1,44.5813
1,44.5813
1,44.7137
1,44.7798
1,44.7137
1,44.7137
1,44.7137
1,44.6475
1,44.6806
1,44.6475
1,44.5813
1,44.4819
1,44.4819
1,44.4488
1,44.5482
1,44.5482
1,44.5813
1,44.5482
1,44.5813
1,44.6144
1,44.6144
1,44.5151
1,44.6475
1,44.7137
1,44.7137
1,44.7798
1,44.7137
1,44.7137
1,44.7137
1,44.6806
1,44.6475
1,44.6475
1,44.6806
1,44.6475
1,44.6475
1,44.6144
1,44.6144
1,44.6144
1,44.5813
1,44.5813
1,44.4488
1,44.5151
1,44.5813
1,44.5482
1,44.6475
1,44.6806
1,44.7798
1,44.7467
1,44.7137
1,44.7467
1,44.6806
1,44.6806
1,44.6806
1,44.6475
1,44.6475
1,44.6475
1,44.5813
1,44.5813
1,44.5813
1,44.5151
1,44.5813
1,44.5482
1,44.5813
1,44.5813
1,44.5482
1,44.7137
1,44.7467
1,44.7798
1,44.7798
1,44.846
1,44.846
1,44.846
1,44.7798
1,44.7798
1,44.7137
1,44.6475
1,44.6806
1,44.6806
1,44.7137
1,44.7137
1,44.6806
1,44.6144
1,44.6475
1,44.6144
1,44.5813
1,44.5813
1,44.6144
1,44.6806
1,44.6806
1,44.7137
1,44.6806
1,44.7137
1,44.7137
1,44.6806
1,44.7137
1,44.7137
1,44.7137
1,44.7467
1,44.6806
1,44.6806
1,44.6806
1,44.7137
1,44.6806
1,44.7137
1,44.6475
1,44.6806
1,44.6144
1,44.6144
1,44.6475
1,44.6475
1,44.6806
1,44.6475
1,44.7467
1,44.7798
1,44.8129
1,44.846
1,44.879
1,44.879
1,44.879
1,44.9451
1,44.9451
1,44.9121
1,44.846
1,44.846
1,44.8129
1,44.7798
1,44.846
1,44.8129
1,44.7798
1,44.7467
1,44.9121
1,44.9782
1,44.9451
1,44.9782
1,45.0112
1,45.0112
1,44.9782
1,44.9451
1,44.9451
1,44.9121
1,44.9121
1,44.9121
1,44.9451
1,44.9782
1,44.9121
1,44.846
1,44.9121
1,44.9121
1,44.9121
1,44.9121
1,44.879
1,44.846
1,44.9782
1,45.0112
1,44.9782
1,45.0442
1,45.1103
1,45.1103
1,45.1103
1,45.0773
1,45.0773
1,45.0773
1,45.0442
1,45.0442
1,44.9782
1,44.9782
1,44.9782
1,44.879
1,44.9121
1,44.9121
1,44.9782
1,44.846
1,45.0112
1,44.9782
1,45.0773
1,45.0442
1,45.0442
1,45.1433
1,45.1103
1,45.1103
1,45.1103
1,45.1763
1,45.2093
1,45.1763
1,45.0442
1,45.0442
1,44.9121
1,44.846
1,44.846
1,44.9121
1,45.1103
1,45.2423
1,45.1763
1,45.1433
1,45.2423
1,45.1763
1,45.1103
1,45.0773
1,45.0773
1,45.0442
1,45.0773
1,45.1103
1,45.1433
1,45.1103
1,45.1763
1,45.0112
1,45.2423
1,45.4402
1,45.4402
1,45.5061
1,45.5061
1,45.4732
1,45.5391
1,45.5061
1,45.572
1,45.5391
1,45.5391
1,45.5391
1,45.5391
1,45.5061
1,45.5061
1,45.5391
1,45.6049
1,45.6708
1,45.7037
1,45.7037
1,45.7366
1,45.7695
1,45.8353
1,45.8353
1,45.8353
1,45.8353
1,45.8353
1,45.8682
1,45.8024
1,45.7695
1,45.8024
1,45.8353
1,45.8353
1,45.7695
1,45.7695
1,45.7695
1,45.7695
1,45.7695
1,45.9011
1,45.9011
1,46.0326
1,46.0326
1,46.0655
1,46.0655
1,46.0655
1,46.0655
1,46.0655
1,46.0983
1,46.0655
1,46.0655
1,46.0655
1,46.0655
1,46.0655
1,46.0655
1,46.0655
1,46.0655
1,46.0655
1,46.0655
1,46.0655
1,46.0655
1,46.0655
1,46.0655
1,46.0655
1,46.0655
1,46.0983
1,46.164
1,46.2297
1,46.2953
1,46.2625
1,46.2953
1,46.2953
1,46.3281
1,46.3281
1,46.2953
1,46.2625
1,46.2297
1,46.2953
1,46.2953
1,46.3609
1,46.3609
1,46.3281
1,46.3609
1,46.2625
1,46.2953
1,46.2953
1,46.3609
1,46.3281
1,46.3937
1,46.4265
1,46.3937
1,46.4265
1,46.4921
1,46.5249
1,46.4593
1,46.5905
1,46.5577
1,46.5249
1,46.4921
1,46.4921
1,46.4921
1,46.4593
1,46.4265
1,46.3609
1,46.3281
1,46.2625
1,46.2625
1,46.2953
1,46.2953
1,46.3281
1,46.3609
1,46.4921
1,46.4921
1,46.5577
1,46.6232
1,46.656
1,46.656
1,46.5905
1,46.5577
1,46.5905
1,46.5577
1,46.5577
1,46.5905
1,46.6232
1,46.6232
1,46.5577
1,46.5577
1,46.5577
1,46.5577
1,46.5577
1,46.5577
1,46.4921
1,46.5249
1,45.6379
1,43.918
1,42.4174
1,42.116
1,41.5453
1,41.1414
1,40.9392
1,40.7031
1,40.5004
1,40.0268
1,39.6539
1,39.5181
1,39.4502
1,39.4162
1,39.4502
1,39.3483
1,39.5521
1,39.4842
1,39.4162
1,39.3483
1,39.3483
1,39.3483
1,39.0763
1,39.0082
1,39.1783
1,39.0763
1,39.0082
1,39.0422
1,38.9401
1,39.0082
1,38.9401
1,38.9401
1,38.9061
1,38.9061
1,39.0082
1,39.0763
1,39.0763
1,39.1443
1,39.0763
1,39.0763
1,39.0763
1,39.0082
1,38.9401
1,38.8039
1,38.8039
1,38.9061
1,39.1103
1,39.1783
1,39.0763
1,38.9742
1,38.9401
1,38.9401
1,38.8039
1,38.7357
1,38.7357
1,38.7357
1,38.7357
1,38.872
1,38.9401
1,39.0763
1,38.9401
1,38.9401
1,38.9061
1,38.8379
1,38.8379
1,38.7698
1,38.7698
1,38.9061
1,38.9401
1,38.9401
1,39.2123
1,39.3483
1,39.5521
1,39.5521
1,39.3483
1,39.3143
1,38.9401
1,38.9401
1,39.1783
1,38.9401
1,38.9061
1,39.0082
1,39.0763
1,38.9401
1,38.9061
1,38.9742
1,38.9401
1,39.0082
1,39.0763
1,39.2803
1,39.2123
1,39.2123
1,39.0763
1,38.9742
1,39.0082
1,39.0422
1,39.0082
1,38.9742
1,38.9742
1,38.9742
1,38.872
1,38.872
1,38.7357
1,38.7698
1,38.9401
1,38.872
1,38.9742
1,39.2123
1,39.3143
1,39.4162
1,39.4162
1,39.3483
1,39.3143
1,39.3143
1,39.3483
1,39.2803
1,39.2803
1,39.2123
1,39.2463
1,39.0082
1,39.0763
1,39.0422
1,39.1443
1,39.2123
1,39.1783
1,39.3143
1,39.3483
1,39.3143
1,39.2123
1,39.2463
1,39.2123
1,39.2803
1,39.4842
1,39.5181
1,39.4502
1,39.3823
1,39.4502
1,39.3483
1,39.2123
1,39.2803
1,39.2123
1,39.2123
1,39.1443
1,39.0763
1,38.9401
1,38.9401
1,39.0082
1,38.9401
1,38.9061
1,38.9742
1,39.1443
1,39.2803
1,39.4162
1,39.4162
1,39.4162
1,39.3823
1,39.3823
1,39.3823
1,39.3823
1,39.3823
1,39.2803
1,39.2803
1,39.0763
1,39.1443
1,39.0082
1,38.9401
1,38.9401
1,39.1443
1,39.1443
1,39.0763
1,39.1103
1,39.1103
1,39.1443
1,39.1783
1,39.0763
1,38.9401
1,39.0763
1,39.0763
1,39.0082
1,38.9742
1,38.9742
1,39.1443
1,39.2123
1,39.1443
1,39.2123
1,39.2803
1,39.2803
1,39.3143
1,39.2803
1,39.3823
1,39.3823
1,39.3483
1,39.2463
1,39.2463
1,38.9742
1,38.9401
1,38.8039
1,38.6675
1,38.7016
1,38.7357
1,38.5652
1,38.5311
1,38.497
1,38.4629
1,38.497
1,38.6675
1,38.8039
1,38.9401
1,38.9401
1,38.9061
1,38.8379
1,38.8379
1,38.7357
1,38.7016
1,38.7357
1,38.6675
1,38.5993
1,38.5311
1,38.497
1,38.5311
1,38.5311
1,38.5311
1,38.4629
1,38.4287
1,38.3946
1,38.3946
1,38.5311
1,38.7357
1,38.7357
1,38.7016
1,38.5993
1,38.6334
1,38.5993
1,38.5652
1,38.5311
1,38.5311
1,38.4629
1,38.3946
1,38.3263
1,38.258
1,38.2239
1,38.1897
1,38.0529
1,38.0187
1,38.0529
1,38.0529
1,38.1897
1,38.1897
1,38.2922
1,38.258
1,38.3946
1,38.4287
1,38.3263
1,38.3263
1,38.2922
1,38.1897
1,38.1213
1,38.1213
1,38.0871
1,38.0871
1,38.0529
1,38.0529
1,37.9845
1,37.9845
1,37.9503
1,37.9845
1,37.9845
1,37.9503
1,37.9161
1,37.9503
1,37.9845
1,37.9503
1,37.9845
1,38.0187
1,38.5311
1,38.5993
1,38.6675
1,38.7357
1,38.7357
1,38.8039
1,38.8379
1,38.8379
1,38.872
1,38.872
1,38.872
1,38.9061
1,38.872
1,38.8039
1,38.7357
1,38.8039
1,38.8039
1,38.8039
1,38.9061
1,39.0082
1,38.6334
1,38.872
1,38.9742
1,38.9061
1,38.5993
1,38.7357
1,38.7357
1,38.6675
1,38.7357
1,38.6675
1,38.6675
1,38.7357
1,38.5993
1,38.7357
1,38.7357
1,38.6675
1,38.8039
1,38.4629
1,38.5311
1,38.4629
1,38.5311
1,38.5993
1,38.7357
1,38.7357
1,38.9401
1,38.7698
1,38.7357
1,38.7016
1,38.6675
1,38.5652
1,38.5993
1,38.4629
1,38.7016
1,38.872
1,38.7357
1,38.8379
1,38.9061
1,38.9401
1,39.0763
1,38.9401
1,38.9742
1,38.8039
1,38.8039
1,38.7016
1,38.5993
1,38.7698
1,38.872
1,39.0082
1,38.8379
1,38.5652
1,38.3946
1,38.7357
1,38.5311
1,38.3946
1,38.4629
1,38.5993
1,38.7016
1,38.7698
1,38.5993
1,38.5311
1,38.497
1,38.5311
1,38.5993
1,38.6334
1,38.4629
1,38.1897
1,38.258
1,38.0187
1,37.8477
1,38.1897
1,38.1897
1,38.3263
1,38.6675
1,38.6675
1,38.8039
1,38.9401
1,39.0422
1,39.0082
1,39.0082
1,38.7357
1,38.8379
1,38.7357
1,38.7016
1,38.872
1,38.6675
1,38.5993
1,38.258
1,38.1897
1,38.1897
1,38.3946
1,38.3263
1,38.258
1,38.5311
1,37.9845
1,37.5051
1,37.4708
1,37.9845
1,37.9161
1,37.745
1,37.745
1,37.6422
1,37.4365
1,37.3336
1,38.1213
1,37.1277
1,36.8871
1,36.6118
1,37.3679
1,37.5051
1,36.8871
1,36.9559
1,37.2993
1,37.2993
1,37.6422
1,36.6118
1,36.6118
1,36.6118
1,36.6807
1,36.6807
1,36.7839
1,36.6118
1,36.2328
1,36.4052
1,36.4052
1,36.3362
1,36.4741
1,36.4741
1,36.4052
1,36.3707
1,36.4741
1,35.9221
1,35.7148
1,35.6456
1,35.5418
1,35.438
1,35.7839
1,35.853
1,37.0246
1,36.8183
1,36.3707
1,36.2328
1,35.7494
1,35.9912
1,35.9567
1,35.7839
1,35.611
1,35.2648
1,35.6456
1,35.5072
1,35.5764
1,35.7148
1,35.4726
1,35.7148
1,35.7148
1,35.5764
1,35.7148
1,35.438
1,35.9221
1,35.9221
1,36.5085
1,35.6456
1,35.7839
1,35.9221
1,35.7148
1,35.6456
1,36.0603
1,36.0603
1,35.7839
1,35.7148
1,35.5764
1,36.0603
1,35.8185
1,36.1983
1,36.4396
1,36.6118
1,36.2673
1,36.4741
1,35.7148
1,35.853
1,35.3687
1,35.1609
1,35.0915
1,35.2302
1,35.0915
1,35.3687
1,35.9221
1,35.6456
1,35.7148
1,35.7148
1,35.7148
1,35.5764
1,35.4034
1,35.5418
1,35.6802
1,35.5072
1,35.3687
1,35.7148
1,35.7148
1,35.7494
1,35.611
1,35.7494
1,36.1983
1,36.0603
1,35.9912
1,35.8876
1,35.853
1,35.6456
1,35.438
1,35.2302
1,35.2302
1,35.5764
1,35.5764
1,35.8876
1,35.9567
1,36.2673
1,37.0933
1,37.0933
1,37.3679
1,37.9845
1,38.3946
1,38.7698
1,38.8379
1,39.0082
1,38.9742
1,38.7357
1,38.872
1,38.872
1,39.0763
1,39.3483
1,39.2803
1,39.8574
1,39.9591
1,39.7557
1,40.2299
1,40.399
1,40.1622
1,40.0945
1,38.8039
1,36.8871
1,36.8183
1,36.5085
1,36.4052
1,36.2673
1,36.1983
1,36.0603
1,35.611
1,35.7494
1,35.7148
1,35.6802
1,35.5418
1,35.5764
1,35.2995
1,35.0915
1,35.1609
1,35.2302
1,35.2995
1,35.3687
1,35.2995
1,35.2302
1,35.3341
1,34.9528
1,35.0222
1,35.0568
1,34.9181
1,34.9875
1,34.8834
1,35.0222
1,35.0915
1,35.0915
1,34.9528
1,35.0222
1,34.8139
1,34.536
1,34.7445
1,34.9528
1,34.8834
1,35.2302
1,35.0915
1,35.2302
1,35.1955
1,35.2302
1,35.2648
1,35.2302
1,35.1262
1,35.3687
1,35.438
1,35.4726
1,35.0915
1,35.5072
1,35.3687
1,35.1262
1,35.2302
1,34.9875
1,34.9875
1,35.1262
1,35.1609
1,35.0915
1,35.2302
1,34.9528
1,34.7792
1,34.6055
1,34.5708
1,34.675
1,34.536
1,34.8834
1,35.0222
1,34.7097
1,35.0915
1,34.8834
1,34.9528
1,35.0915
1,35.0915
1,34.9181
1,35.3687
1,35.5072
1,35.7839
1,35.9221
1,35.6456
1,35.2995
1,35.4034
1,35.5764
1,35.4726
1,35.5072
1,35.2302
1,35.0568
1,34.8834
1,34.9528
1,34.8487
1,34.7445
1,35.0915
1,34.9181
1,34.9181
1,34.9528
1,35.1609
1,35.2995
1,35.2302
1,35.2995
1,35.0222
1,34.9528
1,34.9528
1,34.9528
1,34.9528
1,34.9181
1,34.6055
1,34.536
1,34.536
1,34.536
1,34.8139
1,34.675
1,34.536
1,34.8139
1,34.7445
1,34.6403
1,34.6403
1,34.536
1,34.675
1,34.8139
1,34.7445
1,34.7445
1,34.8139
1,34.536
1,34.3969
1,34.2577
1,34.3621
1,34.0836
1,34.536
1,34.4664
1,34.536
1,34.536
1,34.536
1,34.5708
1,34.6403
1,34.7792
1,35.2302
1,35.1955
1,35.0915
1,34.9528
1,34.8139
1,34.7445
1,34.6403
1,34.3969
1,34.536
1,34.3621
1,34.2577
1,34.188
1,34.0139
1,33.9442
1,34.6055
1,34.7445
1,34.675
1,34.4664
1,34.3969
1,34.536
1,34.5708
1,34.6403
1,34.7097
1,34.8139
1,34.8139
1,35.1262
1,35.3687
1,35.0915
1,35.2995
1,35.1262
1,35.3687
1,35.3687
1,34.9181
1,34.8139
1,34.9528
1,34.8139
1,34.9528
1,34.8834
1,34.9528
1,35.0222
1,34.8834
1,34.7792
1,34.8139
1,34.7792
1,34.6055
1,34.9181
1,34.9528
1,34.9528
1,34.9875
1,34.9528
1,34.8139
1,34.6403
1,34.6055
1,34.4664
1,34.3621
1,34.2577
1,34.2577
1,34.2577
1,34.2577
1,34.2925
1,34.3273
1,34.536
1,34.4664
1,34.536
1,34.4664
1,34.675
1,34.536
1,34.4664
1,34.536
1,34.536
1,34.536
1,34.536
1,34.8139
1,35.0222
1,34.9528
1,34.8487
1,35.0222
1,34.9875
1,34.9528
1,34.8139
1,34.7097
1,34.675
1,34.8139
1,34.675
1,34.536
1,34.7792
1,34.7445
1,34.675
1,34.6055
1,34.675
1,34.675
1,34.675
1,34.8487
1,35.1609
1,35.0915
1,35.3341
1,35.3687
1,35.3341
1,35.1955
1,35.0568
1,34.8834
1,34.7445
1,34.7445
1,35.7148
1,35.5418
1,35.1955
1,34.9528
1,34.7445
1,34.6055
1,34.536
1,34.536
1,34.536
1,34.675
1,34.8139
1,34.675
1,34.536
1,34.6055
1,34.8487
1,34.8834
1,34.8139
1,34.8139
1,34.8487
1,34.7445
1,35.0222
1,34.8139
1,34.8139
1,34.8139
1,34.8834
1,34.7792
1,34.8834
1,34.9528
1,34.9181
1,34.8139
1,34.8139
1,34.7445
1,34.4317
1,34.3969
1,34.3273
1,34.188
1,33.9442
1,33.9093
1,33.979
1,34.1184
1,33.979
1,33.9093
1,33.8396
1,33.7349
1,33.7
1,34.1184
1,34.1532
1,34.188
1,34.1184
1,33.979
1,34.3621
1,34.2229
1,34.1184
1,34.0139
1,33.979
1,33.9093
1,33.9093
1,33.7698
1,33.7698
1,33.7698
1,34.1184
1,34.3273
1,34.2925
1,33.7
1,33.6302
1,33.5604
1,33.4206
1,33.3507
1,33.3158
1,33.2108
1,33.0709
1,32.8608
1,32.9308
1,33.0359
1,32.9659
1,32.9308
1,33.0709
1,33.1409
1,33.2108
1,33.0709
1,33.0359
1,33.0009
1,33.0009
1,32.9308
1,33.0709
1,33.1409
1,33.2108
1,33.1409
1,33.2808
1,33.2808
1,33.5604
1,33.4206
1,33.3857
1,32.9308
1,32.7206
1,32.7206
1,32.6855
1,33.2458
1,33.0359
1,32.6505
1,32.7206
1,32.7907
1,32.9659
1,32.9308
1,33.0709
1,33.1409
1,33.2108
1,33.1409
1,33.2108
1,33.2808
1,33.1409
1,33.0709
1,32.7206
1,32.5102
1,32.7206
1,32.5803
1,32.5803
1,32.5803
1,32.5102
1,32.8608
1,33.0009
1,32.8608
1,32.7907
1,32.7907
1,32.7206
1,32.6855
1,32.5803
1,32.5452
1,32.5803
1,32.6505
1,32.7206
1,32.5803
1,32.5803
1,32.5803
1,32.4751
1,32.44
1,32.4049
1,32.3698
1,32.2293
1,32.2644
1,32.159
1,32.2995
1,32.6505
1,32.7907
1,33.1409
1,33.4556
1,33.2108
1,33.4905
1,33.7
1,33.8047
1,33.2108
1,33.0359
1,32.7206
1,32.5803
1,32.44
1,32.3346
1,32.8608
1,33.2108
1,33.1409
1,32.8257
1,32.9308
1,32.8257
1,32.7907
1,32.6505
1,32.5803
1,32.6505
1,32.7206
1,32.6505
1,32.5803
1,32.5803
1,32.5803
1,32.5803
1,33.1409
1,33.2108
1,35.4726
1,35.3687
1,36.1983
1,36.3362
1,36.6807
1,36.9215
1,37.0933
1,37.7107
1,38.1213
1,38.3263
1,38.0529
1,38.3263
1,38.3946
1,38.2922
1,38.5993
1,38.6675
1,38.5993
1,38.5311
1,38.7357
1,38.8379
1,38.7357
1,38.6675
1,39.0082
1,38.872
1,38.9061
1,39.0763
1,39.2123
1,39.0082
1,38.9742
1,39.0082
1,39.2123
1,38.4629
1,38.7698
1,38.872
1,39.5521
1,39.4162
1,39.1783
1,38.872
1,38.9401
1,38.8379
1,39.2123
1,39.7557
1,38.9742
1,39.2123
1,39.2803
1,39.6878
1,39.9252
1,39.5521
1,39.4842
1,39.7557
1,39.5521
1,39.4502
1,39.4502
1,39.7217
1,39.2123
1,39.2123
1,39.3483
1,39.3483
1,39.5181
1,39.4162
1,39.3143
1,39.3823
1,39.5521
1,39.3143
1,39.4842
1,39.5521
1,39.4162
1,39.62
1,39.2803
1,39.6539
1,39.5521
1,39.4842
1,39.6878
1,39.6878
1,39.7557
1,40.0268
1,39.8235
1,39.8574
1,40.2299
1,40.0945
1,40.1622
1,39.9591
1,40.1961
1,40.0268
1,41.0067
1,40.1622
1,40.0268
1,40.2299
1,40.2299
1,40.2299
1,40.2976
1,40.2299
1,40.2976
1,40.2299
1,40.2976
1,40.0945
1,39.8913
1,39.8913
1,40.0945
1,40.0268
1,39.9591
1,40.1284
1,39.9591
1,40.2976
1,40.0945
1,40.568
1,40.4666
1,40.8718
1,41.1078
1,40.9055
1,40.7706
1,40.9055
1,40.568
1,40.7031
1,40.4328
1,40.3652
1,40.1622
1,40.1622
1,40.1622
1,40.0945
1,40.2299
1,40.0945
1,40.0268
1,39.9591
1,39.9591
1,40.0268
1,39.9929
1,40.1622
1,40.3314
1,40.0268
1,39.9929
1,39.9591
1,39.9252
1,39.9591
1,39.9591
1,39.9591
1,40.0945
1,40.0945
1,40.1622
1,40.1284
1,40.1622
1,39.9591
1,39.9929
1,40.0268
1,39.9591
1,39.9929
1,40.1622
1,40.1622
1,40.0945
1,40.0945
1,40.0268
1,39.9591
1,39.9591
1,39.9591
1,39.9591
1,39.9591
1,39.9591
1,39.9591
1,39.9591
1,39.9591
1,39.9929
1,39.9929
1,39.9591
1,39.9591
1,40.2976
1,40.2976
1,40.0945
1,40.0607
1,40.0268
1,40.1284
1,40.0268
1,40.1622
1,40.0945
1,40.1622
1,40.0945
1,40.0607
1,40.0607
1,40.0945
1,40.1284
1,40.0268
1,40.3314
1,40.3652
1,40.1622
1,40.2299
1,40.1961
1,40.1622
1,40.1622
1,40.1284
1,40.1284
1,40.1284
1,40.1622
1,40.1961
1,40.1961
1,40.1622
1,40.1622
1,40.0945
1,40.0268
1,40.0945
1,40.1284
1,40.0945
1,40.1622
1,40.1622
1,40.0945
1,40.0945
1,40.1622
1,40.2976
1,40.1622
1,40.1284
1,40.0945
1,40.0268
1,40.0945
1,40.0945
1,40.0607
1,40.0268
1,40.0945
1,40.0607
1,40.2299
1,40.1622
1,40.1622
1,39.9929
1,40.0268
1,40.0268
1,40.0268
1,40.0268
1,40.0945
1,40.0945
1,40.1284
1,40.1622
1,40.1622
1,40.1622
1,40.1622
1,40.1622
1,40.1622
1,40.1622
1,40.2299
1,40.1622
1,40.2638
1,40.2638
1,40.2976
1,40.2299
1,40.2299
1,40.2299
1,40.2638
1,40.2299
1,40.2299
1,40.1284
1,40.0945
1,40.1622
1,40.0945
1,40.1622
1,40.1622
1,40.1284
1,40.1622
1,40.1622
1,40.1622
1,40.1622
1,40.1284
1,40.0945
1,40.0945
1,40.0945
1,40.0945
1,40.0945
1,40.1622
1,40.2299
1,40.1622
1,40.1961
1,40.2299
1,40.2299
1,40.2299
1,40.2299
1,40.2976
1,40.3652
1,40.3652
1,40.3314
1,40.2976
1,40.2299
1,40.2299
1,40.1961
1,40.1622
1,40.1622
1,40.1622
1,40.1961
1,40.1961
1,40.1961
1,40.2299
1,40.2976
1,40.3314
1,40.2976
1,40.2638
1,40.2638
1,40.2299
1,40.2976
1,40.3314
1,40.2299
1,40.1961
1,40.2299
1,40.3314
1,40.3314
1,40.3314
1,40.5004
1,40.4328
1,40.5004
1,40.399
1,40.399
1,40.4328
1,40.399
1,40.3652
1,40.3652
1,40.2976
1,40.2976
1,40.2976
1,40.3314
1,40.2976
1,40.2976
1,40.2976
1,40.2976
1,40.3314
1,40.3652
1,40.3652
1,40.3314
1,40.3652
1,40.399
1,40.3652
1,40.2976
1,40.3652
1,40.2976
1,40.3652
1,40.2976
1,40.3314
1,40.3652
1,40.399
1,40.3314
1,40.3652
1,40.4666
1,40.5004
1,40.399
1,40.3652
1,40.399
1,40.3652
1,40.3652
1,40.3314
1,40.2976
1,40.2976
1,40.3652
1,40.3652
1,40.3652
1,40.3314
1,40.3652
1,40.3652
1,40.2299
1,40.2976
1,40.2299
1,40.2299
1,40.2299
1,40.2638
1,40.3314
1,40.2976
1,40.3314
1,40.3652
1,40.4328
1,40.4328
1,40.4328
1,40.5004
1,40.568
1,40.5342
1,40.4666
1,40.4328
1,40.4328
1,40.4328
1,40.399
1,40.4328
1,40.4328
1,40.5004
1,40.2976
1,40.3652
1,40.2976
1,40.2638
1,40.2976
1,40.2299
1,40.2976
1,40.1961
1,40.2299
1,40.1961
1,40.2638
1,40.2299
1,40.1961
1,40.2299
1,40.2299
1,40.2638
1,40.2976
1,40.2976
1,40.2976
1,40.2976
1,40.2976
1,40.3652
1,40.3652
1,40.2976
1,40.3652
1,40.399
1,40.4666
1,40.4328
1,40.2976
1,40.4666
1,40.5342
1,40.4328
1,40.3652
1,40.4328
1,40.5004
1,40.4328
1,40.5004
1,40.5342
1,40.3314
1,40.4328
1,40.3652
1,40.399
1,40.3652
1,40.3652
1,40.3652
1,40.3314
1,40.3652
1,40.3314
1,40.399
1,40.4666
1,40.4328
1,40.5004
1,40.4328
1,40.5004
1,40.5004
1,40.4328
1,40.4666
1,40.4328
1,40.5004
1,40.568
1,40.4666
1,40.4328
1,40.6355
1,40.568
1,40.6018
1,40.568
1,40.568
1,40.5004
1,40.5342
1,40.4328
1,40.4328
1,40.4666
1,40.5004
1,40.4666
1,40.4328
1,40.4328
1,40.4328
1,40.5004
1,40.568
1,40.5004
1,40.568
1,40.6355
1,40.6355
1,40.7031
1,40.6355
1,40.6355
1,40.7031
1,40.7031
1,40.7031
1,40.7031
1,40.6355
1,40.6693
1,40.6693
1,40.568
1,40.5004
1,40.5004
1,40.5004
1,40.5342
1,40.568
1,40.6018
1,40.6355
1,40.6018
1,40.7706
1,40.7706
1,40.8043
1,40.7031
1,40.7031
1,40.7706
1,40.8381
1,40.8718
1,40.7368
1,40.7031
1,40.8718
1,40.6693
1,40.6018
1,40.6018
1,40.6018
1,40.6355
1,40.6355
1,40.6355
1,40.6018
1,40.6018
1,40.568
1,40.7031
1,40.7368
1,40.7031
1,40.6355
1,40.6693
1,40.7031
1,40.7031
1,40.7706
1,40.7368
1,40.8043
1,40.7706
1,40.8718
1,40.9055
1,40.7031
1,40.8381
1,40.9055
1,40.7031
1,40.7706
1,40.7368
1,40.7706
1,40.7706
1,40.7031
1,40.7706
1,40.7706
1,40.7706
1,40.7706
1,40.7031
1,40.7031
1,40.7706
1,40.7368
1,40.7706
1,40.7706
1,40.7706
1,40.7031
1,40.6693
1,40.6018
1,40.6693
1,40.7031
1,40.7706
1,40.8381
1,40.7706
1,40.7706
1,40.7706
1,40.8381
1,40.7706
1,40.9055
1,40.7706
1,40.9055
1,40.8381
1,40.7706
1,40.7368
1,40.7031
1,40.8381
1,40.7031
1,40.7706
1,40.8718
1,40.7031
1,40.7031
1,40.7031
1,40.7706
1,40.7031
1,40.7706
1,40.7706
1,40.7706
1,40.7706
1,40.9055
1,40.8381
1,40.8381
1,40.7706
1,40.7706
1,40.7706
1,40.7706
1,40.7706
1,40.8718
1,40.8381
1,40.7706
1,40.6693
1,40.8718
1,40.8043
1,40.7368
1,40.6355
1,40.7031
1,40.6355
1,40.7031
1,40.7031
1,40.6355
1,40.6693
1,40.6355
1,40.6018
1,40.6355
1,40.6693
1,40.7706
1,40.6355
1,40.5004
1,40.5004
1,40.5004
1,40.6355
1,40.568
1,40.6355
1,40.7368
1,40.7368
1,40.7031
1,40.7368
1,40.5342
1,40.7031
1,40.7368
1,40.7368
1,40.8381
1,40.7706
1,40.7031
1,40.7031
1,40.7706
1,40.7031
1,40.7031
1,40.7031
1,40.7031
1,40.7706
1,40.7031
1,40.7031
1,40.6693
1,40.7031
1,40.7031
1,40.6693
1,40.6693
1,40.7368
1,40.7031
1,40.7031
1,40.7031
1,40.7031
1,40.7368
1,40.7706
1,40.7031
1,40.8043
1,40.9055
1,40.9392
1,40.8381
1,40.8381
1,40.9055
1,40.8718
1,40.8718
1,40.8043
1,40.9055
1,40.8381
1,40.8381
1,40.8381
1,40.8381
1,40.8381
1,40.8043
1,40.7706
1,40.7706
1,40.7706
1,40.7706
1,40.8043
1,40.8043
1,40.7706
1,40.7706
1,40.8043
1,40.8043
1,40.7706
1,40.7706
1,40.7706
1,40.7706
1,40.8381
1,40.8381
1,40.973
1,40.8381
1,40.9055
1,40.973
1,40.9392
1,40.8718
1,40.9055
1,40.8381
1,40.9055
1,40.9055
1,40.9055
1,40.8381
1,40.8381
1,40.8381
1,40.8381
1,40.8718
1,40.8718
1,40.973
1,41.0067
1,41.0404
1,41.0404
1,41.0404
1,41.0067
1,40.9392
1,41.0741
1,41.1414
1,41.0404
1,41.1078
1,41.1078
1,41.0741
1,41.0404
1,40.9392
1,41.0404
1,41.0741
1,41.0404
1,41.0404
1,41.0404
1,41.0404
1,41.1078
1,41.0741
1,41.1078
1,41.1078
1,41.0404
1,41.0404
1,41.0741
1,41.0404
1,41.0404
1,41.1078
1,41.1414
1,41.1751
1,41.1078
1,41.1751
1,41.2425
1,41.2088
1,41.1751
1,41.2425
1,41.1751
1,41.2088
1,41.2088
1,41.2425
1,41.1751
1,41.2425
1,41.1751
1,41.1078
1,41.2088
1,41.1751
1,41.1414
1,41.1414
1,41.1751
1,41.1078
1,41.1078
1,41.1078
1,41.0404
1,41.1751
1,41.1751
1,41.2088
1,41.3098
1,41.3098
1,41.3098
1,41.3098
1,41.3098
1,41.3771
1,41.3098
1,41.3771
1,41.3098
1,41.3771
1,41.3771
1,41.3771
1,41.3098
1,41.3098
1,41.3771
1,41.3435
1,41.3435
1,41.3098
1,41.3098
1,41.3098
1,41.2761
1,41.3435
1,41.3098
1,41.3098
1,41.2425
1,41.2761
1,41.3098
1,41.3771
1,41.3771
1,41.478
1,41.478
1,41.5116
1,41.5116
1,41.5116
1,41.5116
1,41.5116
1,41.5116
1,41.5116
1,41.5116
1,41.4444
1,41.4444
1,41.4444
1,41.478
1,41.4444
1,41.478
1,41.478
1,41.4444
1,41.4444
1,41.4444
1,41.4444
1,41.5116
1,41.478
1,41.4444
1,41.5116
1,41.5116
1,41.5116
1,41.5116
1,41.6461
1,41.7133
1,41.7133
1,41.6797
1,41.6797
1,41.6461
1,41.6797
1,41.5116
1,41.6461
1,41.6461
1,41.6125
1,41.5789
1,41.5789
1,41.5789
1,41.5789
1,41.5789
1,41.5789
1,41.5116
1,41.5116
1,41.5116
1,41.5789
1,41.5453
1,41.5116
1,41.5116
1,41.5789
1,41.5789
1,41.5453
1,41.6461
1,41.5789
1,41.5789
1,41.6461
1,41.5789
1,41.6461
1,41.6461
1,41.6125
1,41.5789
1,41.5789
1,41.6461
1,41.6461
1,41.5453
1,41.5789
1,41.6125
1,41.6125
1,41.6125
1,41.6461
1,41.6125
1,41.6797
1,41.6461
1,41.6461
1,41.6461
1,41.6461
1,41.5789
1,41.5789
1,41.6125
1,41.6461
1,41.7133
1,41.7469
1,41.7133
1,41.8476
1,41.7805
1,41.8476
1,41.7805
1,41.8476
1,41.8476
1,41.8476
1,41.9147
1,41.8476
1,41.9818
1,41.8476
1,41.8812
1,41.8476
1,41.9147
1,41.9147
1,41.9147
1,41.8476
1,41.9147
1,41.8812
1,41.8812
1,41.8476
1,41.8476
1,41.8812
1,41.9147
1,41.9147
1,41.9483
1,42.116
1,42.1495
1,41.9818
1,41.9818
1,42.0489
1,42.0489
1,42.0489
1,42.0489
1,42.0489
1,42.0489
1,42.0154
1,42.116
1,42.116
1,42.116
1,42.116
1,42.0489
1,42.0489
1,42.0489
1,42.0489
1,41.9818
1,41.9818
1,41.9483
1,41.9147
1,41.9147
1,41.9147
1,41.9147
1,41.9147
1,41.9147
1,41.9483
1,41.9818
1,42.0154
1,42.0154
1,42.0489
1,42.116
1,42.0824
1,42.0154
1,42.0824
1,41.9147
1,42.0154
1,42.0489
1,42.0154
1,42.0489
1,42.0489
1,41.9818
1,42.0154
1,42.0824
1,42.0824
1,42.0824
1,42.0489
1,42.0824
1,42.116
1,42.116
1,42.116
1,42.25
1,42.25
1,42.183
1,42.3505
1,42.3505
1,42.384
1,42.384
1,42.384
1,42.317
1,42.317
1,42.25
1,42.25
1,42.183
1,42.2835
1,42.25
1,42.25
1,42.2835
1,42.2165
1,42.25
1,42.2165
1,42.2165
1,42.2835
1,42.317
1,42.25
1,42.317
1,42.384
1,42.384
1,42.3505
1,42.3505
1,42.384
1,42.4509
1,42.384
1,42.384
1,42.4174
1,42.3505
1,42.317
1,42.183
1,42.25
1,42.25
1,42.183
1,42.25
1,42.2165
1,42.1495
1,42.183
1,42.1495
1,42.116
1,42.1495
1,42.183
1,42.183
1,42.183
1,42.1495
1,42.183
1,42.317
1,42.25
1,42.317
1,42.3505
1,42.3505
1,42.4174
1,42.384
1,42.384
1,42.4174
1,42.4509
1,42.4174
1,42.4509
1,42.4509
1,42.384
1,42.384
1,42.384
1,42.4174
1,42.4509
1,42.317
1,42.384
1,42.317
1,42.384
1,42.4174
1,42.384
1,42.317
1,42.317
1,42.4174
1,42.3505
1,42.384
1,42.4509
1,42.4509
1,42.5178
1,42.4509
1,42.5178
1,42.5178
1,42.5847
1,42.5847
1,42.5847
1,42.6516
1,42.5847
1,42.6516
1,42.6182
1,42.6182
1,42.5847
1,42.5178
1,42.5178
1,42.5847
1,42.5847
1,42.5178
1,42.4509
1,42.5178
1,42.5178
1,42.4509
1,42.5178
1,42.5178
1,42.5178
1,42.5178
1,42.5847
1,42.5178
1,42.5178
1,42.5178
1,42.5513
1,42.6516
1,42.7185
1,42.5847
1,42.5847
1,42.6516
1,42.6516
1,42.685
1,42.7519
1,42.7185
1,42.7519
1,42.685
1,42.6516
1,42.6516
1,42.6182
1,42.5847
1,42.5847
1,42.5178
1,42.5178
1,42.5178
1,42.4844
1,42.4844
1,42.4174
1,42.384
1,42.4174
1,42.4509
1,42.4844
1,42.4509
1,42.4844
1,42.5178
1,42.5847
1,42.5847
1,42.6516
1,42.6182
1,42.6182
1,42.6182
1,42.5847
1,42.5847
1,42.5847
1,42.5847
1,42.5847
1,42.5847
1,42.5847
1,42.6182
1,42.5513
1,42.4844
1,42.5178
1,42.5178
1,42.5178
1,42.5178
1,42.5178
1,42.5847
1,42.5178
1,42.5178
1,42.5178
1,42.5847
1,42.5513
1,42.6516
1,42.7185
1,42.7519
1,42.7853
1,42.7853
1,40.5004
1,38.6334
1,37.3679
1,37.0933
1,36.6118
1,36.4741
1,36.3362
1,36.2673
1,35.9567
1,35.7148
1,35.6456
1,35.6456
1,35.5764
1,35.5072
1,35.3687
1,35.438
1,35.2995
1,35.1955
1,35.0915
1,35.0222
1,35.0222
1,34.9528
1,34.9528
1,34.8834
1,34.7792
1,34.7445
1,34.6055
1,34.6055
1,34.536
1,34.536
1,34.536
1,34.536
1,34.536
1,34.536
1,34.536
1,34.536
1,34.536
1,34.536
1,34.3969
1,34.3273
1,34.2229
1,34.188
1,34.188
1,34.1184
1,34.0487
1,33.979
1,33.9093
1,33.9442
1,33.8396
1,33.7698
1,33.8047
1,33.8396
1,33.8396
1,33.8396
1,33.8396
1,33.9093
1,33.9093
1,33.979
1,33.979
1,33.979
1,33.9442
1,33.9093
1,33.9093
1,33.9093
1,33.7698
1,33.6302
1,33.5604
1,33.4905
1,33.4206
1,33.3158
1,33.2808
1,33.2108
1,33.2808
1,33.2108
1,33.2108
1,33.1409
1,33.2108
1,33.2108
1,33.2458
1,33.4206
1,33.3507
1,33.2808
1,33.2808
1,33.1059
1,33.0709
1,33.0009
1,32.8958
1,32.7557
1,32.7206
1,32.7206
1,32.7907
1,32.7206
1,32.6505
1,32.6154
1,32.5803
1,32.5102
1,32.4751
1,32.44
1,32.3698
1,32.2995
1,32.2995
1,32.3698
1,32.44
1,32.44
1,32.5102
1,32.5452
1,32.5102
1,32.5102
1,32.44
1,32.4049
1,32.3346
1,32.2644
1,32.159
1,32.1238
1,32.0887
1,32.0183
1,31.772
1,31.7368
1,31.6312
1,31.6664
1,31.5254
1,31.4902
1,31.4549
1,31.5254
1,31.4549
1,31.4549
1,31.3844
1,31.3491
1,31.3844
1,31.4197
1,31.4549
1,31.5254
1,31.5254
1,31.6664
1,31.5959
1,31.5959
1,31.5254
1,31.4197
1,31.2786
1,31.2433
1,31.208
1,31.1727
1,31.1727
1,31.1021
1,31.0667
1,31.0314
1,31.0314
1,31.0314
1,30.9961
1,30.9961
1,31.0314
1,31.0314
1,31.0314
1,31.1374
1,31.1727
1,31.208
1,31.5254
1,31.8776
1,32.159
1,32.2644
1,32.5102
1,32.44
1,32.6505
1,32.44
1,32.2995
1,31.948
1,31.8776
1,31.772
1,31.6664
1,31.5607
1,31.5254
1,31.4549
1,31.5254
1,31.5254
1,31.7016
1,31.8776
1,31.8776
1,31.9128
1,31.948
1,31.8072
1,31.7368
1,31.4197
1,31.3139
1,31.2433
1,31.2433
1,31.1727
1,31.0314
1,31.0314
1,30.8547
1,30.7133
1,30.6071
1,30.5363
1,30.5363
1,30.5363
1,30.3238
1,30.5009
1,30.3947
1,30.3947
1,30.5363
1,30.5363
1,30.5363
1,30.5363
1,30.5363
1,30.5363
1,30.5009
1,30.3947
1,30.4655
1,30.3947
1,30.3238
1,30.4655
1,30.4655
1,30.3947
1,30.3238
1,30.1111
1,30.1111
1,30.1465
1,30.3238
1,30.2529
1,30.0756
1,29.8626
1,29.7205
1,30.1465
1,30.0401
1,30.2175
1,30.2175
1,29.9691
1,30.0401
1,29.8981
1,29.7561
1,29.6139
1,29.8271
1,29.8981
1,30.3947
1,30.2529
1,30.182
1,30.0401
1,29.7561
1,29.6139
1,29.4005
1,29.4717
1,29.3293
1,29.685
1,29.5428
1,29.4717
1,29.3293
1,29.4005
1,29.5428
1,29.3649
1,29.1869
1,29.1157
1,28.9018
1,29.4005
1,29.6495
1,29.685
1,29.4361
1,29.4717
1,29.4005
1,29.3293
1,29.6139
1,29.7561
1,29.685
1,29.8271
1,30.0401
1,30.3238
1,30.3947
1,30.6779
1,30.9961
1,30.8901
1,30.9608
1,31.0314
1,31.0314
1,31.1021
1,31.0667
1,31.1727
1,31.1727
1,31.3844
1,31.4197
1,31.1021
1,31.4549
1,31.5254
1,31.6312
1,31.772
1,31.8072
1,31.4549
1,31.5254
1,31.5607
1,31.6664
1,31.7368
1,31.8424
1,31.8776
1,32.0887
1,32.0887
1,31.948
1,32.0535
1,32.0183
1,31.8072
1,31.948
1,32.0535
1,32.0183
1,31.948
1,31.948
1,31.9832
1,32.0887
1,32.0887
1,32.0887
1,32.0887
1,32.0887
1,32.0887
1,32.0183
1,32.1941
1,32.2644
1,32.2293
1,32.2293
1,31.948
1,32.0887
1,32.3698
1,32.3698
1,32.2293
1,32.159
1,32.0887
1,31.9832
1,32.0535
1,32.159
1,32.0887
1,32.0183
1,31.948
1,31.772
1,31.7368
1,31.8072
1,31.772
1,31.5254
1,31.5959
1,31.7016
1,31.8776
1,31.8072
1,31.772
1,31.7368
1,31.5959
1,31.6664
1,31.8424
1,31.6664
1,31.8424
1,31.6312
1,31.4902
1,31.3139
1,31.3844
1,31.3139
1,31.3491
1,31.1727
1,31.3844
1,31.5607
1,31.3139
1,31.4549
1,31.3139
1,31.208
1,31.0314
1,31.1021
1,30.9608
1,30.9254
1,30.9608
1,30.8547
1,30.6779
1,30.6071
1,30.7486
1,30.6779
1,30.7486
1,30.5363
1,30.6071
1,30.5363
1,30.5717
1,30.5363
1,30.3238
1,30.4301
1,30.4301
1,30.5363
1,30.5363
1,30.6071
1,30.6071
1,30.4655
1,30.5363
1,30.3947
1,30.3947
1,30.3238
1,30.2529
1,30.2175
1,30.2529
1,30.3238
1,30.182
1,30.1111
1,30.0756
1,30.0046
1,29.9691
1,30.1111
1,30.0756
1,30.0401
1,30.0046
1,29.8271
1,29.8981
1,29.7561
1,29.7561
1,29.7916
1,29.7916
1,29.8271
1,30.0401
1,29.7561
1,29.6139
1,29.6139
1,29.7561
1,29.8271
1,29.8626
1,29.8981
1,29.8626
1,29.8271
1,29.5428
1,29.2581
1,29.4005
1,29.3293
1,29.4361
1,29.2581
1,29.2225
1,29.1513
1,29.0444
1,29.0444
1,29.08
1,29.0444
1,29.08
1,29.1157
1,29.0444
1,29.1157
1,29.1157
1,29.0444
1,28.9731
1,29.0444
1,29.0088
1,29.08
1,29.0444
1,29.08
1,29.0444
1,29.0444
1,28.9375
1,29.0444
1,29.0444
1,28.8305
1,28.8661
1,29.0444
1,29.1513
1,29.1869
1,29.0444
1,29.1157
1,28.9731
1,28.9731
1,29.1157
1,29.0444
1,28.9018
1,28.9018
1,29.0088
1,28.8661
1,28.9731
1,28.9731
1,28.9375
1,28.8305
1,28.6877
1,28.5449
1,28.4735
1,28.5449
1,28.652
1,28.7234
1,28.6877
1,28.6163
1,28.6163
1,28.5806
1,28.6877
1,28.6877
1,28.6877
1,28.5806
1,28.6877
1,28.6877
1,28.7591
1,28.8305
1,28.7591
1,28.8305
1,28.8305
1,28.7948
1,28.8305
1,28.7948
1,28.7591
1,28.6163
1,28.6877
1,28.6163
1,28.6877
1,28.652
1,28.6877
1,28.5449
1,28.652
1,28.4735
1,28.7591
1,28.5449
1,28.402
1,28.402
1,28.402
1,28.402
1,28.5806
1,28.6877
1,28.652
1,28.5449
1,28.402
1,28.3305
1,28.259
1,28.2232
1,28.0443
1,28.1159
1,28.1875
1,28.1875
1,28.2232
1,28.3305
1,28.3663
1,28.402
1,28.2948
1,28.259
1,28.259
1,28.259
1,28.1517
1,28.2232
1,28.2232
1,28.1875
1,28.3305
1,28.3305
1,28.402
1,28.3305
1,28.3305
1,28.2948
1,28.259
1,28.1517
1,28.1159
1,28.1159
1,28.1517
1,27.9011
1,27.8294
1,27.7936
1,27.7578
1,27.7219
1,27.6861
1,27.8294
1,27.7578
1,27.8294
1,27.7578
1,27.9011
1,27.9727
1,28.0443
1,28.1875
1,28.1875
1,28.3305
1,28.3305
1,28.3305
1,28.3305
1,28.3305
1,28.1517
1,28.1159
1,28.0443
1,28.0443
1,27.9011
1,27.8294
1,27.7578
1,27.8294
1,27.6861
1,27.6144
1,27.5426
1,27.6144
1,27.6861
1,27.5785
1,27.5785
1,27.4709
1,27.5068
1,27.3991
1,27.5068
1,27.3991
1,27.4709
1,27.3991
1,27.3991
1,27.2914
1,27.3991
1,27.3273
1,27.3991
1,27.5068
1,27.6861
1,27.6861
1,27.9011
1,28.0443
1,27.9011
1,27.9727
1,27.9727
1,27.9727
1,28.0443
1,28.1875
1,28.0085
1,27.7578
1,27.6861
1,27.6861
1,27.6144
1,27.5426
1,27.5785
1,27.7578
1,27.6861
1,27.6144
1,27.6144
1,27.5426
1,27.6144
1,27.5426
1,27.5426
1,27.5426
1,27.5426
1,27.3991
1,27.3991
1,27.3991
1,27.3273
1,27.4709
1,27.6144
1,27.6861
1,27.6861
1,27.7578
1,27.6861
1,27.7578
1,27.7578
1,27.8294
1,27.9011
1,27.6861
1,27.6861
1,27.7578
1,27.7219
1,27.7578
1,27.6861
1,27.7578
1,27.7578
1,27.7578
1,27.7578
1,27.7936
1,27.8294
1,27.8294
1,27.9011
1,27.8294
1,27.6861
1,27.6861
1,27.9369
1,27.8653
1,27.8294
1,27.7578
1,27.7219
1,27.6144
1,27.6144
1,27.6144
1,27.7578
1,27.9369
1,27.9727
1,28.0443
1,28.3305
1,28.402
1,28.6163
1,28.3663
1,28.3663
1,28.402
1,28.259
1,28.402
1,28.402
1,28.1875
1,28.1517
1,28.2232
1,28.0443
1,27.9727
1,28.0443
1,28.0443
1,28.0443
1,27.9011
1,27.9011
1,27.9369
1,28.0443
1,27.9011
1,27.9727
1,28.0443
1,28.0443
1,27.9727
1,28.0443
1,28.0443
1,28.0443
1,28.259
1,27.9727
1,27.9727
1,27.9369
1,27.9727
1,28.1159
1,28.1875
1,28.0085
1,28.0443
1,27.9727
1,28.0085
1,27.8294
1,28.0443
1,28.1159
1,28.3305
1,28.4377
1,28.4735
1,28.5449
1,28.6877
1,28.6163
1,28.6163
1,28.5449
1,28.6163
1,28.5449
1,28.6877
1,28.8305
1,28.7234
1,28.7234
1,28.7591
1,28.6877
1,28.7948
1,28.7591
1,28.9731
1,28.8661
1,28.7948
1,28.6163
1,28.3663
1,28.4735
1,28.402
1,28.2948
1,28.6163
1,28.6163
1,28.6877
1,28.5806
1,28.6163
1,28.5449
1,28.652
1,28.6877
1,28.7591
1,28.7591
1,28.8305
1,28.9731
1,28.7591
1,28.7948
1,28.7591
1,28.9018
1,28.8305
1,28.8305
1,28.9731
1,28.9018
1,28.9018
1,28.7948
1,28.7948
1,28.8305
1,29.0444
1,29.1157
1,29.1869
1,29.1513
1,29.0444
1,29.0444
1,29.0088
1,29.1869
1,29.2225
1,29.2225
1,29.1157
1,29.2581
1,29.2581
1,29.2581
1,29.3293
1,29.1157
1,29.2581
1,29.2581
1,29.3293
1,29.2581
1,29.3293
1,29.2581
1,29.1869
1,29.1157
1,28.9018
1,28.9018
1,28.9731
1,28.9731
1,28.9731
1,28.8661
1,28.8305
1,28.9731
1,28.7948
1,28.9731
1,28.9018
1,28.9018
1,28.9018
1,28.9731
1,29.0088
1,29.1513
1,29.1869
1,29.2581
1,29.2225
1,29.2225
1,29.4005
1,29.4717
1,29.5428
1,29.5428
1,29.6139
1,29.685
1,29.685
1,29.685
1,29.685
1,29.7561
1,29.7561
1,29.8271
1,29.8271
1,29.8271
1,29.685
1,29.8271
1,29.8981
1,29.8271
1,29.7561
1,29.7561
1,29.8981
1,30.0756
1,30.0401
1,30.0046
1,30.182
1,30.3238
1,30.2529
1,30.3947
1,30.2529
1,30.4301
1,30.3947
1,30.4655
1,30.3947
1,30.3947
1,30.5009
1,30.3947
1,30.5363
1,30.4655
1,30.4301
1,30.3947
1,30.3592
1,30.3238
1,30.3238
1,30.3238
1,30.3947
1,30.3238
1,30.3238
1,30.3592
1,30.3947
1,30.3238
1,30.2529
1,30.2884
1,30.2529
1,30.2529
1,30.182
1,30.1111
1,30.182
1,30.1111
1,30.1111
1,30.182
1,30.182
1,30.2884
1,30.4301
1,30.4655
1,30.4655
1,30.5363
1,30.5363
1,30.6779
1,30.6425
1,30.6071
1,30.6425
1,30.6071
1,30.6425
1,30.6071
1,30.5363
1,30.5717
1,30.5363
1,30.5363
1,30.5363
1,30.6071
1,30.5363
1,30.5363
1,30.7133
1,30.6779
1,30.6779
1,30.6071
1,30.5363
1,30.5363
1,30.4655
1,30.4655
1,30.5363
1,30.5009
1,30.5363
1,30.5363
1,30.6071
1,30.7486
1,30.784
1,30.8547
1,30.8547
1,30.8901
1,30.8901
1,30.8194
1,30.8194
1,30.8194
1,30.8901
1,30.8194
1,30.8194
1,30.8901
1,30.8547
1,30.8194
1,30.7133
1,30.784
1,30.7486
1,30.8194
1,30.8194
1,30.8194
1,30.7486
1,30.784
1,30.784
1,30.8194
1,30.7486
1,30.7486
1,30.6779
1,30.7486
1,30.6071
1,30.5363
1,30.6071
1,30.5363
1,30.6425
1,30.6071
1,30.5717
1,30.5363
1,30.3947
1,30.3947
1,30.3947
1,30.3592
1,30.3592
1,30.3238
1,30.3238
1,30.5363
1,30.6071
1,30.6071
1,30.5363
1,30.4655
1,30.3592
1,30.3238
1,30.3947
1,30.3947
1,30.4655
1,30.5009
1,30.4655
1,30.4301
1,30.3947
1,30.4655
1,30.3947
1,30.3947
1,30.3947
1,30.3947
1,30.3238
1,30.3238
1,30.3238
1,30.4655
1,30.4655
1,30.4301
1,30.5363
1,30.4655
1,30.4655
1,30.5363
1,30.5363
1,30.5363
1,30.3947
1,30.3947
1,30.4301
1,30.4655
1,30.4301
1,30.3947
1,30.3947
1,30.3592
1,30.3238
1,30.2529
1,30.182
1,30.2529
1,30.5363
1,31.1727
1,31.1021
1,30.9961
1,30.9608
1,30.8901
1,30.8547
1,30.8194
1,30.784
1,30.7486
1,30.8194
1,30.6779
1,30.7486
1,30.8194
1,30.9254
1,30.6071
1,30.6779
1,30.6071
1,30.5363
1,30.5363
1,30.5363
1,30.6071
1,30.5717
1,30.5363
1,30.6071
1,30.5363
1,30.4655
1,30.4655
1,30.4655
1,30.4655
1,30.5363
1,30.5363
1,30.7486
1,30.8901
1,30.9608
1,30.7486
1,30.784
1,30.6779
1,30.6071
1,30.5363
1,30.4655
1,30.5009
1,30.3947
1,30.4301
1,30.5363
1,30.4655
1,30.4301
1,30.3947
1,30.4655
1,30.3947
1,30.5363
1,30.5363
1,30.4655
1,30.3592
1,30.3947
1,30.3947
1,30.3238
1,30.3592
1,30.3238
1,30.4301
1,30.4655
1,30.4655
1,30.6071
1,30.5363
1,30.6071
1,30.5363
1,30.5363
1,30.5363
1,30.5363
1,30.5009
1,30.3238
1,30.2529
1,30.3947
1,30.3238
1,30.3238
1,30.2175
1,30.3238
1,30.2884
1,30.3947
1,30.3238
1,30.3238
1,30.4655
1,30.5363
1,30.5717
1,30.6779
1,30.5363
1,30.6071
1,30.4655
1,30.3947
1,30.3947
1,30.3947
1,30.2529
1,30.4655
1,30.4655
1,30.2884
1,30.3947
1,30.3947
1,30.5363
1,30.4655
1,30.5363
1,30.5363
1,30.5363
1,30.5363
1,30.5363
1,30.6071
1,30.5363
1,30.5363
1,30.6071
1,30.7133
1,30.6071
1,30.5363
1,30.6071
1,30.7486
1,30.6779
1,30.6071
1,30.6779
1,30.8194
1,30.8194
1,30.784
1,30.6779
1,30.6071
1,30.7486
1,30.7133
1,30.8194
1,30.784
1,30.5363
1,30.4655
1,30.5363
1,30.6071
1,30.3947
1,30.6071
1,30.5009
1,30.5363
1,30.5363
1,30.5363
1,30.3947
1,30.2884
1,30.3947
1,30.5363
1,30.5717
1,30.5363
1,30.5363
1,30.6779
1,30.6071
1,30.5363
1,30.5363
1,30.4655
1,30.3238
1,30.3238
1,30.5009
1,30.4655
1,30.3947
1,30.5363
1,30.6071
1,30.3947
1,30.5009
1,30.2529
1,30.182
1,30.1111
1,30.2529
1,30.3238
1,30.3238
1,30.1465
1,30.182
1,30.2529
1,30.1111
1,29.9691
1,29.9336
1,29.9691
1,29.8981
1,29.9336
1,30.0046
1,30.2529
1,30.1111
1,30.3238
1,30.4655
1,30.3238
1,30.3238
1,30.3238
1,30.3238
1,30.2175
1,30.4655
1,30.5717
1,30.5363
1,30.5363
1,30.4301
1,30.4655
1,30.3238
1,30.3238
1,30.3592
1,30.3947
1,30.5363
1,30.3947
1,30.3947
1,29.9691
1,30.2529
1,30.3947
1,30.3238
1,30.3947
1,30.4655
1,30.4655
1,30.3947
1,30.3947
1,30.4655
1,30.3238
1,30.4301
1,30.4301
1,30.3238
1,30.4301
1,30.5009
1,30.5009
1,30.4655
1,30.5009
1,30.5363
1,30.5009
1,30.5363
1,30.4655
1,30.3947
1,30.4655
1,30.2884
1,30.5363
1,30.3592
1,30.3947
1,30.3592
1,30.5363
1,30.5009
1,30.5009
1,30.5363
1,30.4655
1,30.5363
1,30.182
1,30.3238
1,30.4655
1,30.3947
1,30.4655
1,30.5717
1,30.6071
1,30.5363
1,30.5009
1,30.5363
1,30.4655
1,30.4655
1,30.4655
1,30.4655
1,30.4655
1,30.3238
1,30.3947
1,30.4301
1,30.2529
1,30.3947
1,30.3592
1,30.3947
1,30.3238
1,30.3592
1,30.3238
1,30.3238
1,30.3947
1,30.2884
1,30.2529
1,30.2529
1,30.3238
1,30.3238
1,30.3947
1,30.3947
1,30.2529
1,30.182
1,30.182
1,30.0401
1,30.3947
1,30.3947
1,30.3947
1,30.3592
1,30.3238
1,30.3947
1,30.3592
1,30.3592
1,30.4655
1,30.3238
1,30.3238
1,30.3238
1,30.3238
1,30.3238
1,30.2529
1,30.3238
1,30.2529
1,30.3947
1,30.3947
1,30.2529
1,30.2529
1,30.3238
1,30.2529
1,30.2884
1,30.3238
1,30.2529
1,30.2884
1,30.2884
1,30.3238
1,30.3238
1,30.2529
1,30.2529
1,30.2529
1,30.3238
1,30.2884
1,30.3238
1,30.2529
1,30.3238
1,30.3238
1,30.2529
1,30.3238
1,30.2884
1,30.2884
1,30.3238
1,30.3592
1,30.3592
1,30.3592
1,30.3238
1,30.3238
1,30.3238
1,30.2884
1,30.2529
1,30.3592
1,30.3592
1,30.2529
1,30.3947
1,30.2529
1,30.2529
1,30.2175
1,30.2529
1,30.2529
1,30.2884
1,30.3238
1,30.3238
1,30.3238
1,30.2884
1,30.3238
1,30.182
1,30.2529
1,30.182
1,30.182
1,30.2884
1,30.3592
1,30.3238
1,30.3238
1,30.182
1,30.2529
1,30.2529
1,30.2529
1,30.182
1,30.182
1,30.2529
1,30.3238
1,30.2529
1,30.3238
1,30.1465
1,30.2175
1,30.182
1,30.1111
1,30.2529
1,30.182
1,30.1465
1,30.1465
1,30.1111
1,30.1111
1,30.0756
1,30.2175
1,30.1111
1,30.0756
1,30.1111
1,30.182
1,30.182
1,30.182
1,30.2175
1,30.3238
1,30.2529
1,30.2529
1,30.2175
1,30.2529
1,30.2529
1,30.2529
1,30.2884
1,30.2884
1,30.1465
1,30.182
1,30.2529
1,30.182
1,30.182
1,30.1111
1,30.182
1,30.0756
1,30.1465
1,30.2529
1,30.182
1,30.2175
1,30.1111
1,30.182
1,30.2175
1,30.182
1,30.1111
1,30.2529
1,30.182
1,30.182
1,30.182
1,30.182
1,30.2529
1,30.1465
1,30.182
1,30.182
1,30.1465
1,30.182
1,30.182
1,30.3238
1,30.2529
1,30.2884
1,30.2175
1,30.3238
1,30.0756
1,30.182
1,30.1465
1,30.182
1,30.182
1,30.2529
1,30.0756
1,30.182
1,30.1111
1,30.182
1,30.1111
1,30.1111
1,30.0401
1,30.1111
1,30.182
1,30.0756
1,30.0401
1,30.1111
1,30.1111
1,30.1111
1,29.9336
1,29.9691
1,29.9691
1,29.9691
1,29.9691
1,30.0401
1,30.1111
1,29.9691
1,29.9691
1,30.0401
1,30.0401
1,29.9691
1,29.9691
1,29.9691
1,30.1111
1,30.0401
1,30.0401
1,30.0401
1,29.9691
1,29.9691
1,29.9691
1,30.0401
1,30.0401
1,29.9691
1,30.0401
1,30.0046
1,29.9691
1,29.9691
1,29.9691
1,29.9691
1,29.9691
1,30.0401
1,30.0046
1,30.0401
1,30.0401
1,30.0401
1,30.0046
1,30.0401
1,30.0401
1,29.9691
1,29.9691
1,30.0046
1,30.0756
1,30.0401
1,30.0401
1,30.0401
1,29.9691
1,30.0046
1,29.9691
1,30.0401
1,29.9691
1,30.0401
1,30.0046
1,30.0046
1,30.0401
1,29.9691
1,29.9336
1,29.8981
1,29.9691
1,29.9691
1,29.9691
1,29.9336
1,29.9691
1,30.0401
1,30.0401
1,30.0046
1,30.0046
1,30.1111
1,30.0401
1,30.0401
1,30.0401
1,30.1111
1,30.0401
1,30.0401
1,30.0401
1,29.9691
1,30.0046
1,29.9691
1,29.9691
1,29.9691
1,29.9691
1,29.9691
1,29.9691
1,30.0046
1,29.9691
1,29.8981
1,29.9691
1,29.9691
1,30.0401
1,29.9691
1,29.9691
1,30.0401
1,30.0401
1,29.9691
1,30.0756
1,29.9691
1,30.0401
1,29.8981
1,29.9691
1,29.9691
1,30.0046
1,29.9691
1,29.9691
1,30.0401
1,30.0046
1,30.0046
1,29.9691
1,29.9691
1,29.9691
1,29.9691
1,30.0046
1,30.0756
1,30.0046
1,30.0401
1,30.0046
1,29.9691
1,29.8626
1,29.8626
1,29.9336
1,29.8626
1,29.8981
1,29.8271
1,29.8271
1,29.7561
1,29.7916
1,29.8981
1,29.8271
1,29.7205
1,29.9691
1,29.7561
1,29.8271
1,29.8271
1,29.7561
1,29.8271
1,29.8271
1,29.7561
1,29.8981
1,29.8271
1,29.8981
1,29.685
1,29.8981
1,29.8981
1,29.8981
1,29.9336
1,29.8981
1,29.9336
1,29.9691
1,29.8981
1,29.9336
1,29.8981
1,29.9336
1,29.8626
1,29.8981
1,29.8626
1,29.8981
1,29.8981
1,29.9691
1,29.8981
1,29.8626
1,29.8626
1,29.8626
1,29.8981
1,29.8981
1,29.8626
1,29.8981
1,29.8981
1,29.8981
1,29.8626
1,29.9336
1,29.8626
1,29.8271
1,29.8271
1,29.8271
1,29.8271
1,29.8271
1,29.8626
1,29.8271
1,29.8271
1,29.8271
1,29.8271
1,29.8271
1,29.8626
1,29.8271
1,29.8271
1,29.8626
1,29.8271
1,29.8271
1,29.8271
1,29.7561
1,29.8271
1,29.8271
1,29.8271
1,29.7916
1,29.8271
1,29.7561
1,29.8271
1,29.8271
1,29.7916
1,29.7916
1,29.8271
1,29.8271
1,29.8271
1,29.8271
1,29.8271
1,29.7916
1,29.8271
1,29.7561
1,29.7561
1,29.7205
1,29.7561
1,29.7205
1,29.7916
1,29.7916
1,29.7561
1,29.8271
1,29.7916
1,29.8271
1,29.7916
1,29.8626
1,29.7916
1,29.8271
1,29.7561
1,29.7561
1,29.7561
1,29.7916
1,29.7205
1,29.7561
1,29.7561
1,29.7561
1,29.7205
1,29.7561
1,29.7205
1,29.7561
1,29.7561
1,29.685
1,29.7561
1,29.7561
1,29.7561
1,29.685
1,29.685
1,29.685
1,29.7205
1,29.7561
1,29.685
1,29.6495
1,29.7205
1,29.685
1,29.7205
1,29.7561
1,29.7205
1,29.685
1,29.685
1,29.685
1,29.7205
1,29.6495
1,29.685
1,29.6139
1,29.6495
1,29.5784
1,29.685
1,29.6139
1,29.685
1,29.6495
1,29.685
1,29.6139
1,29.6139
1,29.6139
1,29.6139
1,29.6495
1,29.685
1,29.685
1,29.685
1,29.6495
1,29.6495
1,29.6495
1,29.6495
1,29.6139
1,29.6139
1,29.685
1,29.6139
1,29.685
1,29.6139
1,29.6139
1,29.6139
1,29.5784
1,29.6139
1,29.6139
1,29.5784
1,29.6139
1,29.6495
1,29.685
1,29.6495
1,29.6139
1,29.6139
1,29.6139
1,29.6139
1,29.5428
1,29.6139
1,29.6139
1,29.6139
1,29.6495
1,29.5428
1,29.5784
1,29.6139
1,29.6139
1,29.5428
1,29.5784
1,29.6139
1,29.5428
1,29.5428
1,29.6495
1,29.6139
1,29.6139
1,29.5428
1,29.6139
1,29.5428
1,29.5428
1,29.6139
1,29.5428
1,29.5428
1,29.6139
1,29.685
1,29.6139
1,29.6139
1,29.6139
1,29.5428
1,29.6139
1,29.6139
1,29.5784
1,29.6139
1,29.6495
1,29.6495
1,29.7205
1,29.5784
1,29.685
1,29.685
1,29.685
1,29.6495
1,29.685
1,29.685
1,29.685
1,29.685
1,29.7205
1,29.6139
1,29.685
1,29.6139
1,29.6139
1,29.685
1,29.6495
1,29.6139
1,29.6139
1,29.685
1,29.6139
1,29.6495
1,29.6139
1,29.685
1,29.7561
1,29.685
1,29.685
1,29.685
1,29.685
1,29.6495
1,29.7561
1,29.7561
1,29.685
1,29.7205
1,29.685
1,29.685
1,29.685
1,29.685
1,29.6139
1,29.685
1,29.6139
1,29.6495
1,29.6139
1,29.6495
1,29.6139
1,29.6139
1,29.685
1,29.685
1,29.6139
1,29.685
1,29.7205
1,29.7561
1,29.7205
1,29.7561
1,29.7561
1,29.685
1,29.685
1,29.7205
1,29.7561
1,29.7561
1,29.8271
1,29.7561
1,29.7916
1,29.685
1,29.7561
1,29.7561
1,29.7561
1,29.685
1,29.7205
1,29.7916
1,29.8271
1,29.685
1,29.7561
1,29.7561
1,29.7561
1,29.7561
1,29.7205
1,29.7561
1,29.7561
1,29.7916
1,29.685
1,29.7561
1,29.7561
1,29.8271
1,29.8271
1,29.8271
1,29.8271
1,29.8626
1,29.9691
1,29.8271
1,29.7561
1,29.8271
1,29.8271
1,29.7561
1,29.7916
1,29.8271
1,29.8981
1,29.8981
1,29.8981
1,29.8981
1,29.8981
1,29.8981
1,29.8271
1,29.7916
1,29.8981
1,29.9336
1,29.9691
1,29.9691
1,29.9691
1,30.0401
1,30.0046
1,30.0401
1,30.0401
1,30.0401
1,30.0401
1,30.0401
1,30.0401
1,30.0401
1,30.0401
1,29.8981
1,30.0756
1,30.2529
1,30.2175
1,30.1465
1,30.2175
1,30.2529
1,30.2529
1,30.2175
1,30.0046
1,30.2175
1,30.2529
1,30.3238
1,30.2529
1,30.2884
1,30.3592
1,30.3238
1,30.2529
1,30.3947
1,30.3238
1,30.2529
1,30.2529
1,30.2884
1,30.4655
1,30.3592
1,30.3592
1,30.3238
1,30.2884
1,30.3592
1,30.3947
1,30.3238
1,30.3238
1,30.3238
1,30.3238
1,30.4655
1,30.2529
1,30.4655
1,30.5009
1,30.3947
1,30.4655
1,30.5363
1,30.5009
1,30.5363
1,30.3947
1,30.5363
1,30.5009
1,30.4655
1,30.3947
1,30.5363
1,30.5717
1,30.4655
1,30.5363
1,30.5717
1,30.5363
1,30.6071
1,30.6779
1,30.5363
1,30.5363
1,30.5363
1,30.4655
1,30.6779
1,30.6071
1,30.7486
1,30.6071
1,30.6071
1,30.7133
1,30.5363
1,30.5363
1,30.6779
1,30.5717
1,30.6779
1,30.784
1,30.8194
1,30.6779
1,30.784
1,30.8194
1,30.7486
1,30.6779
1,30.6779
1,30.6779
1,30.8547
1,30.784
1,30.8901
1,30.9961
1,30.7486
1,30.8901
1,30.8901
1,30.9254
1,30.9608
1,30.8901
1,30.8194
1,30.9254
1,30.8901
1,31.0314
1,30.9608
1,30.9961
1,31.0314
1,30.9254
1,31.0314
1,30.8901
1,30.8901
1,31.0314
1,30.9961
1,31.1021
1,31.1021
1,31.0667
1,31.1021
1,30.9608
1,31.1374
1,31.1374
1,31.0314
1,31.1727
1,31.1727
1,31.1021
1,31.1727
1,31.1021
1,31.1021
1,31.208
1,31.208
1,31.1727
1,31.2433
1,31.1727
1,31.3139
1,31.2433
1,31.2433
1,31.1374
1,31.1727
1,31.2433
1,31.3139
1,31.1727
1,31.2786
1,31.3491
1,31.3139
1,31.3844
1,31.3844
1,31.3844
1,31.3139
1,31.1727
1,31.3844
1,31.208
1,29.9691
1,28.6163
1,27.1117
1,26.86
1,26.608
1,26.3918
1,26.3197
1,26.1754
1,25.8865
1,25.8142
1,25.7419
1,25.7419
1,25.7057
1,25.6696
1,25.4525
1,25.3801
1,25.3801
1,25.4525
1,25.3801
1,25.3801
1,25.3439
1,25.3439
1,25.3077
1,25.0902
1,25.0902
1,25.0177
1,25.0177
1,25.0177
1,25.0177
1,25.0177
1,25.054
1,25.0177
1,24.9452
1,24.9452
1,24.9089
1,24.9452
1,25.0177
1,25.0177
1,25.0177
1,25.0177
1,24.9089
1,24.8726
1,24.8363
1,24.8
1,24.8
1,24.8
1,24.7274
1,24.7274
1,24.6548
1,24.6548
1,24.5821
1,24.5458
1,24.5094
1,24.4731
1,24.4367
1,24.2913
1,24.364
1,24.364
1,24.2913
1,24.364
1,24.2913
1,24.2913
1,24.2913
1,24.2913
1,24.2913
1,24.2913
1,24.2913
1,24.4004
1,24.4367
1,24.4731
1,24.6548
1,24.8
1,24.9452
1,24.8
1,24.7274
1,24.8726
1,24.7274
1,24.7274
1,24.5094
1,24.5094
1,24.364
1,24.3276
1,24.1457
1,24.0
1,24.0
1,24.0
1,23.8543
1,23.7449
1,23.7814
1,23.672
1,23.5626
1,23.6355
1,23.5626
1,23.6355
1,23.6355
1,23.4896
1,23.6355
1,23.7085
1,23.7085
1,23.6355
1,23.6355
1,23.7085
1,23.7085
1,23.7085
1,23.6355
1,23.5626
1,23.4531
1,23.4896
1,23.4531
1,23.4166
1,23.3435
1,23.2705
1,23.307
1,23.307
1,23.2705
1,23.2705
1,23.2705
1,23.2705
1,23.1974
1,23.1974
1,23.1974
1,23.0511
1,23.0511
1,23.0511
1,22.8682
1,22.9048
1,22.9414
1,22.8316
1,22.9048
1,22.8682
1,22.9048
1,22.8316
1,22.9048
1,22.8316
1,22.8316
1,22.7584
1,22.6852
1,22.6852
1,22.6486
1,22.6119
1,22.6852
1,22.6852
1,22.6852
1,22.6852
1,22.6486
1,22.6852
1,22.6119
1,22.6119
1,22.5386
1,22.6119
1,22.6119
1,22.6486
1,22.6486
1,22.6119
1,22.6119
1,22.6486
1,22.6119
1,22.6486
1,22.6119
1,22.5386
1,22.5753
1,22.6119
1,22.6119
1,22.5386
1,22.5386
1,22.4653
1,22.5386
1,22.5386
1,22.6852
1,22.6119
1,22.5386
1,22.6852
1,22.6852
1,22.6852
1,22.7218
1,22.6852
1,22.6486
1,22.6852
1,22.795
1,22.8316
1,22.8682
1,23.0146
1,23.2705
1,23.3435
1,23.5626
1,23.6355
1,23.7814
1,23.8543
1,23.8908
1,24.0729
1,24.2185
1,24.364
1,24.4004
1,24.5821
1,24.6184
1,24.8
1,24.8
1,24.9452
1,24.9452
1,25.0177
1,25.1627
1,25.3077
1,25.3077
1,25.3077
1,25.4163
1,25.3801
1,25.3077
1,25.2352
1,25.2352
1,25.1627
1,25.1627
1,25.3077
1,25.0902
1,25.0902
1,25.0902
1,25.1265
1,25.1627
1,25.054
1,25.0902
1,25.0902
1,25.0177
1,25.1265
1,25.2352
1,25.2352
1,25.199
1,25.0177
1,24.8726
1,24.9089
1,24.9452
1,24.9089
1,24.9452
1,24.8726
1,24.9089
1,24.9814
1,24.9452
1,24.8
1,24.8
1,24.8
1,24.7274
1,24.7274
1,24.8363
1,24.8726
1,24.6548
1,24.8726
1,24.8726
1,24.9452
1,24.8726
1,24.7637
1,24.9452
1,24.7274
1,24.6911
1,24.6548
1,24.7637
1,25.0177
1,24.9814
1,25.0177
1,25.2352
1,25.0177
1,25.0177
1,24.9814
1,24.9452
1,24.9452
1,24.9452
1,24.8
1,24.9452
1,25.0177
1,25.0177
1,25.1627
1,25.1627
1,25.0902
1,25.1627
1,25.1265
1,25.1627
1,25.0177
1,24.9452
1,24.9089
1,24.9452
1,24.8
1,24.8726
1,24.6548
1,24.6184
1,24.5821
1,24.5821
1,24.7274
1,25.1627
1,24.8726
1,24.8726
1,24.8
1,24.7274
1,24.8363
1,24.7637
1,24.6548
1,24.8
1,24.7274
1,24.8
1,24.6548
1,24.6548
1,24.5458
1,24.5458
1,24.4367
1,24.5821
1,24.5821
1,24.5821
1,24.5821
1,24.5821
1,24.6548
1,24.7274
1,24.6548
1,24.6548
1,24.5821
1,24.8
1,24.8
1,24.7274
1,24.8
1,24.8
1,24.8
1,24.7637
1,24.6548
1,24.9452
1,25.0177
1,25.0177
1,25.0902
1,25.2352
1,25.3801
1,25.6696
1,25.7419
1,25.6696
1,25.7057
1,25.7419
1,25.6696
1,25.4525
1,25.7419
1,25.7419
1,25.8503
1,26.1754
1,26.1032
1,26.1032
1,26.031
1,26.031
1,26.031
1,26.1032
1,26.1032
1,26.031
1,26.1032
1,26.1032
1,26.031
1,26.1393
1,26.1754
1,26.1754
1,26.2475
1,26.3197
1,26.3918
1,26.608
1,26.608
1,26.68
1,26.68
1,26.788
1,26.824
1,26.9679
1,26.896
1,26.9679
1,26.896
1,27.0039
1,27.0039
1,26.9679
1,27.0039
1,27.0398
1,27.0758
1,27.2914
1,27.4709
1,27.4709
1,27.5068
1,27.3991
1,27.2914
1,27.2914
1,27.2914
1,27.2914
1,27.2914
1,27.2914
1,27.2914
1,27.2914
1,27.1117
1,27.1117
1,27.1836
1,27.2914
1,27.3991
1,27.5426
1,27.5785
1,27.6144
1,27.6861
1,27.5426
1,27.6144
1,27.6861
1,27.9011
1,27.7219
1,27.7578
1,27.6861
1,27.7219
1,27.7578
1,27.6861
1,27.7578
1,27.6861
1,27.7578
1,27.8294
1,27.8294
1,27.9011
1,27.9011
1,27.9727
1,27.9369
1,27.9011
1,28.0085
1,28.1159
1,27.9727
1,28.0443
1,28.0801
1,28.1517
1,28.1159
1,28.1159
1,28.1159
1,28.1875
1,28.1875
1,28.1159
1,28.1159
1,28.0443
1,28.0085
1,28.0443
1,28.1159
1,28.1517
1,28.1875
1,28.259
1,28.3305
1,28.402
1,28.4735
1,28.7948
1,28.9018
1,28.9731
1,28.8305
1,28.8305
1,28.9731
1,29.08
1,29.1869
1,29.0444
1,29.2581
1,29.2581
1,29.3293
1,29.4005
1,29.4005
1,29.1157
1,28.9375
1,28.9375
1,28.8305
1,28.7948
1,28.8305
1,28.7234
1,28.6163
1,28.7591
1,28.8305
1,28.9018
1,28.7948
1,28.6163
1,28.5092
1,28.4735
1,28.402
1,28.2948
1,28.259
1,28.3305
1,28.2232
1,28.1875
1,28.1875
1,28.1159
1,28.1159
1,28.259
1,28.259
1,28.402
1,28.3305
1,28.3305
1,28.259
1,28.259
1,28.1875
1,28.1517
1,28.1875
1,28.3305
1,28.1159
1,28.1159
1,28.1875
1,28.1875
1,28.1159
1,27.9727
1,27.9011
1,27.8294
1,27.9011
1,27.8653
1,27.8294
1,27.8653
1,27.6861
1,27.5785
1,27.3273
1,27.435
1,27.3273
1,27.2914
1,27.3632
1,27.4709
1,27.435
1,27.5785
1,27.7578
1,27.8294
1,27.5426
1,27.5785
1,27.6144
1,27.5426
1,27.7578
1,27.8294
1,27.9727
1,28.1517
1,28.1517
1,28.259
1,28.402
1,28.6163
1,28.6877
1,28.6163
1,28.6877
1,28.7948
1,28.9375
1,28.9731
1,29.1157
1,29.2581
1,29.3293
1,29.1869
1,29.1869
1,29.3293
1,29.3649
1,29.0444
1,29.0444
1,29.5428
1,29.4717
1,29.4005
1,29.4005
1,29.6139
1,29.6139
1,29.5072
1,29.685
1,29.6139
1,29.5428
1,29.5784
1,29.5072
1,29.6495
1,29.685
1,29.6495
1,29.8271
1,29.8271
1,29.685
1,29.5428
1,29.7561
1,29.6139
1,29.5428
1,29.6139
1,29.4717
1,29.4005
1,29.4717
1,29.5428
1,29.4005
1,29.3293
1,29.2938
1,29.2938
1,29.4005
1,29.3293
1,29.4005
1,29.5428
1,29.5428
1,29.5428
1,29.4005
1,29.4361
1,29.4717
1,29.6139
1,29.4717
1,29.4005
1,29.1157
1,29.1157
1,29.08
1,29.0444
1,29.0444
1,29.08
1,29.1513
1,29.1157
1,29.1157
1,29.1513
1,29.0444
1,29.1157
1,29.1869
1,29.2581
1,29.2581
1,29.2581
1,29.2938
1,29.3293
1,29.2581
1,29.2581
1,28.9731
1,29.2225
1,29.2581
1,29.1869
1,29.1869
1,28.9731
1,28.9731
1,28.9731
1,29.1869
1,29.4361
1,29.1869
1,29.2581
1,29.3293
1,29.5072
1,29.4361
1,29.2225
1,29.685
1,29.685
1,29.6139
1,29.4717
1,29.5428
1,29.4717
1,29.5784
1,29.685
1,29.7561
1,29.8271
1,29.7561
1,29.7561
1,29.8981
1,29.8626
1,29.9336
1,29.9691
1,29.8981
1,29.9691
1,30.0401
1,30.0401
1,30.0756
1,30.0046
1,30.0401
1,30.1111
1,30.182
1,30.182
1,30.1111
1,30.1111
1,30.0401
1,29.9691
1,29.8981
1,29.8981
1,29.8981
1,29.9691
1,29.9691
1,30.4655
1,30.5363
1,30.5009
1,30.5009
1,30.4301
1,30.4655
1,30.6779
1,30.5363
1,30.3947
1,30.3947
1,30.3238
1,30.2529
1,30.3238
1,30.3947
1,30.3947
1,30.3592
1,30.2175
1,30.182
1,30.0401
1,29.9691
1,30.0756
1,30.0401
1,30.0401
1,30.182
1,30.0046
1,29.8981
1,29.8981
1,29.8271
1,29.8981
1,30.0046
1,29.9691
1,29.9691
1,29.9691
1,29.8981
1,29.8626
1,29.8271
1,29.7561
1,29.7916
1,29.8981
1,29.9691
1,29.9691
1,29.8981
1,29.8981
1,29.9691
1,30.0401
1,29.9691
1,30.0401
1,30.1111
1,30.0401
1,29.9691
1,29.9336
1,29.9691
1,29.9336
1,30.0401
1,29.9691
1,30.0401
1,30.1111
1,30.2175
1,30.182
1,30.3947
1,30.3238
1,30.4655
1,30.3947
1,30.5717
1,30.6071
1,30.6779
1,30.7133
1,31.0314
1,31.1727
1,30.9254
1,30.8901
1,30.9254
1,30.8901
1,30.8901
1,30.8901
1,30.8901
1,31.0667
1,31.0314
1,31.0314
1,31.0314
1,30.8901
1,30.9254
1,30.8547
1,30.8901
1,31.0314
1,31.0314
1,30.9608
1,30.9961
1,31.0314
1,30.9961
1,30.9608
1,31.0314
1,31.0667
1,31.0314
1,31.0314
1,31.1021
1,31.0314
1,31.1727
1,31.1021
1,31.1021
1,31.5254
1,31.5254
1,31.4197
1,31.3139
1,31.0314
1,31.0314
1,31.0667
1,31.0314
1,31.1021
1,31.1374
1,31.1727
1,31.1727
1,30.9608
1,30.9608
1,30.9961
1,31.0314
1,31.1021
1,31.0314
1,30.8194
1,30.8901
1,30.9608
1,30.9608
1,30.8194
1,30.8194
1,30.784
1,30.7486
1,30.7486
1,30.6779
1,30.6779
1,30.6425
1,30.7133
1,30.7133
1,30.7133
1,30.9608
1,30.784
1,30.7486
1,30.7486
1,30.8194
1,30.8901
1,30.8901
1,30.8194
1,30.8547
1,30.7486
1,30.8901
1,30.8194
1,30.7486
1,30.6071
1,30.6071
1,30.6779
1,30.7486
1,30.7486
1,30.7486
1,30.7133
1,30.8194
1,30.784
1,30.8194
1,30.8901
1,30.9254
1,30.7486
1,30.784
1,30.7486
1,30.784
1,31.0314
1,31.1021
1,31.0314
1,30.8901
1,30.9961
1,30.9961
1,30.9961
1,30.9608
1,30.9608
1,30.9608
1,31.0314
1,30.9608
1,30.9254
1,30.8901
1,30.8901
1,30.9608
1,30.9608
1,31.0314
1,30.9961
1,30.9608
1,31.0314
1,31.0314
1,31.2786
1,31.4549
1,31.5254
1,31.6664
1,31.8776
1,32.3698
1,32.4751
1,32.6855
1,32.6855
1,32.6505
1,32.6154
1,32.6154
1,32.5803
1,32.5803
1,32.6505
1,32.7206
1,32.7206
1,32.7206
1,32.5803
1,32.7206
1,32.8257
1,32.7907
1,32.8608
1,32.8958
1,32.8608
1,32.8608
1,32.8608
1,32.8257
1,32.8608
1,32.7907
1,32.9308
1,33.1059
1,33.2108
1,33.2808
1,33.2458
1,33.2458
1,33.2808
1,33.2108
1,33.2458
1,33.1409
1,33.1409
1,33.1759
1,33.1409
1,33.1409
1,33.2108
1,33.2808
1,33.2808
1,33.2458
1,33.2808
1,33.2808
1,33.3507
1,33.4206
1,33.3507
1,33.3507
1,33.3857
1,33.3507
1,33.6302
1,33.5604
1,33.5953
1,33.7
1,33.7
1,33.6302
1,33.6651
1,33.6302
1,33.7698
1,33.7698
1,33.7
1,33.7698
1,33.8047
1,33.8396
1,33.7698
1,33.7698
1,33.7698
1,33.7
1,33.7
1,33.7349
1,33.7
1,33.7
1,33.6302
1,33.7698
1,33.8396
1,33.9093
1,33.8047
1,33.8744
1,33.8047
1,33.8396
1,33.8744
1,33.8396
1,34.0139
1,33.979
1,33.9093
1,35.1609
1,35.0222
1,34.3621
1,34.536
1,34.5708
1,34.675
1,34.6055
1,34.6403
1,34.6055
1,34.675
1,34.6403
1,34.7445
1,34.675
1,34.7445
1,34.536
1,34.8834
1,35.2995
1,35.2302
1,35.0222
1,34.9875
1,34.8139
1,34.8834
1,35.3687
1,35.3687
1,35.2995
1,35.3687
1,35.0915
1,34.9528
1,35.7148
1,35.1609
1,35.853
1,35.0222
1,35.2648
1,36.0603
1,35.9912
1,35.2995
1,35.2648
1,35.0915
1,35.2995
1,35.2302
1,35.2302
1,34.9875
1,34.8834
1,34.8487
1,34.8139
1,34.8834
1,34.7792
1,34.8487
1,34.9528
1,35.1955
1,34.9875
1,35.0915
1,35.0915
1,34.9875
1,34.8834
1,34.8139
1,34.8834
1,34.8834
1,34.9528
1,34.9875
1,34.9528
1,34.9181
1,35.1609
1,35.0915
1,35.0915
1,35.0222
1,35.0222
1,35.0222
1,34.9528
1,35.0222
1,34.9528
1,34.8834
1,35.0222
1,34.9875
1,34.9181
1,34.9528
1,34.8834
1,34.9181
1,34.9528
1,34.9528
1,34.9875
1,34.9528
1,35.0568
1,34.9528
1,34.9528
1,34.9875
1,35.0222
1,35.0222
1,35.0222
1,35.0222
1,35.0568
1,35.0568
1,35.0568
1,35.0915
1,35.0222
1,35.0222
1,34.9528
1,35.0222
1,35.0222
1,34.9528
1,35.0222
1,35.0915
1,35.1262
1,35.0915
1,35.0568
1,35.0915
1,35.0915
1,35.0915
1,35.0222
1,35.0222
1,35.0222
1,35.0222
1,35.0222
1,35.0915
1,35.0915
1,34.9528
1,35.0222
1,35.0915
1,35.0915
1,35.0222
1,34.9528
1,35.0222
1,34.9528
1,35.0222
1,35.0222
1,34.9528
1,34.9875
1,34.9875
1,35.0222
1,34.9528
1,34.9528
1,34.9875
1,34.9528
1,34.9528
1,35.0222
1,35.0568
1,35.0222
1,35.0222
1,34.9875
1,35.0222
1,34.9528
1,34.9528
1,34.9528
1,34.9181
1,34.9528
1,34.9528
1,34.9875
1,34.9528
1,34.9181
1,34.9528
1,34.9528
1,34.8834
1,34.8834
1,34.9528
1,34.9528
1,35.0222
1,34.9528
1,34.9528
1,34.9875
1,34.9875
1,34.9875
1,35.0222
1,35.0222
1,35.0222
1,35.0222
1,35.0222
1,35.0222
1,34.9528
1,34.9528
1,34.9875
1,35.0222
1,34.9528
1,34.8139
1,34.9528
1,35.0222
1,35.1609
1,35.0222
1,35.0222
1,35.0568
1,35.0568
1,35.0222
1,35.0222
1,35.0222
1,35.0222
1,35.0568
1,35.0222
1,35.0568
1,35.0915
1,35.0915
1,35.1262
1,35.0915
1,35.0915
1,35.1262
1,35.0222
1,35.0222
1,35.0915
1,35.0915
1,35.1262
1,35.0222
1,35.1609
1,35.0915
1,35.0915
1,35.0222
1,35.0915
1,35.1262
1,35.0568
1,35.0222
1,35.0222
1,35.0222
1,35.0915
1,35.1609
1,35.1609
1,35.1609
1,35.1609
1,35.1609
1,35.0915
1,35.2302
1,35.1609
1,35.1262
1,35.1955
1,35.2302
1,35.3341
1,35.2995
1,35.2302
1,35.1609
1,35.0222
1,35.0222
1,35.0222
1,35.2995
1,35.2995
1,35.3687
1,35.438
1,35.3687
1,35.3687
1,35.3687
1,35.3341
1,35.2648
1,35.3687
1,35.1609
1,35.2302
1,35.0915
1,35.1955
1,35.1609
1,35.1609
1,35.1955
1,35.2648
1,35.0568
1,35.0915
1,35.1609
1,35.0915
1,35.1609
1,35.2302
1,35.2302
1,35.2302
1,35.1955
1,35.1955
1,35.2302
1,35.1609
1,35.1609
1,35.1609
1,35.2648
1,35.2995
1,35.1609
1,35.1609
1,35.3687
1,35.3687
1,35.1609
1,35.2302
1,35.1955
1,35.2995
1,35.3687
1,35.3687
1,35.4034
1,35.2995
1,35.2995
1,35.4034
1,35.3687
1,35.2995
1,35.2302
1,35.2995
1,35.0915
1,35.3687
1,35.2995
1,35.2302
1,35.3341
1,35.5418
1,35.438
1,35.438
1,35.3341
1,35.2648
1,35.0915
1,35.2302
1,35.5072
1,35.5072
1,35.5072
1,35.438
1,35.3687
1,35.3687
1,35.4034
1,35.438
1,35.5072
1,35.611
1,35.6456
1,35.6456
1,35.7148
1,35.5418
1,35.5764
1,35.5764
1,35.5418
1,35.5764
1,35.5072
1,35.5764
1,35.5764
1,35.5764
1,35.5764
1,35.5764
1,35.438
1,35.438
1,35.438
1,35.3687
1,35.438
1,35.5072
1,35.5764
1,35.5764
1,35.5418
1,35.5072
1,35.611
1,35.5764
1,35.6456
1,35.7839
1,35.6456
1,35.7148
1,35.7148
1,35.4726
1,35.611
1,35.6456
1,35.6456
1,35.5418
1,35.6802
1,35.5764
1,35.7839
1,35.7148
1,35.5764
1,35.7494
1,35.611
1,35.6456
1,35.7148
1,35.7148
1,35.7839
1,35.853
1,35.6456
1,35.7494
1,35.853
1,35.8185
1,35.9221
1,36.0603
1,35.9221
1,35.9567
1,35.8876
1,35.853
1,35.853
1,35.8876
1,35.853
1,35.9567
1,35.9221
1,35.853
1,35.9221
1,35.9567
1,35.9221
1,36.0603
1,35.9567
1,35.9221
1,35.9567
1,35.8185
1,35.9912
1,35.9912
1,35.9912
1,35.9912
1,35.9912
1,35.7839
1,35.8876
1,35.9567
1,35.9567
1,35.9912
1,35.9912
1,35.9221
1,36.0603
1,36.0603
1,36.0603
1,36.1293
1,36.1293
1,36.0603
1,36.0257
1,36.1293
1,36.0603
1,36.0603
1,36.1983
1,36.1293
1,36.2673
1,36.3362
1,36.3362
1,36.3707
1,36.2673
1,36.1983
1,36.2673
1,36.1983
1,36.3362
1,36.2673
1,36.3362
1,36.3362
1,36.3362
1,36.1638
1,36.4052
1,36.3362
1,36.543
1,36.543
1,36.4741
1,36.4052
1,36.4396
1,36.4741
1,36.4741
1,36.3362
1,36.3362
1,36.4741
1,36.4396
1,36.2673
1,36.3362
1,36.4052
1,36.4741
1,36.4741
1,36.543
1,36.6118
1,36.6807
1,36.7495
1,36.6807
1,36.6807
1,36.7495
1,36.7839
1,36.7495
1,36.6463
1,36.8183
1,36.8527
1,36.9559
1,36.8527
1,36.9559
1,36.9215
1,36.9559
1,36.8871
1,36.6807
1,36.8871
1,36.9902
1,37.0246
1,37.059
1,36.9559
1,37.0246
1,37.0246
1,37.0933
1,37.059
1,36.9215
1,37.162
1,37.0246
1,37.0246
1,37.1277
1,37.0246
1,37.0933
1,37.0933
1,37.162
1,37.0933
1,37.0933
1,37.0933
1,37.162
1,37.162
1,37.059
1,37.2307
1,37.1277
1,37.2993
1,37.265
1,37.1277
1,37.265
1,37.2993
1,37.2307
1,37.2307
1,37.2307
1,37.2307
1,37.2307
1,37.265
1,37.2307
1,37.265
1,37.2993
1,37.3679
1,37.4365
1,37.4365
1,37.3679
1,37.3679
1,37.2993
1,37.4022
1,37.3679
1,37.4365
1,37.4022
1,37.4022
1,37.2993
1,37.3679
1,37.3336
1,37.3336
1,37.265
1,37.265
1,37.2307
1,37.2307
1,37.2993
1,37.3336
1,37.3336
1,37.2993
1,37.3336
1,37.2993
1,37.2993
1,37.2993
1,37.2307
1,37.3336
1,37.265
1,37.2307
1,37.3336
1,37.2993
1,37.2307
1,37.2993
1,37.2307
1,37.3336
1,37.2307
1,37.2307
1,37.1963
1,37.265
1,37.265
1,37.2993
1,37.265
1,37.3679
1,37.2993
1,37.2993
1,37.1277
1,37.2993
1,37.265
1,37.2307
1,37.2307
1,37.1277
1,37.2307
1,37.2993
1,37.3336
1,37.2307
1,37.2307
1,37.3336
1,37.2307
1,37.3336
1,37.2993
1,37.3679
1,37.3679
1,37.3679
1,37.3679
1,37.2993
1,37.2993
1,37.2993
1,37.4365
1,37.3679
1,37.3336
1,37.2993
1,37.4022
1,37.4022
1,37.3679
1,37.3679
1,37.3336
1,37.265
1,37.3679
1,37.4022
1,37.3679
1,37.2993
1,37.2993
1,37.4365
1,37.4365
1,37.4022
1,37.4365
1,37.3679
1,37.3679
1,37.4365
1,37.4365
1,37.4365
1,37.5051
1,37.4365
1,37.3336
1,37.3679
1,37.4708
1,37.4365
1,37.4365
1,37.4365
1,37.4365
1,37.4365
1,37.3336
1,37.5051
1,37.5394
1,37.5051
1,37.5051
1,37.5051
1,37.5394
1,37.4708
1,37.5051
1,37.4365
1,37.3679
1,37.4365
1,37.4708
1,37.4022
1,37.5051
1,37.5051
1,37.5051
1,37.3679
1,37.3679
1,37.4365
1,37.4365
1,37.5394
1,37.4365
1,37.5051
1,37.5051
1,37.4708
1,37.5051
1,37.4365
1,37.5737
1,37.5737
1,37.5051
1,37.5051
1,37.4708
1,37.4708
1,37.4365
1,37.5394
1,37.4708
1,37.5051
1,37.5051
1,37.4365
1,37.5737
1,37.5737
1,37.5051
1,37.5051
1,37.5737
1,37.5051
1,37.5737
1,37.5051
1,37.5737
1,37.5051
1,37.5051
1,37.5394
1,37.5051
1,37.5394
1,37.5394
1,37.5051
1,37.5737
1,37.6765
1,37.5737
1,37.5737
1,37.6079
1,37.7107
1,37.5737
1,37.5051
1,37.6422
1,37.5737
1,37.6422
1,37.6422
1,37.6765
1,37.6422
1,37.7107
1,37.7107
1,37.6422
1,37.6079
1,37.5737
1,37.6765
1,37.6765
1,37.7107
1,37.6765
1,37.5737
1,37.7107
1,37.7107
1,37.745
1,37.745
1,37.7107
1,37.7107
1,37.745
1,37.7792
1,37.7107
1,37.7107
1,37.6765
1,37.7107
1,37.7792
1,37.7792
1,37.7792
1,37.745
1,37.7107
1,37.745
1,37.745
1,37.745
1,37.7792
1,37.745
1,37.7792
1,37.7792
1,37.8477
1,37.745
1,37.745
1,37.8134
1,37.8134
1,37.8477
1,37.8134
1,37.8477
1,37.8134
1,37.8477
1,37.8134
1,37.8134
1,37.745
1,37.7792
1,37.745
1,37.7792
1,37.7107
1,37.7792
1,37.8134
1,37.745
1,37.7792
1,37.745
1,37.7792
1,37.7792
1,37.7792
1,37.7107
1,37.745
1,37.7792
1,37.7792
1,37.8477
1,37.8477
1,37.8477
1,37.8477
1,37.8477
1,37.8477
1,37.745
1,37.8477
1,37.8134
1,37.8134
1,37.8477
1,37.9845
1,37.9161
1,37.9845
1,37.9845
1,37.9503
1,37.8819
1,37.9161
1,37.9161
1,37.9161
1,38.0187
1,37.9845
1,37.9161
1,37.9161
1,37.9503
1,37.9845
1,38.0187
1,37.9845
1,38.0187
1,38.0529
1,38.0529
1,38.0187
1,37.9845
1,38.0187
1,38.0187
1,38.0529
1,38.0871
1,38.0529
1,38.0871
1,38.1555
1,38.1213
1,38.1897
1,38.1897
1,38.1213
1,38.0871
1,38.1213
1,38.1555
1,38.1555
1,38.1897
1,38.1897
1,38.1213
1,38.1897
1,38.1897
1,38.1897
1,38.1897
1,38.258
1,38.258
1,38.2239
1,38.2239
1,38.1897
1,38.258
1,38.258
1,38.1897
1,38.258
1,38.3263
1,38.258
1,38.3263
1,38.2922
1,38.1897
1,38.3263
1,38.3263
1,38.3263
1,38.3605
1,38.3946
1,38.3263
1,38.3946
1,38.3946
1,38.4287
1,38.3946
1,38.4287
1,38.4287
1,38.4287
1,38.4287
1,38.4287
1,38.258
1,38.3263
1,38.3263
1,38.3263
1,38.3605
1,38.3946
1,38.3946
1,38.4287
1,38.3946
1,38.3946
1,38.3946
1,38.3946
1,38.4629
1,38.3946
1,38.3605
1,38.3946
1,38.4629
1,38.4629
1,38.4629
1,38.3946
1,38.3946
1,38.3263
1,38.3946
1,38.4287
1,38.3605
1,38.3946
1,38.3946
1,38.3946
1,38.3263
1,38.3263
1,38.3263
1,38.3605
1,38.3605
1,38.3946
1,38.4629
1,38.4629
1,38.3946
1,38.3946
1,38.258
1,38.3263
1,38.3946
1,37.5737
1,36.6118
1,35.7494
1,34.2577
1,33.8396
1,33.5604
1,33.2108
1,33.0009
1,32.7206
1,32.44
1,32.2293
1,32.159
1,31.8072
1,31.6664
1,31.5959
1,31.4549
1,31.3491
1,31.2786
1,31.2433
1,31.1727
1,31.0314
1,31.0314
1,31.0314
1,30.8547
1,30.784
1,30.784
1,30.5363
1,30.4655
1,30.3947
1,30.3238
1,30.2529
1,30.1465
1,30.182
1,30.182
1,30.1111
1,30.1111
1,30.1111
1,30.0401
1,30.0401
1,29.9691
1,29.8626
1,29.8271
1,29.7916
1,29.7561
1,29.7561
1,29.685
1,29.685
1,29.685
1,29.6139
1,29.6139
1,29.6139
1,29.5428
1,29.4717
1,29.4005
1,29.3293
1,29.3293
1,29.3293
1,29.3649
1,29.3293
1,29.3293
1,29.3649
1,29.4005
1,29.3293
1,29.3293
1,29.3293
1,29.3293
1,29.2581
1,29.3293
1,29.3293
1,29.2581
1,29.2581
1,29.1869
1,29.1869
1,29.1869
1,29.1157
1,29.1157
1,28.8661
1,28.8305
1,28.9375
1,29.08
1,29.0444
1,29.0444
1,28.9731
1,28.9018
1,28.8661
1,28.8305
1,28.8305
1,28.8305
1,28.8305
1,28.9018
1,28.9731
1,29.08
1,29.1513
1,29.2581
1,29.8271
1,29.9336
1,29.8981
1,29.9691
1,30.0401
1,30.2529
1,30.2529
1,30.4301
1,30.5363
1,30.5363
1,30.5363
1,30.4655
1,30.7486
1,30.8901
1,30.5363
1,30.4655
1,30.3947
1,30.4655
1,30.2529
1,30.3238
1,30.0401
1,30.0046
1,29.8981
1,29.7916
1,29.685
1,29.8626
1,29.8271
1,29.7205
1,29.6139
1,29.4361
1,29.3293
1,29.2581
1,29.1157
1,29.1513
1,29.0444
1,28.9731
1,28.9018
1,28.8305
1,28.8305
1,28.7948
1,28.8305
1,28.9018
1,28.9731
1,28.9018
1,28.9018
1,28.9375
1,28.8305
1,29.0444
1,28.9731
1,28.8305
1,28.7591
1,28.6877
1,28.8305
1,28.8305
1,28.7234
1,28.8305
1,28.6877
1,28.6163
1,28.5092
1,28.4735
1,28.652
1,28.4735
1,28.402
1,28.4735
1,28.4735
1,28.6163
1,28.5449
1,28.4735
1,28.5092
1,28.6163
1,28.5449
1,28.4735
1,28.4735
1,28.2232
1,28.3305
1,28.259
1,28.259
1,28.259
1,28.259
1,28.259
1,28.1875
1,28.1875
1,28.0443
1,28.1159
1,27.9727
1,27.9727
1,27.9011
1,27.7219
1,27.7578
1,27.9011
1,27.9727
1,27.9369
1,27.9011
1,27.9369
1,27.9727
1,27.9011
1,27.9727
1,28.0443
1,28.0443
1,27.9727
1,27.9727
1,27.9727
1,27.8653
1,27.8294
1,27.9011
1,27.9011
1,27.6502
1,27.5426
1,27.4709
1,27.3273
1,27.2555
1,27.7219
1,27.6144
1,27.6144
1,27.5426
1,27.4709
1,27.1836
1,27.1836
1,27.2914
1,27.2914
1,27.2914
1,27.3273
1,27.435
1,27.3991
1,27.2914
1,27.1836
1,27.2914
1,27.2914
1,27.1836
1,27.1836
1,27.1836
1,27.0398
1,27.1477
1,27.2555
1,27.0398
1,27.2914
1,27.2914
1,27.3273
1,27.2914
1,27.2555
1,27.1836
1,27.2914
1,27.1117
1,27.0398
1,26.932
1,26.896
1,26.9679
1,27.0039
1,26.9679
1,26.824
1,26.788
1,26.824
1,26.752
1,26.896
1,26.824
1,26.932
1,26.68
1,26.752
1,26.716
1,26.5359
1,26.608
1,26.68
1,26.608
1,26.5359
1,26.3918
1,26.3197
1,27.1117
1,27.5785
1,28.0443
1,28.1159
1,28.3663
1,28.5092
1,28.3305
1,28.3305
1,28.402
1,28.6163
1,28.6163
1,28.6163
1,28.1875
1,28.1875
1,28.5449
1,28.6163
1,28.9731
1,29.2225
1,29.2581
1,29.1869
1,29.08
1,29.1157
1,29.0444
1,28.9731
1,28.9731
1,28.7234
1,28.6877
1,28.7591
1,28.9018
1,28.9731
1,28.9018
1,28.6877
1,28.8305
1,28.9018
1,28.9731
1,28.9018
1,28.9375
1,28.9731
1,28.9731
1,29.2225
1,29.3293
1,29.3293
1,29.2938
1,29.2938
1,29.1869
1,29.2938
1,29.1513
1,28.9018
1,29.0444
1,29.1157
1,29.0444
1,28.9731
1,28.8305
1,28.8305
1,28.9018
1,28.9018
1,28.6877
1,28.7591
1,28.8305
1,28.8661
1,28.6163
1,28.6163
1,28.6163
1,28.7234
1,28.7591
1,28.7591
1,28.652
1,28.6877
1,28.6163
1,28.6163
1,28.6163
1,28.5806
1,28.5806
1,28.7591
1,28.402
1,28.3305
1,28.3663
1,28.3305
1,28.5449
1,28.402
1,28.402
1,28.3305
1,28.402
1,28.4735
1,28.6163
1,28.6163
1,28.5806
1,28.5449
1,28.4735
1,28.5449
1,28.5449
1,28.5449
1,28.6163
1,28.652
1,28.4735
1,28.402
1,28.3663
1,28.6163
1,28.5806
1,28.5449
1,28.5449
1,28.402
1,28.4735
1,28.5449
1,28.5092
1,28.5449
1,28.3305
1,28.3305
1,28.4377
1,28.4735
1,28.6163
1,28.402
1,28.4735
1,28.3305
1,28.402
1,28.402
1,28.402
1,28.402
1,28.402
1,28.2948
1,28.0085
1,28.259
1,28.402
1,28.0443
1,28.0085
1,28.1159
1,28.1159
1,28.4735
1,28.2232
1,28.1875
1,28.1875
1,28.259
1,28.4735
1,28.402
1,28.1875
1,28.1159
1,27.9011
1,27.7936
1,27.7219
1,27.5426
1,27.3991
1,27.2914
1,27.3273
1,27.3273
1,27.2195
1,27.5426
1,27.3991
1,27.3632
1,27.2914
1,27.3273
1,27.6144
1,27.5426
1,27.2914
1,27.6144
1,27.4709
1,27.6861
1,27.5426
1,27.4709
1,27.2914
1,27.3991
1,27.3632
1,27.3991
1,27.0398
1,26.896
1,26.896
1,26.5359
1,26.1754
1,26.3197
1,26.3918
1,26.2475
1,26.608
1,26.2475
1,26.3918
1,26.608
1,27.0758
1,26.752
1,27.2914
1,27.2555
1,26.824
1,26.9679
1,27.1836
1,27.2555
1,27.2555
1,26.9679
1,27.2555
1,26.896
1,26.9679
1,27.2914
1,27.2914
1,27.0398
1,27.0398
1,27.1836
1,26.68
1,26.896
1,26.752
1,26.68
1,27.0758
1,26.9679
1,26.824
1,26.896
1,27.1117
1,26.932
1,26.824
1,26.4639
1,26.68
1,26.68
1,27.0758
1,26.896
1,27.2195
1,27.2914
1,27.2914
1,27.4709
1,27.3632
1,27.3273
1,27.2914
1,27.3273
1,27.6861
1,27.4709
1,27.6502
1,27.6502
1,27.4709
1,27.6861
1,27.9727
1,27.9727
1,27.9727
1,27.9011
1,27.8294
1,27.8294
1,27.9011
1,27.9011
1,28.0443
1,27.9727
1,27.6861
1,27.7578
1,27.9011
1,28.2232
1,28.3305
1,28.259
1,28.1875
1,28.3305
1,28.0443
1,27.9727
1,27.9369
1,27.8294
1,28.1159
1,28.3305
1,28.6163
1,28.652
1,28.652
1,28.6877
1,28.5449
1,28.2948
1,28.4735
1,28.1875
1,28.1159
1,28.0801
1,28.3305
1,28.3305
1,27.9011
1,28.0443
1,28.0085
1,27.8294
1,28.0801
1,27.9011
1,27.9727
1,28.0443
1,28.1517
1,28.259
1,28.1875
1,28.1517
1,28.3305
1,28.3305
1,28.4735
1,28.2948
1,28.3305
1,28.259
1,28.402
1,28.1159
1,28.1159
1,28.2232
1,28.259
1,28.3305
1,28.2948
1,28.4735
1,28.5449
1,28.4735
1,28.5092
1,28.4735
1,28.6877
1,28.6877
1,28.8305
1,28.8305
1,28.8661
1,29.1869
1,29.5784
1,29.6139
1,29.4717
1,29.5784
1,29.6139
1,29.6139
1,29.7205
1,29.5784
1,29.685
1,29.6139
1,29.685
1,29.8271
1,29.9336
1,29.8271
1,29.9691
1,29.7561
1,29.8626
1,29.8271
1,29.8981
1,29.9691
1,30.1465
1,30.0401
1,30.3947
1,30.4655
1,30.182
1,30.0401
1,30.1111
1,30.0401
1,30.0401
1,30.1465
1,30.182
1,30.2529
1,30.3238
1,30.3947
1,30.5009
1,30.5363
1,30.5717
1,30.5363
1,30.3592
1,30.3238
1,30.4301
1,30.6071
1,30.5717
1,30.8194
1,30.7486
1,30.9254
1,30.9608
1,30.8901
1,31.1727
1,31.3139
1,31.3491
1,31.4549
1,31.5254
1,31.8776
1,31.8072
1,31.6664
1,31.4902
1,31.4549
1,31.4197
1,31.3844
1,31.6312
1,31.948
1,32.0183
1,32.159
1,32.0183
1,32.0183
1,32.0887
1,32.159
1,32.2293
1,32.2995
1,32.5102
1,32.5803
1,32.3698
1,32.3346
1,32.3698
1,32.2995
1,32.5102
1,32.6855
1,32.4751
1,32.5102
1,32.4751
1,32.4751
1,32.5452
1,32.5102
1,32.4751
1,32.4751
1,32.6505
1,32.7206
1,32.7557
1,32.8958
1,33.1409
1,33.1409
1,33.3507
1,33.5604
1,33.7349
1,33.3507
1,33.5604
1,33.5604
1,33.5604
1,33.6651
1,33.4905
1,33.8047
1,33.6302
1,33.5604
1,33.4206
1,33.3158
1,33.4556
1,33.5604
1,33.8744
1,34.2577
1,34.2229
1,34.2577
1,34.188
1,34.3969
1,34.536
1,34.536
1,34.536
1,34.675
1,34.675
1,34.9181
1,34.8834
1,34.7792
1,34.8487
1,34.8487
1,34.9528
1,34.6403
1,34.7445
1,34.536
1,34.6403
1,34.8139
1,35.3341
1,35.1609
1,34.9528
1,35.0915
1,34.9181
1,34.9528
1,34.8487
1,34.8139
1,34.7445
1,34.7445
1,34.7445
1,34.7445
1,34.7792
1,34.7445
1,34.675
1,34.7445
1,34.8834
1,34.7445
1,34.536
1,34.675
1,34.675
1,34.9181
1,35.0222
1,34.9528
1,35.0915
1,35.1262
1,35.0915
1,35.0915
1,36.0603
1,36.0948
1,36.0948
1,36.0603
1,36.0948
1,36.1983
1,36.2328
1,36.1983
1,36.1293
1,36.1638
1,36.1293
1,36.1983
1,36.1293
1,36.1983
1,36.3362
1,36.3362
1,36.3362
1,36.4052
1,36.4052
1,36.2673
1,36.4396
1,36.4741
1,36.5085
1,36.4741
1,36.543
1,36.543
1,36.4741
1,36.543
1,36.5774
1,36.6463
1,36.7495
1,36.7495
1,37.0246
1,37.0246
1,36.9559
1,36.9215
1,36.8871
1,36.6807
1,36.6807
1,36.6118
1,36.6118
1,36.6807
1,36.7151
1,36.7151
1,36.6807
1,36.7495
1,36.7495
1,36.8183
1,36.7495
1,36.8183
1,36.8527
1,36.9559
1,36.9559
1,36.8871
1,36.8183
1,36.9215
1,36.8527
1,36.8871
1,36.7495
1,36.7495
1,36.8183
1,37.059
1,37.0933
1,37.0246
1,36.9559
1,36.8871
1,36.9215
1,36.8871
1,36.9559
1,36.9559
1,37.162
1,37.2307
1,37.3336
1,37.4022
1,37.1963
1,37.2307
1,37.1277
1,37.1963
1,37.3336
1,37.4708
1,37.5394
1,37.4708
1,37.5737
1,37.2993
1,37.2993
1,37.4365
1,37.3679
1,37.2993
1,37.5051
1,37.5737
1,37.745
1,37.8477
1,37.745
1,37.7792
1,37.7107
1,37.7792
1,37.8819
1,37.9845
1,38.1213
1,38.1213
1,38.0529
1,38.0529
1,38.1555
1,38.1555
1,37.9161
1,37.745
1,37.5737
1,37.4365
1,37.3679
1,37.4022
1,37.3679
1,37.3679
1,37.2993
1,37.2307
1,37.162
1,37.1277
1,37.0246
1,36.9559
1,36.9215
1,36.9215
1,36.8871
1,36.9559
1,37.0246
1,37.1277
1,37.0933
1,37.0246
1,37.0246
1,37.2307
1,37.2993
1,37.2307
1,37.2307
1,37.4365
1,37.5051
1,37.5051
1,37.6765
1,37.5737
1,37.5737
1,37.6079
1,37.6422
1,37.5737
1,37.5737
1,37.5051
1,37.5051
1,37.4365
1,37.5737
1,37.5737
1,37.6079
1,37.5051
1,37.4708
1,37.3679
1,37.3679
1,37.3336
1,37.4022
1,37.4365
1,37.8819
1,37.6422
1,38.3605
1,38.1213
1,38.0529
1,38.0529
1,37.8477
1,37.9161
1,38.1897
1,37.9161
1,38.3263
1,38.258
1,38.1213
1,37.9161
1,38.0529
1,38.0871
1,38.0529
1,38.0187
1,37.9845
1,37.7792
1,37.9161
1,37.7792
1,37.8134
1,37.8134
1,37.8477
1,37.8477
1,37.8134
1,37.8477
1,37.7792
1,37.7107
1,37.7107
1,37.7107
1,37.7792
1,37.7792
1,37.745
1,37.745
1,37.745
1,37.6422
1,37.6422
1,37.5737
1,37.6079
1,37.5051
1,37.4708
1,37.4365
1,37.4708
1,37.6422
1,37.6422
1,37.6079
1,37.5394
1,37.5737
1,37.6079
1,37.5737
1,37.6422
1,37.6422
1,37.6422
1,37.6765
1,37.6765
1,37.6422
1,37.4708
1,37.5051
1,37.7107
1,37.9503
1,37.9845
1,38.0187
1,37.9845
1,38.1213
1,37.9845
1,38.0529
1,38.258
1,38.2922
1,38.1213
1,38.1897
1,38.258
1,38.3263
1,38.3263
1,38.258
1,38.258
1,38.3263
1,38.3263
1,38.3946
1,38.1555
1,38.1213
1,38.0529
1,38.1213
1,38.1213
1,38.1213
1,38.0529
1,38.0187
1,38.0529
1,37.9503
1,38.0187
1,37.9503
1,37.9161
1,37.9845
1,37.9845
1,37.9845
1,37.9161
1,37.9161
1,37.9845
1,38.0529
1,38.0187
1,38.0529
1,38.0529
1,38.0529
1,38.0187
1,37.9845
1,37.9845
1,38.4629
1,38.9061
1,39.7217
1,39.3143
1,39.62
1,38.8379
1,38.497
1,38.2922
1,38.2922
1,38.2922
1,37.9161
1,38.1213
1,38.0187
1,38.1213
1,38.1897
1,38.1555
1,38.1555
1,38.1897
1,38.1555
1,38.1555
1,38.1213
1,38.0529
1,38.0529
1,38.0529
1,38.0187
1,38.0529
1,37.9845
1,37.9845
1,37.9845
1,38.0529
1,38.0871
1,38.0871
1,38.0529
1,38.0529
1,37.9845
1,38.0187
1,37.9845
1,37.9845
1,37.9845
1,37.9845
1,38.0187
1,37.9845
1,37.9845
1,37.9161
1,37.9161
1,37.9161
1,37.9161
1,37.9161
1,37.9161
1,37.9845
1,37.9845
1,37.9503
1,37.9161
1,37.9161
1,37.9161
1,37.9161
1,37.9161
1,37.9161
1,37.9161
1,37.9845
1,37.9845
1,38.0529
1,38.0529
1,38.0529
1,38.0529
1,38.0187
1,38.0187
1,38.0187
1,37.9845
1,37.9845
1,37.9161
1,37.9161
1,37.9161
1,37.9161
1,37.9161
1,38.0529
1,38.1213
1,37.9845
1,37.9845
1,37.9503
1,37.9161
1,37.9161
1,37.9161
1,37.9161
1,37.9503
1,37.9503
1,37.9845
1,37.9503
1,37.9845
1,37.9161
1,37.9845
1,37.9503
1,37.9845
1,37.9845
1,37.9845
1,37.9845
1,37.9503
1,37.9161
1,37.9161
1,37.8819
1,37.9161
1,37.9161
1,37.9161
1,37.8477
1,37.9161
1,37.7792
1,37.9845
1,38.0871
1,38.0187
1,38.0529
1,38.0529
1,38.0529
1,38.0529
1,38.0529
1,37.9845
1,37.9845
1,37.9503
1,37.9161
1,37.9503
1,37.9503
1,37.9161
1,37.9161
1,37.9161
1,37.8819
1,37.8819
1,37.9161
1,37.9161
1,37.9161
1,37.9161
1,37.8819
1,37.8819
1,37.8819
1,37.9161
1,37.9503
1,37.9161
1,37.9503
1,37.9503
1,37.9161
1,37.9503
1,37.9845
1,37.9161
1,37.9503
1,37.9503
1,37.9161
1,37.9161
1,37.9161
1,37.9161
1,37.9161
1,37.9161
1,37.9503
1,37.9845
1,37.9161
1,38.0187
1,38.0529
1,37.9845
1,37.9503
1,37.9161
1,37.9161
1,37.9161
1,37.9161
1,37.9161
1,37.8819
1,37.9161
1,37.8477
1,37.8477
1,37.8819
1,37.8477
1,37.8477
1,37.8819
1,37.8477
1,37.9161
1,37.9161
1,37.9503
1,37.9161
1,37.9503
1,37.9161
1,37.9161
1,37.8819
1,37.8477
1,37.8819
1,37.8477
1,37.8477
1,37.8477
1,37.8477
1,37.8819
1,37.7792
1,37.8477
1,37.8477
1,37.9161
1,37.9161
1,37.9503
1,37.9503
1,37.9845
1,37.9845
1,37.9845
1,38.0187
1,37.9845
1,37.9845
1,37.9503
1,37.9161
1,37.9161
1,37.8477
1,37.8477
1,37.9161
1,37.9161
1,37.9161
1,37.9161
1,37.8477
1,37.9161
1,37.9161
1,37.9161
1,37.9161
1,37.9161
1,37.9503
1,37.9503
1,37.9503
1,37.9845
1,37.9503
1,37.9161
1,37.9161
1,37.9161
1,37.9161
1,37.9161
1,37.8477
1,37.9161
1,37.9161
1,37.8477
1,37.8134
1,37.8134
1,37.8477
1,37.8134
1,37.8477
1,37.8134
1,37.8134
1,37.7792
1,37.8134
1,37.8477
1,37.7792
1,37.7792
1,37.7792
1,37.8477
1,37.8477
1,37.7792
1,37.8477
1,37.8477
1,37.8477
1,37.8134
1,37.8477
1,37.8477
1,37.8477
1,37.8477
1,37.8477
1,37.8477
1,37.8477
1,37.8477
1,37.8477
1,37.8477
1,37.8477
1,37.8477
1,37.8477
1,37.8477
1,37.9503
1,37.9503
1,37.9503
1,37.9161
1,37.9161
1,37.9161
1,37.9161
1,37.9161
1,37.9161
1,37.8819
1,37.9161
1,37.8819
1,37.9161
1,37.9161
1,37.8477
1,37.9161
1,37.9161
1,37.8477
1,37.9161
1,37.9161
1,37.9161
1,37.8819
1,37.8819
1,37.8477
1,37.8477
1,37.8477
1,37.8477
1,37.8477
1,37.8819
1,37.9161
1,37.9845
1,37.9503
1,37.9161
1,37.9503
1,37.9503
1,37.8819
1,37.8819
1,38.0529
1,38.0187
1,38.0187
1,38.0529
1,38.0529
1,38.0871
1,38.0529
1,37.9845
1,38.5311
1,38.497
1,38.1213
1,38.0529
1,38.0529
1,38.0187
1,37.9845
1,37.9845
1,38.0529
1,38.0529
1,38.0187
1,37.9503
1,37.9845
1,37.9845
1,37.9845
1,37.9845
1,37.9845
1,38.0529
1,37.9845
1,37.9503
1,37.9503
1,37.9161
1,37.9161
1,37.9161
1,37.8477
1,37.9161
1,37.9161
1,37.9161
1,37.9161
1,38.0871
1,37.9845
1,38.0529
1,37.9845
1,37.9845
1,37.9845
1,37.9161
1,37.9161
1,37.9161
1,37.9161
1,37.9161
1,37.9161
1,37.9161
1,37.9161
1,37.9161
1,37.8819
1,37.9161
1,37.9503
1,37.9845
1,37.9845
1,37.9503
1,37.9503
1,37.9845
1,37.9845
1,37.9161
1,37.9503
1,37.9161
1,37.9161
1,37.9161
1,37.9845
1,38.0187
1,37.9845
1,38.0187
1,37.9845
1,38.0187
1,38.0187
1,38.0187
1,37.9845
1,38.0529
1,38.0529
1,38.0187
1,38.0187
1,37.9845
1,37.9845
1,38.0529
1,38.0529
1,38.0529
1,38.0871
1,38.0529
1,38.0871
1,38.0529
1,38.0871
1,38.1213
1,38.1213
1,38.1213
1,38.1213
1,38.1213
1,38.1213
1,38.1213
1,38.0871
1,38.0529
1,38.0529
1,38.0871
1,38.0529
1,38.0529
1,38.0529
1,38.0871
1,38.0871
1,38.0529
1,38.1213
1,38.1213
1,38.2239
1,38.3263
1,38.1897
1,38.258
1,38.1897
1,38.1897
1,38.2239
1,38.1897
1,38.3263
1,38.1897
1,38.1897
1,38.2239
1,38.1555
1,38.1213
1,38.0871
1,38.0871
1,38.2239
1,38.1897
1,38.1897
1,38.1897
1,38.1897
1,38.258
1,38.258
1,38.258
1,38.258
1,38.258
1,38.258
1,38.258
1,38.258
1,38.2239
1,38.1897
1,38.1897
1,38.1213
1,38.2239
1,38.258
1,38.258
1,38.258
1,38.2922
1,38.3263
1,38.3263
1,38.2922
1,38.258
1,38.258
1,38.2922
1,38.2922
1,38.2922
1,38.1897
1,38.258
1,38.3263
1,38.258
1,38.258
1,38.3263
1,38.2922
1,38.1897
1,38.258
1,38.2239
1,38.3263
1,38.5993
1,38.6334
1,38.5993
1,38.5993
1,38.497
1,38.4629
1,38.4629
1,38.3946
1,38.3263
1,38.3263
1,38.3263
1,38.3263
1,38.3263
1,38.3946
1,38.3946
1,38.3605
1,38.3946
1,38.3946
1,38.3946
1,38.3946
1,38.3605
1,38.3605
1,38.3946
1,38.3605
1,38.2922
1,38.258
1,38.258
1,38.258
1,38.3263
1,38.3263
1,38.258
1,38.3946
1,38.3605
1,38.3605
1,38.3946
1,38.3946
1,38.3946
1,38.3263
1,38.3946
1,38.3263
1,38.3263
1,38.2922
1,38.2922
1,38.3263
1,38.258
1,38.258
1,38.2922
1,38.2922
1,38.3605
1,38.258
1,38.3263
1,38.3263
1,38.2922
1,38.258
1,38.3605
1,38.3263
1,38.3263
1,38.3263
1,38.3263
1,38.2922
1,38.2922
1,38.3263
1,38.2922
1,38.3263
1,38.2922
1,38.3263
1,38.3263
1,38.3605
1,38.3605
1,38.3263
1,38.3263
1,38.3263
1,38.3263
1,38.3263
1,38.3263
1,38.3263
1,38.2922
1,38.3263
1,38.2922
1,38.3263
1,38.3263
1,38.3263
1,38.3263
1,38.3263
1,38.2922
1,38.3263
1,38.3263
1,38.3263
1,38.3263
1,38.3605
1,38.3263
1,38.3605
1,38.3263
1,38.3263
1,38.2922
1,38.3263
1,38.258
1,38.3263
1,38.258
1,38.258
1,38.258
1,38.2922
1,38.2922
1,38.3263
1,38.3263
1,38.3263
1,38.3605
1,38.258
1,38.3605
1,38.3946
1,38.3946
1,38.3946
1,38.3605
1,38.3946
1,38.3263
1,38.3605
1,38.3263
1,38.3263
1,38.3263
1,38.3263
1,38.3263
1,38.2922
1,38.2922
1,38.3263
1,38.3263
1,38.3263
1,38.3946
1,38.3946
1,38.3605
1,38.3263
1,38.3946
1,38.3946
1,38.3263
1,38.3263
1,38.258
1,38.258
1,38.258
1,38.258
1,38.258
1,38.2922
1,38.258
1,38.258
1,38.258
1,38.258
1,38.258
1,38.3263
1,38.3263
1,38.3263
1,38.3263
1,38.3263
1,38.3605
1,38.3263
1,38.3263
1,38.3263
1,38.2922
1,38.2922
1,38.258
1,38.258
1,38.2239
1,38.258
1,38.1897
1,38.258
1,38.258
1,38.1897
1,38.258
1,38.258
1,38.258
1,38.2922
1,38.3263
1,38.3263
1,38.2922
1,38.258
1,38.2922
1,38.258
1,38.258
1,38.2922
1,38.2922
1,38.258
1,38.258
1,38.258
1,38.258
1,38.1897
1,38.258
1,38.2239
1,38.258
1,38.2922
1,38.2922
1,38.258
1,38.258
1,38.3263
1,38.258
1,38.258
1,38.3263
1,38.258
1,38.2922
1,38.3263
1,38.258
1,38.1897
1,38.1897
1,38.2922
1,38.258
1,38.258
1,38.258
1,38.2239
1,38.2239
1,38.1897
1,38.2239
1,38.258
1,38.258
1,38.2239
1,38.2922
1,38.3263
1,38.3263
1,38.3946
1,38.3946
1,38.3946
1,38.3263
1,38.3946
1,38.3605
1,38.4287
1,38.3946
1,38.3605
1,38.4629
1,38.3946
1,38.4629
1,38.4629
1,38.4629
1,38.3946
1,38.4287
1,38.4287
1,38.3946
1,38.3946
1,38.4629
1,38.3605
1,38.4629
1,38.3946
1,38.3605
1,38.3605
1,38.3946
1,38.4287
1,38.4287
1,38.3946
1,38.4287
1,38.4629
1,38.4287
1,38.4287
1,38.4629
1,38.4629
1,38.4629
1,38.4629
1,38.4629
1,38.4629
1,38.4629
1,38.4629
1,38.4287
1,38.4629
1,38.4629
1,38.4629
1,38.4287
1,38.4287
1,38.3946
1,38.4629
1,38.497
1,38.4629
1,38.5311
1,38.5311
1,38.5311
1,38.4629
1,38.4629
1,38.4629
1,38.4629
1,38.4629
1,38.4629
1,38.4287
1,38.4629
1,38.4629
1,38.3946
1,38.4629
1,38.4629
1,38.5311
1,38.5311
1,38.5311
1,38.5311
1,38.5652
1,38.5652
1,38.497
1,38.497
1,38.497
1,38.497
1,38.4629
1,38.5311
1,38.5311
1,38.5311
1,38.5311
1,38.5311
1,38.5652
1,38.5993
1,38.5993
1,38.5993
1,38.5993
1,38.5993
1,38.5993
1,38.5993
1,38.5993
1,38.5993
1,38.5652
1,38.5311
1,38.5311
1,38.5311
1,38.5311
1,38.5311
1,38.5652
1,38.6334
1,38.5993
1,38.5652
1,38.6334
1,38.5993
1,38.5993
1,38.5993
1,38.6334
1,38.6675
1,38.6334
1,38.6675
1,38.6675
1,38.6334
1,38.6675
1,38.6675
1,38.5993
1,38.6334
1,38.6675
1,36.7151
1,35.7494
1,33.7
1,32.9659
1,32.5803
1,32.44
1,32.1238
1,31.948
1,31.7016
1,31.5607
1,31.4197
1,31.3139
1,31.0667
1,31.0314
1,30.8901
1,30.8194
1,30.7486
1,30.6071
1,30.5363
1,30.4655
1,30.5009
1,30.4655
1,30.3238
1,30.3238
1,30.2884
1,30.2529
1,30.182
1,30.1111
1,30.0401
1,30.0401
1,30.0046
1,29.8981
1,29.8271
1,29.8271
1,29.8271
1,29.8271
1,29.7561
1,29.685
1,29.685
1,29.6139
1,29.4717
1,29.4717
1,29.4361
1,29.4361
1,29.4005
1,29.4005
1,29.4005
1,29.3649
1,29.3293
1,29.3293
1,29.3293
1,29.3649
1,29.4005
1,29.4361
1,29.4717
1,29.7561
1,30.2884
1,30.8194
1,30.9608
1,31.3139
1,31.3139
1,31.5254
1,31.5959
1,31.772
1,31.9128
1,31.772
1,31.772
1,31.8072
1,31.8776
1,31.8072
1,31.7368
1,31.4197
1,31.2433
1,31.1021
1,30.5363
1,30.182
1,30.0401
1,29.8981
1,29.685
1,29.8271
1,29.6139
1,29.4717
1,29.4717
1,29.4005
1,29.3293
1,29.3293
1,29.3293
1,29.3293
1,29.1869
1,29.1869
1,29.3293
1,29.2225
1,29.1869
1,29.0444
1,28.9731
1,28.9731
1,29.1157
1,29.1157
1,28.9375
1,28.9018
1,28.8661
1,28.8305
1,28.9018
1,28.9018
1,28.7591
1,28.8305
1,28.8305
1,28.7591
1,28.6877
1,28.6877
1,28.652
1,28.5449
1,28.4735
1,28.5449
1,28.5806
1,28.652
1,28.6163
1,28.6163
1,28.6163
1,28.6877
1,28.6163
1,28.6163
1,28.6163
1,28.5449
1,28.4377
1,28.7591
1,28.5449
1,28.7948
1,28.6163
1,28.6877
1,28.8305
1,28.7591
1,28.7234
1,28.8305
1,28.7591
1,29.1157
1,29.3293
1,29.4005
1,29.4717
1,29.7205
1,29.7205
1,29.8981
1,30.0401
1,30.1111
1,30.2175
1,30.182
1,30.182
1,30.3592
1,30.6071
1,30.8194
1,30.8901
1,30.9608
1,30.9608
1,31.3139
1,31.3139
1,31.5607
1,31.7368
1,31.6664
1,31.6664
1,31.5959
1,31.5959
1,31.8776
1,32.0183
1,32.159
1,32.2293
1,32.0887
1,31.9128
1,32.0183
1,31.948
1,32.0535
1,32.0887
1,32.159
1,32.2293
1,32.3346
1,32.2644
1,32.3698
1,32.3698
1,32.159
1,32.159
1,32.159
1,32.159
1,32.1238
1,32.0887
1,32.159
1,32.2293
1,32.2293
1,32.2293
1,32.2995
1,32.2995
1,32.3698
1,32.2293
1,32.3698
1,32.2995
1,32.2293
1,32.2995
1,32.3698
1,32.44
1,32.2995
1,32.3346
1,32.4049
1,32.4049
1,32.44
1,32.3346
1,32.3698
1,32.2293
1,32.2995
1,32.2644
1,32.2995
1,32.3346
1,32.3346
1,32.1238
1,32.2293
1,32.159
1,32.2293
1,32.1941
1,32.0887
1,32.0183
1,32.0183
1,32.0183
1,32.2293
1,32.2293
1,32.159
1,32.159
1,32.159
1,32.1238
1,32.0183
1,31.8776
1,32.0183
1,31.948
1,32.159
1,32.2644
1,32.159
1,32.1941
1,32.2995
1,32.2995
1,32.0183
1,32.0887
1,31.948
1,31.8776
1,31.948
1,32.0183
1,31.948
1,31.8776
1,31.948
1,31.8776
1,31.948
1,32.0887
1,32.159
1,32.2293
1,32.2995
1,32.3698
1,32.3698
1,32.2995
1,32.3346
1,32.3698
1,32.44
1,32.5102
1,32.44
1,32.5102
1,32.6154
1,32.7206
1,32.6505
1,32.6505
1,32.8608
1,32.5803
1,32.5803
1,32.6154
1,32.8608
1,32.9308
1,33.0009
1,33.0709
1,32.9308
1,32.9308
1,32.8608
1,32.8608
1,32.8958
1,33.0359
1,33.2108
1,33.0709
1,33.0009
1,33.0709
1,33.1059
1,32.9659
1,32.9308
1,33.0009
1,33.3507
1,33.4206
1,33.3507
1,33.3507
1,33.3507
1,33.2808
1,33.3507
1,33.3507
1,33.3507
1,33.4905
1,33.5604
1,33.5604
1,33.5953
1,33.5604
1,33.6302
1,33.7349
1,33.5604
1,33.6302
1,33.5604
1,33.7
1,33.7
1,33.4556
1,33.4206
1,33.4905
1,33.4206
1,33.4905
1,33.4905
1,33.5953
1,33.4556
1,33.3507
1,33.3857
1,33.2808
1,33.3158
1,33.1409
1,33.2108
1,33.2458
1,33.2808
1,33.4905
1,33.4905
1,33.4206
1,33.4905
1,33.6302
1,33.7349
1,33.9093
1,33.9442
1,33.8744
1,33.8396
1,33.9093
1,33.979
1,34.0139
1,34.0139
1,34.1184
1,34.188
1,34.2577
1,34.188
1,34.2229
1,34.3273
1,34.536
1,34.536
1,34.536
1,34.536
1,34.536
1,34.536
1,34.536
1,34.536
1,34.536
1,34.5708
1,34.675
1,34.7445
1,34.7445
1,34.8834
1,35.0222
1,35.0222
1,35.0222
1,35.0915
1,35.0915
1,35.1609
1,35.1262
1,35.1955
1,35.1262
1,35.0568
1,35.0222
1,35.0222
1,35.1609
1,35.2302
1,35.2995
1,35.3341
1,35.2995
1,35.2648
1,35.2995
1,35.5764
1,35.4726
1,35.438
1,35.3341
1,35.438
1,35.3687
1,35.5072
1,35.5072
1,35.5764
1,35.5072
1,35.438
1,35.5764
1,35.611
1,35.5764
1,35.6456
1,35.5764
1,35.5072
1,35.611
1,35.7148
1,35.7148
1,35.7148
1,35.7148
1,35.6802
1,35.7494
1,35.5072
1,35.5764
1,35.5764
1,35.6456
1,35.6802
1,35.7148
1,35.6802
1,35.611
1,35.4034
1,35.2995
1,35.3341
1,35.1955
1,35.1262
1,35.1609
1,35.0915
1,35.1609
1,35.1609
1,35.2302
1,35.1955
1,35.0915
1,35.0915
1,34.9528
1,34.9875
1,34.9875
1,35.0568
1,35.0915
1,35.1262
1,35.2302
1,35.2995
1,35.1609
1,35.1609
1,35.2302
1,35.2302
1,35.1609
1,35.1955
1,35.0915
1,35.0222
1,34.9528
1,34.8139
1,34.8139
1,34.7445
1,34.6403
1,34.7445
1,34.6055
1,34.536
1,34.6055
1,34.8139
1,34.8487
1,34.7445
1,34.536
1,34.536
1,34.4664
1,34.2577
1,34.2577
1,34.188
1,34.188
1,34.1184
1,34.0836
1,33.8396
1,33.7698
1,33.6651
1,33.7
1,33.7
1,33.6302
1,33.7
1,33.7698
1,33.6651
1,33.6651
1,33.5604
1,33.7
1,33.5953
1,33.7
1,33.7349
1,33.8396
1,33.8396
1,33.7
1,33.7
1,33.5953
1,33.6302
1,33.7
1,33.5953
1,33.5604
1,33.6302
1,33.6302
1,33.7
1,33.7
1,33.7349
1,33.7
1,33.8396
1,33.8396
1,33.7349
1,33.6651
1,33.4905
1,33.6651
1,33.4905
1,33.7
1,33.6302
1,33.6302
1,33.5254
1,33.5254
1,33.4905
1,33.6302
1,33.6302
1,33.7698
1,33.8047
1,33.7698
1,34.0139
1,33.8396
1,33.9093
1,34.0139
1,33.9442
1,33.7698
1,33.8396
1,33.979
1,33.979
1,33.979
1,33.979
1,33.9093
1,33.8047
1,33.9442
1,33.979
1,33.979
1,33.979
1,33.979
1,34.1184
1,34.2577
1,34.0836
1,33.9442
1,33.7349
1,33.7698
1,33.8744
1,33.979
1,33.979
1,34.0487
1,34.0836
1,33.979
1,34.188
1,34.2577
1,34.2577
1,34.2925
1,34.5012
1,34.4664
1,34.3273
1,34.2229
1,34.2229
1,34.188
1,34.536
1,34.3621
1,34.3969
1,34.5012
1,34.536
1,34.536
1,34.536
1,34.4664
1,34.536
1,34.536
1,34.536
1,34.536
1,34.536
1,34.536
1,34.536
1,34.4664
1,34.536
1,34.536
1,34.536
1,34.536
1,34.8139
1,34.7097
1,34.6403
1,34.675
1,34.8139
1,34.9528
1,34.8834
1,34.8487
1,34.8487
1,34.8139
1,34.8834
1,34.8834
1,34.9528
1,35.0915
1,35.2302
1,35.1955
1,35.2995
1,35.2648
1,35.5072
1,35.5072
1,35.438
1,35.5764
1,35.6802
1,35.5764
1,35.5418
1,35.5072
1,35.6456
1,35.6456
1,35.7839
1,35.8185
1,35.7148
1,35.9912
1,35.9221
1,35.9567
1,35.9221
1,35.853
1,35.7148
1,35.853
1,35.7839
1,36.1293
1,36.2673
1,36.1293
1,36.2673
1,36.2673
1,36.2673
1,36.4741
1,36.4052
1,36.3362
1,36.543
1,36.543
1,36.3707
1,36.3362
1,36.1983
1,36.2328
1,36.1983
1,36.2673
1,36.2673
1,36.1638
1,36.3018
1,36.6807
1,36.4741
1,36.4741
1,36.4052
1,36.3362
1,36.2673
1,36.3362
1,36.2328
1,36.1983
1,36.1293
1,36.1293
1,36.3362
1,36.3362
1,36.2673
1,36.543
1,36.6807
1,36.6463
1,36.4741
1,36.5774
1,36.6807
1,36.7495
1,36.6463
1,36.7495
1,36.543
1,36.543
1,36.6118
1,36.6118
1,36.543
1,36.5774
1,36.7151
1,36.7151
1,36.7839
1,36.7495
1,37.162
1,37.4022
1,37.4022
1,37.2993
1,37.2993
1,37.1963
1,37.162
1,37.5737
1,37.5737
1,37.5051
1,37.4022
1,37.5737
1,37.5737
1,37.7107
1,37.8477
1,37.5737
1,37.5737
1,37.3679
1,37.5737
1,37.745
1,37.5051
1,37.9845
1,37.9503
1,37.9503
1,37.9845
1,37.9503
1,37.9845
1,37.8819
1,37.9845
1,37.7792
1,38.258
1,38.1897
1,38.3946
1,38.3263
1,38.3946
1,38.1897
1,38.258
1,38.2239
1,38.0529
1,38.4629
1,38.1897
1,38.5993
1,38.5993
1,38.5993
1,38.3263
1,38.4629
1,38.6334
1,38.9401
1,38.8039
1,38.5311
1,38.5993
1,38.5993
1,38.872
1,38.872
1,38.9401
1,38.9401
1,39.0082
1,38.9401
1,38.8039
1,38.7357
1,38.9742
1,38.872
1,39.0082
1,39.0082
1,39.0082
1,38.9401
1,39.0082
1,39.0082
1,39.0082
1,39.0422
1,38.9401
1,38.872
1,39.0082
1,38.9401
1,38.9061
1,38.9061
1,38.9061
1,38.8379
1,38.9401
1,38.872
1,38.8379
1,38.872
1,38.8039
1,38.9742
1,38.9401
1,39.0082
1,39.0763
1,39.0763
1,39.1443
1,39.1443
1,39.2123
1,39.2123
1,39.4842
1,39.4502
1,39.4842
1,39.4842
1,39.3483
1,39.2463
1,39.2123
1,39.1783
1,39.2123
1,39.3143
1,39.2463
1,39.2123
1,39.2123
1,39.1443
1,39.1443
1,39.1443
1,39.1443
1,39.1443
1,39.1443
1,39.1783
1,39.3483
1,39.3483
1,39.4842
1,39.62
1,39.6539
1,39.62
1,39.5521
1,39.7557
1,39.62
1,39.5521
1,39.586
1,39.586
1,39.6539
1,39.8235
1,39.8574
1,39.9252
1,39.8235
1,39.8913
1,39.8574
1,39.8574
1,39.9591
1,39.9252
1,39.8913
1,39.9591
1,39.9591
1,40.0268
1,40.0268
1,40.0268
1,40.0268
1,40.0268
1,40.0945
1,40.2299
1,40.1622
1,40.1961
1,40.1622
1,40.2299
1,40.399
1,40.2976
1,40.2299
1,40.2299
1,40.2638
1,40.2638
1,40.3314
1,40.4666
1,40.4328
1,40.4328
1,40.4328
1,40.4328
1,40.568
1,40.7031
1,40.7031
1,40.7031
1,40.6693
1,40.6693
1,40.8381
1,40.9055
1,40.9055
1,40.9055
1,40.9055
1,40.973
1,41.0067
1,41.0404
1,41.0404
1,40.8381
1,40.6355
1,40.5004
1,40.4328
1,40.2299
1,40.2299
1,40.2638
1,40.3314
1,40.2638
1,40.1961
1,40.0607
1,40.1284
1,40.1622
1,40.2299
1,40.1622
1,40.2976
1,40.2976
1,40.4328
1,40.4328
1,40.4666
1,40.3652
1,40.2976
1,40.3652
1,40.3314
1,40.2638
1,40.1622
1,40.1622
1,40.0945
1,40.0945
1,40.0607
1,40.1961
1,40.2976
1,40.1622
1,40.2299
1,40.3314
1,40.2299
1,40.1961
1,40.568
1,40.3652
1,40.3652
1,40.3652
1,40.4328
1,40.4328
1,40.8718
1,40.6355
1,40.9392
1,40.8381
1,40.8381
1,41.814
1,41.5116
1,40.8381
1,40.7368
1,40.973
1,41.5116
1,41.2425
1,41.5116
1,41.6461
1,41.6125
1,41.3098
1,41.5116
1,41.0741
1,41.0067
1,40.973
1,41.0741
1,41.0741
1,41.0404
1,41.1078
1,41.1078
1,41.3771
1,41.4444
1,40.973
1,41.1414
1,40.8043
1,40.9392
1,41.2425
1,41.3098
1,41.3435
1,41.3771
1,41.1078
1,41.2425
1,41.6125
1,41.6125
1,41.9818
1,42.116
1,41.8476
1,41.9147
1,41.9818
1,42.116
1,42.0489
1,42.2165
1,42.116
1,41.1078
1,41.2761
1,41.1078
1,41.0404
1,40.973
1,41.2425
1,41.4444
1,41.0404
1,40.973
1,41.5116
1,41.5116
1,40.973
1,41.0067
1,40.9055
1,40.8718
1,40.8381
1,41.1078
1,41.0404
1,41.0067
1,41.0404
1,41.0404
1,40.9055
1,40.973
1,41.0404
1,40.973
1,40.973
1,41.0404
1,41.0404
1,40.7031
1,40.9055
1,40.9392
1,40.9055
1,40.9055
1,40.8381
1,40.7706
1,40.7031
1,40.7706
1,40.8381
1,40.7031
1,40.7706
1,40.7368
1,40.7368
1,40.8043
1,40.8381
1,40.8381
1,40.9055
1,40.8381
1,40.7706
1,40.7031
1,40.6355
1,40.6693
1,40.7031
1,40.7031
1,40.7368
1,40.6355
1,40.7706
1,40.7031
1,40.7031
1,40.6355
1,40.6018
1,40.6355
1,40.6693
1,40.6355
1,40.6355
1,40.7031
1,40.7031
1,40.6355
1,40.6355
1,40.6018
1,40.5004
1,40.5342
1,40.568
1,40.6355
1,40.568
1,40.6355
1,40.7031
1,40.7031
1,40.7031
1,40.6355
1,40.6018
1,40.7368
1,40.7031
1,40.7706
1,40.7706
1,40.7368
1,40.6018
1,40.6018
1,40.5004
1,40.568
1,40.568
1,40.6355
1,40.6355
1,40.6355
1,40.7031
1,40.6693
1,40.7031
1,40.7031
1,40.6355
1,40.6018
1,40.5342
1,40.5342
1,40.5342
1,40.6018
1,40.6018
1,40.568
1,40.568
1,40.7031
1,40.7706
1,40.7706
1,40.7031
1,40.6018
1,40.568
1,40.6355
1,40.568
1,40.6018
1,40.568
1,40.6355
1,40.568
1,40.6355
1,40.7031
1,40.7031
1,40.6355
1,40.6018
1,40.568
1,40.568
1,40.6355
1,40.6355
1,40.6355
1,40.6693
1,40.6355
1,40.6355
1,40.7031
1,40.6693
1,40.7031
1,40.7706
1,40.7706
1,40.7031
1,40.7031
1,40.6355
1,40.568
1,40.568
1,40.5004
1,40.5004
1,40.5342
1,40.568
1,40.568
1,40.6355
1,40.6355
1,40.6355
1,40.6355
1,40.6355
1,40.5004
1,40.5004
1,40.568
1,40.568
1,40.6018
1,40.6693
1,40.7706
1,40.8718
1,40.8381
1,40.8381
1,40.8381
1,40.8381
1,40.7031
1,40.7031
1,40.6355
1,40.6355
1,40.7031
1,40.8381
1,40.9055
1,40.8718
1,40.6693
1,40.6355
1,40.7031
1,40.7368
1,40.7706
1,40.7706
1,40.8043
1,40.8381
1,40.973
1,40.7368
1,40.568
1,40.6693
1,40.8381
1,40.8381
1,40.8043
1,40.8381
1,40.8381
1,40.9055
1,40.7031
1,40.7031
1,40.8381
1,40.8718
1,40.9055
1,40.9392
1,40.9392
1,40.7706
1,40.973
1,40.9055
1,40.9055
1,40.8718
1,41.1078
1,41.1078
1,41.1078
1,41.1414
1,41.1414
1,41.1414
1,41.1078
1,41.0404
1,40.8718
1,40.9055
1,40.973
1,41.0067
1,41.0067
1,41.0067
1,41.0404
1,41.0404
1,40.8381
1,40.7031
1,40.6693
1,40.7031
1,40.7031
1,40.7706
1,41.0067
1,41.0741
1,41.0741
1,41.0404
1,40.973
1,40.973
1,40.973
1,41.0404
1,41.1751
1,41.0404
1,41.0067
1,41.0741
1,40.973
1,41.0404
1,41.1414
1,41.1751
1,41.1078
1,41.0404
1,40.973
1,41.0404
1,40.973
1,40.973
1,41.1078
1,41.1751
1,41.1414
1,41.1078
1,41.1751
1,41.1078
1,41.0404
1,40.973
1,40.973
1,40.973
1,40.9055
1,40.973
1,40.9055
1,40.8718
1,40.973
1,40.8381
1,40.9392
1,41.3771
1,41.1078
1,40.8381
1,40.9055
1,40.973
1,40.9392
1,40.9392
1,40.973
1,40.973
1,40.9055
1,40.8043
1,40.9055
1,40.973
1,41.1751
1,41.2088
1,41.1078
1,41.1078
1,40.973
1,41.0404
1,40.9055
1,40.9055
1,41.0404
1,41.1078
1,41.0067
1,40.973
1,40.8381
1,40.8043
1,40.7706
1,40.7368
1,40.7031
1,40.8043
1,40.8043
1,40.7706
1,40.7706
1,40.6693
1,40.6693
1,40.7031
1,40.7368
1,40.7706
1,40.7706
1,40.8381
1,40.7031
1,40.6693
1,40.6693
1,40.6355
1,40.7031
1,40.7031
1,40.8043
1,40.7031
1,40.6693
1,40.6355
1,40.6018
1,40.6355
1,40.6693
1,40.8043
1,40.7706
1,40.7706
1,40.7031
1,40.7031
1,40.6693
1,40.7031
1,40.6693
1,40.6693
1,40.7031
1,40.7031
1,40.6693
1,40.6355
1,40.6355
1,40.6018
1,40.6355
1,40.6355
1,40.7031
1,40.7031
1,40.7706
1,40.7031
1,40.7031
1,40.568
1,41.0404
1,41.1751
1,41.2088
1,41.2425
1,41.1078
1,41.0067
1,40.9392
1,40.9055
1,40.9055
1,40.9055
1,40.9055
1,40.9055
1,40.9055
1,40.9055
1,41.1414
1,40.7368
1,40.7706
1,40.8043
1,40.8043
1,40.8381
1,40.8381
1,40.8718
1,40.8718
1,40.8381
1,40.8043
1,40.8718
1,40.8381
1,40.9055
1,40.9055
1,40.9055
1,40.9055
1,40.9392
1,40.9392
1,40.8718
1,40.7706
1,40.7706
1,40.973
1,41.1414
1,41.0404
1,40.973
1,40.973
1,40.9055
1,40.7368
1,40.8043
1,40.8043
1,40.8381
1,40.9055
1,40.9055
1,40.9392
1,40.8718
1,40.9055
1,41.0067
1,41.0404
1,41.1078
1,41.1751
1,41.2761
1,41.2425
1,41.2425
1,41.2761
1,41.2761
1,41.2425
1,41.1078
1,41.1078
1,41.1414
1,41.3098
1,41.3771
1,41.2425
1,41.2088
1,41.4108
1,41.2425
1,41.2425
1,41.2425
1,41.2425
1,41.3435
1,41.4444
1,41.4444
1,41.4444
1,41.4444
1,41.4108
1,41.5116
1,41.5453
1,41.5789
1,41.4444
1,41.3771
1,41.4108
1,41.1751
1,41.1751
1,41.2425
1,41.3098
1,41.2761
1,41.2761
1,41.3435
1,41.3771
1,41.5116
1,41.5116
1,41.5116
1,41.5116
1,41.5789
1,41.6125
1,41.6797
1,41.6125
1,41.6461
1,41.6797
1,41.6461
1,41.7133
1,41.6797
1,41.6125
1,41.6461
1,41.7133
1,41.5789
1,41.5789
1,41.5116
1,41.4108
1,41.5789
1,41.5789
1,41.5789
1,41.5453
1,41.6461
1,41.7805
1,41.7133
1,41.7805
1,41.8476
1,41.7469
1,41.7805
1,41.7469
1,41.814
1,41.814
1,41.8476
1,41.9147
1,41.8812
1,41.814
1,41.8476
1,41.814
1,41.8812
1,41.814
1,41.814
1,41.6461
1,41.7133
1,41.8476
1,41.9147
1,41.9483
1,41.9483
1,41.9818
1,41.9818
1,42.0154
1,41.9818
1,41.9147
1,41.9483
1,41.9818
1,41.9483
1,41.9483
1,41.9147
1,42.0154
1,41.9483
1,41.9147
1,41.8476
1,41.8812
1,41.8476
1,41.8812
1,41.814
1,41.8476
1,41.8476
1,41.8476
1,41.8476
1,41.9147
1,41.7133
1,41.7805
1,41.7805
1,41.7805
1,41.8476
1,41.9147
1,41.9147
1,42.0154
1,41.9818
1,41.9147
1,41.9147
1,41.9818
1,41.8812
1,41.9818
1,41.9818
1,42.0489
1,42.0154
1,41.9147
1,42.0489
1,42.0154
1,41.9818
1,41.9818
1,41.9483
1,41.8476
1,42.0489
1,42.0824
1,42.116
1,42.116
1,42.1495
1,42.183
1,42.116
1,42.1495
1,42.1495
1,42.116
1,42.183
1,42.183
1,42.116
1,42.0489
1,42.0824
1,42.116
1,42.116
1,42.183
1,42.183
1,42.116
1,42.116
1,42.116
1,42.116
1,42.116
1,42.183
1,42.183
1,42.183
1,42.25
1,42.25
1,42.25
1,42.25
1,42.25
1,42.25
1,42.1495
1,42.2835
1,42.25
1,42.25
1,42.183
1,42.183
1,42.25
1,42.183
1,42.2165
1,42.25
1,42.25
1,42.2835
1,42.25
1,42.2835
1,42.317
1,42.2835
1,42.317
1,42.3505
1,42.317
1,42.2835
1,42.2835
1,42.317
1,42.384
1,42.317
1,42.3505
1,42.3505
1,42.317
1,42.317
1,42.3505
1,42.317
1,42.3505
1,42.384
1,42.384
1,42.3505
1,42.384
1,42.384
1,42.384
1,42.384
1,42.317
1,42.2835
1,42.317
1,42.384
1,42.317
1,42.4174
1,42.384
1,42.317
1,42.384
1,42.384
1,42.4844
1,42.4509
1,42.4509
1,42.4844
1,42.5178
1,42.5178
1,42.5178
1,42.5513
1,42.5513
1,42.5178
1,42.5178
1,42.4509
1,42.5178
1,42.4509
1,42.4509
1,42.5513
1,42.5178
1,42.384
1,42.4509
1,42.384
1,42.4509
1,42.4174
1,42.4509
1,42.4844
1,42.4844
1,42.5178
1,42.4844
1,42.4844
1,42.5847
1,42.5178
1,42.5513
1,42.5178
1,42.5513
1,42.5513
1,42.5178
1,42.5847
1,42.5178
1,42.5513
1,42.5178
1,42.5513
1,42.5178
1,42.384
1,42.5178
1,42.4509
1,42.5513
1,42.4509
1,42.5178
1,42.5178
1,42.5178
1,42.5513
1,42.5178
1,42.5178
1,42.5178
1,42.4844
1,42.5178
1,42.4844
1,42.4509
1,42.4174
1,42.4174
1,42.4509
1,42.4509
1,42.4844
1,42.5178
1,42.4509
1,42.4509
1,42.5178
1,42.4174
1,42.3505
1,42.4174
1,42.4509
1,42.4509
1,42.4509
1,42.4174
1,42.4509
1,42.4509
1,42.4174
1,42.4509
1,42.4509
1,42.384
1,42.384
1,42.384
1,42.384
1,42.4174
1,42.4174
1,42.4509
1,42.4844
1,42.5178
1,42.5847
1,42.5178
1,42.5513
1,42.5847
1,42.6182
1,42.5847
1,42.5513
1,42.5847
1,42.5178
1,42.5847
1,42.5513
1,42.5513
1,42.5513
1,42.5513
1,42.5513
1,42.5847
1,42.5847
1,42.5847
1,42.6516
1,42.6516
1,42.5847
1,42.5847
1,42.5847
1,42.6516
1,42.6182
1,42.5847
1,42.6516
1,42.5847
1,42.5847
1,42.5847
1,42.5847
1,42.6516
1,42.6516
1,42.6516
1,42.6516
1,42.5847
1,42.6516
1,42.6182
1,42.5847
1,42.6516
1,42.6516
1,42.6516
1,42.6516
1,42.685
1,42.7519
1,42.7185
1,42.7185
1,42.7185
1,42.7185
1,42.7185
1,42.7185
1,42.685
1,42.685
1,42.7185
1,42.7185
1,42.7185
1,42.7519
1,42.7185
1,42.7853
1,42.7185
1,42.7185
1,42.7185
1,42.7185
1,42.6516
1,42.7185
1,42.7185
1,42.7185
1,42.7853
1,42.7185
1,42.685
1,42.685
1,42.7185
1,42.7185
1,42.685
1,42.685
1,42.685
1,42.7185
1,42.685
1,42.7185
1,42.685
1,42.685
1,42.685
1,42.6516
1,42.6516
1,42.685
1,42.7185
1,42.7185
1,42.6516
1,42.685
1,42.6516
1,42.685
1,42.685
1,42.685
1,42.7185
1,42.7519
1,42.7519
1,42.7185
1,42.7853
1,42.7185
1,42.7519
1,42.7185
1,42.7519
1,42.7853
1,42.7519
1,42.7185
1,42.7185
1,42.7853
1,42.7853
1,42.7853
1,42.7185
1,42.7185
1,42.7185
1,42.7519
1,42.7519
1,42.7853
1,42.7519
1,42.7853
1,42.7853
1,42.7853
1,42.7519
1,42.7853
1,42.7853
1,42.7519
1,42.7519
1,42.7853
1,42.7853
1,42.7185
1,42.9189
1,42.8855
1,42.8521
1,42.8521
1,42.7853
1,42.8521
1,42.7853
1,42.8521
1,42.8521
1,42.7853
1,42.8187
1,42.7853
1,42.8521
1,42.8855
1,42.8521
1,42.8187
1,42.8187
1,42.8521
1,42.8521
1,42.8521
1,42.9189
1,42.9189
1,42.9189
1,42.7853
1,42.9189
1,42.9523
1,42.8521
1,42.8855
1,42.9189
1,42.9189
1,42.9189
1,42.9523
1,42.8855
1,42.9189
1,42.9189
1,42.9189
1,42.9856
1,42.9856
1,42.9523
1,42.9523
1,42.8855
1,42.9189
1,42.9523
1,42.9189
1,42.9856
1,42.9856
1,42.9856
1,42.9856
1,42.9856
1,42.9856
1,43.019
1,42.9856
1,42.9856
1,42.9856
1,43.0524
1,43.019
1,43.0524
1,43.0524
1,43.019
1,43.0524
1,43.0524
1,43.1191
1,43.0858
1,43.0524
1,43.0858
1,43.1525
1,43.0858
1,43.0524
1,43.0858
1,43.0858
1,43.0858
1,43.1525
1,43.1191
1,43.1191
1,43.0858
1,43.1191
1,43.1525
1,43.1525
1,43.1191
1,43.1191
1,43.1525
1,43.1525
1,43.1858
1,43.1525
1,43.1858
1,43.2191
1,43.2525
1,43.2525
1,43.1858
1,43.1858
1,43.1858
1,43.1858
1,43.1525
1,43.1858
1,43.1525
1,43.2191
1,43.1525
1,43.1525
1,43.1858
1,43.1858
1,43.2191
1,43.1191
1,43.2191
1,43.2191
1,43.2525
1,43.1525
1,43.2525
1,43.2858
1,43.2191
1,43.2525
1,43.2858
1,43.2858
1,43.2858
1,43.3191
1,43.2858
1,43.3191
1,43.3191
1,43.2858
1,43.3191
1,43.2858
1,43.2525
1,43.2858
1,43.2525
1,43.2525
1,43.1858
1,43.2525
1,43.1858
1,43.2525
1,43.2525
1,43.2525
1,43.3191
1,43.2858
1,43.2858
1,43.3191
1,43.3858
1,43.3858
1,43.2858
1,43.3191
1,43.2858
1,43.3525
1,43.3858
1,43.3525
1,43.3858
1,43.3525
1,43.3858
1,43.3858
1,43.3525
1,43.4191
1,43.3858
1,43.3858
1,43.3858
1,43.3525
1,43.3525
1,43.3525
1,43.3525
1,43.3191
1,43.3525
1,43.3191
1,43.3858
1,43.2525
1,43.3191
1,43.3191
1,43.2525
1,43.3191
1,43.2858
1,43.3525
1,43.3858
1,43.3858
1,43.3191
1,43.3191
1,43.3191
1,43.3191
1,43.2858
1,43.2858
1,43.2858
1,43.2525
1,43.3191
1,43.3191
1,43.3191
1,43.3191
1,43.2858
1,43.3191
1,43.3191
1,43.3525
1,43.3191
1,43.3191
1,43.2858
1,43.3191
1,43.2858
1,43.2525
1,43.1858
1,43.2191
1,43.2191
1,43.2191
1,43.2191
1,43.2191
1,43.1858
1,43.2525
1,43.2525
1,43.2525
1,43.2191
1,43.2191
1,43.1858
1,43.1858
1,43.2525
1,43.2191
1,43.1858
1,43.1191
1,43.1858
1,43.1191
1,43.1191
1,43.1191
1,43.0524
1,43.0524
1,43.1191
1,43.1191
1,43.0858
1,43.0858
1,43.0858
1,43.0524
1,42.9856
1,42.8521
1,42.9189
1,42.9189
1,42.7853
1,42.9523
1,42.9189
1,42.9523
1,42.9523
1,42.8855
1,42.8521
1,42.9189
1,42.8855
1,42.8521
1,42.8521
1,42.6516
1,42.7185
1,42.7519
1,42.7519
1,42.7519
1,42.6516
1,42.5847
1,42.5513
1,42.4174
1,42.4844
1,42.4509
1,43.4191
1,43.5855
1,43.6521
1,43.6521
1,43.7851
1,43.7186
1,43.6521
1,43.6521
1,43.7186
1,43.7186
1,43.6853
1,43.6521
1,43.6521
1,43.6521
1,43.5855
1,43.519
1,43.4857
1,43.3858
1,43.2191
1,43.1191
1,43.0524
1,43.0524
1,42.8521
1,42.7853
1,42.7853
1,42.685
1,42.6516
1,42.5847
1,42.5513
1,42.384
1,42.2835
1,42.2165
1,41.8476
1,41.814
1,41.7133
1,41.5789
1,41.4108
1,41.4444
1,41.3435
1,41.3098
1,41.1751
1,41.2761
1,41.2088
1,41.1751
1,41.1078
1,41.1751
1,41.0404
1,41.0404
1,40.9392
1,40.9055
1,40.9055
1,40.8043
1,40.7368
1,40.6018
1,40.568
1,40.399
1,40.3652
1,40.2976
1,40.1622
1,40.1284
1,40.0607
1,39.9591
1,39.8913
1,39.8235
1,39.8235
1,39.7557
1,39.6878
1,39.6878
1,39.5521
1,39.62
1,39.5521
1,39.5521
1,39.4842
1,39.4162
1,39.4842
1,39.3483
1,39.3143
1,39.2123
1,39.0763
1,39.1103
1,39.0763
1,38.8379
1,38.8039
1,38.7698
1,38.8039
1,38.7357
1,38.497
1,38.497
1,38.3263
1,38.1555
1,38.258
1,38.1897
1,38.1897
1,38.0871
1,38.0871
1,38.1213
1,37.9845
1,37.9161
1,37.6765
1,37.8477
1,37.8477
1,37.8477
1,37.745
1,37.8477
1,37.7107
1,37.5737
1,37.6079
1,37.2307
1,37.2993
1,37.0933
1,37.4365
1,37.4708
1,37.5737
1,37.5737
1,37.2307
1,37.5051
1,37.6079
1,37.745
1,37.8477
1,37.7792
1,37.8477
1,37.8477
1,37.8134
1,37.9503
1,38.0529
1,37.9845
1,37.9845
1,37.9161
1,37.9845
1,38.258
1,37.9845
1,38.3263
1,38.1555
1,38.0871
1,37.9845
1,37.9845
1,38.0187
1,37.8477
1,37.6422
1,37.7107
1,37.6422
1,37.5051
1,37.2307
1,37.2307
1,37.265
1,37.0933
1,37.059
1,36.8871
1,36.7495
1,36.8183
1,36.6807
1,36.6463
1,36.6807
1,36.5774
1,36.4396
1,36.3707
1,36.4052
1,36.2673
1,36.2328
1,36.2673
1,36.2328
1,36.1293
1,36.1293
1,36.0603
1,36.0603
1,35.9221
1,35.9221
1,35.853
1,35.8185
1,35.7839
1,35.7148
1,35.7148
1,35.7148
1,35.6802
1,35.7148
1,35.7148
1,35.6456
1,35.5764
1,35.5764
1,35.5072
1,35.5072
1,35.438
1,35.2648
1,35.2302
1,35.1609
1,35.1609
1,35.1609
1,35.0915
1,35.0222
1,35.0222
1,35.0222
1,34.9875
1,35.0915
1,35.0568
1,34.8834
1,34.8834
1,34.9181
1,34.8139
1,34.6055
1,34.6055
1,34.536
1,34.536
1,34.536
1,34.536
1,34.536
1,34.536
1,34.536
1,34.536
1,34.536
1,34.536
1,34.5012
1,34.3969
1,34.4664
1,34.536
1,34.4317
1,34.3273
1,34.3969
1,34.3969
1,34.3969
1,34.3273
1,34.3273
1,34.3621
1,34.2925
1,34.2229
1,34.2229
1,34.188
1,34.188
1,34.188
1,34.1532
1,34.188
1,34.1184
1,34.0487
1,34.0487
1,33.979
1,33.979
1,33.979
1,33.979
1,33.9442
1,33.979
1,33.9442
1,33.9093
1,34.0139
1,33.9442
1,33.979
1,33.9093
1,33.8396
1,33.7698
1,33.8396
1,33.7698
1,33.7698
1,33.8047
1,33.7698
1,33.7698
1,33.7698
1,33.7698
1,33.7
1,33.7
1,33.7
1,33.6302
1,33.6302
1,33.6302
1,33.5953
1,33.5953
1,33.5604
1,33.5604
1,33.5953
1,33.5953
1,33.5604
1,33.5254
1,33.4556
1,33.4905
1,33.4556
1,33.4206
1,33.4206
1,33.4905
1,33.4905
1,33.4556
1,33.4206
1,33.4206
1,33.3507
1,33.2808
1,33.2108
1,33.2108
1,33.2108
1,33.1759
1,33.1409
1,33.1409
1,33.0709
1,33.0009
1,33.0009
1,32.9308
1,32.9659
1,32.9308
1,32.9659
1,32.9308
1,32.9308
1,32.9308
1,32.8608
1,32.7907
1,32.7557
1,32.6855
1,32.6855
1,32.6505
1,32.6505
1,32.5452
1,32.5803
1,32.6154
1,32.5803
1,32.5803
1,32.5803
1,32.5803
1,32.5452
1,32.5102
1,32.3346
1,32.44
1,32.4049
1,32.3698
1,32.44
1,32.2995
1,32.1941
1,32.2995
1,32.2293
1,32.2644
1,32.2293
1,32.2293
1,32.159
1,32.159
1,32.159
1,32.159
1,32.1238
1,32.0887
1,32.1238
1,32.159
1,32.0887
1,32.159
1,32.0887
1,32.0183
1,31.8424
1,31.8776
1,31.8424
1,31.8424
1,31.8072
1,31.8072
1,31.8072
1,31.8776
1,31.8072
1,31.6664
1,31.5959
1,31.6312
1,31.5959
1,31.5959
1,31.5254
1,31.5959
1,31.5254
1,31.5254
1,31.5959
1,31.6312
1,31.5607
1,31.5959
1,31.5254
1,31.5254
1,31.3844
1,31.3139
1,31.3139
1,31.1727
1,31.2433
1,31.2786
1,31.2433
1,31.2433
1,31.2433
1,31.2433
1,31.3139
1,31.3139
1,31.3844
1,31.3491
1,31.3491
1,31.4197
1,31.4549
1,31.4902
1,31.4549
1,31.4549
1,31.3844
1,31.3844
1,31.3844
1,31.3844
1,31.3139
1,31.3139
1,31.3139
1,31.2433
1,31.2433
1,31.1374
1,31.1021
1,31.1021
1,31.2433
1,31.2433
1,31.2786
1,31.1727
1,31.1727
1,31.1727
1,31.1374
1,31.1374
1,31.3844
1,31.3139
1,31.4549
1,31.4549
1,31.1727
1,31.1727
1,31.1727
1,31.1727
1,31.1021
1,31.1374
1,31.1727
1,31.1727
1,31.1727
1,31.1727
1,31.1374
1,31.0314
1,30.9608
1,30.9254
1,30.9608
1,30.9608
1,31.0314
1,31.1021
1,31.2433
1,31.2433
1,31.1727
1,31.1021
1,31.1727
1,31.1021
1,30.9961
1,31.0314
1,30.9608
1,30.9254
1,30.9608
1,30.9608
1,31.1727
1,30.9961
1,30.9608
1,30.8901
1,30.8901
1,30.9254
1,30.8901
1,30.9608
1,30.9608
1,31.0314
1,31.0314
1,30.9608
1,30.8901
1,30.9608
1,30.9608
1,30.9608
1,30.9608
1,30.9961
1,31.0314
1,31.0314
1,31.0314
1,31.1021
1,30.9961
1,31.0314
1,31.0667
1,31.0314
1,31.0667
1,31.1727
1,31.1021
1,31.1021
1,31.1727
1,31.208
1,31.208
1,31.208
1,31.1727
1,31.1727
1,31.1021
1,31.1374
1,31.1727
1,31.1727
1,31.1021
1,31.0667
1,31.0314
1,30.8901
1,30.8901
1,30.8901
1,30.8547
1,30.8901
1,30.9254
1,30.9961
1,31.1021
1,31.0667
1,31.0667
1,31.0314
1,31.1021
1,30.9961
1,31.1021
1,31.1021
1,31.208
1,31.1727
1,31.2433
1,31.1021
1,31.1374
1,31.1021
1,31.1021
1,31.0667
1,31.0314
1,30.9254
1,30.8901
1,30.9608
1,31.0314
1,31.1374
1,31.1727
1,31.2433
1,31.2433
1,31.2433
1,31.2433
1,31.3844
1,31.3139
1,31.2786
1,31.3139
1,31.2786
1,31.3139
1,31.3139
1,31.2786
1,31.5254
1,31.5959
1,31.5959
1,31.7016
1,31.7368
1,31.8776
1,31.8776
1,31.948
1,31.948
1,31.9832
1,32.0183
1,32.0183
1,31.948
1,32.0183
1,32.1238
1,32.159
1,32.159
1,32.0887
1,32.0887
1,32.0535
1,32.1238
1,32.0887
1,32.0887
1,32.0887
1,32.159
1,32.1941
1,32.2293
1,32.2293
1,32.2293
1,32.2995
1,32.3698
1,32.4751
1,32.5102
1,32.6154
1,32.5452
1,32.5102
1,32.5102
1,32.4751
1,32.44
1,32.5102
1,32.44
1,32.44
1,32.4049
1,32.4049
1,32.3698
1,32.44
1,32.3698
1,32.3346
1,32.3698
1,32.44
1,32.5803
1,32.5102
1,32.5452
1,32.6855
1,32.7206
1,32.7907
1,32.7557
1,32.7907
1,32.7206
1,32.6855
1,32.6154
1,32.5803
1,32.5803
1,32.7907
1,33.0009
1,33.1409
1,33.3507
1,33.2458
1,33.4206
1,33.5254
1,33.4206
1,33.4905
1,33.4206
1,33.3507
1,33.3507
1,33.4206
1,33.2808
1,33.2808
1,33.2808
1,33.2808
1,33.4206
1,33.4905
1,33.4905
1,33.5604
1,33.4206
1,33.2808
1,33.2108
1,33.1409
1,33.0009
1,33.0009
1,33.0009
1,33.0709
1,33.1409
1,32.9308
1,32.9659
1,32.9308
1,32.8608
1,32.8608
1,32.7206
1,32.7206
1,32.8608
1,32.8608
1,32.8608
1,32.7907
1,32.8257
1,32.9308
1,33.1759
1,33.2458
1,33.3158
1,33.3507
1,33.3857
1,33.4206
1,33.4556
1,33.4905
1,33.4905
1,33.4206
1,33.5604
1,33.4905
1,33.4556
1,33.6302
1,33.6302
1,33.6302
1,33.7
1,33.6302
1,33.5254
1,33.5604
1,33.5604
1,33.5604
1,33.5604
1,33.5604
1,33.6302
1,33.5604
1,33.5604
1,33.6302
1,33.5953
1,33.6651
1,33.6302
1,33.8047
1,33.7698
1,33.8396
1,33.9093
1,33.8396
1,33.8396
1,33.979
1,34.0487
1,33.979
1,34.0487
1,33.9093
1,34.2577
1,34.0487
1,33.8396
1,33.9093
1,33.9093
1,33.9093
1,33.979
1,33.979
1,34.0487
1,33.9093
1,33.8396
1,33.979
1,33.8396
1,33.9093
1,33.979
1,34.0487
1,34.0836
1,34.1184
1,34.2925
1,34.188
1,34.188
1,34.188
1,34.188
1,34.2577
1,34.0487
1,34.1184
1,34.0836
1,34.188
1,34.1532
1,33.9442
1,34.0487
1,33.979
1,34.0836
1,34.188
1,34.188
1,34.2577
1,34.188
1,34.188
1,34.2229
1,34.3969
1,34.3969
1,34.3273
1,34.3969
1,34.536
1,34.6055
1,34.6055
1,34.7445
1,34.7445
1,34.7445
1,34.7792
1,34.7792
1,34.8834
1,34.8139
1,34.8139
1,34.8139
1,34.8139
1,34.7792
1,34.8834
1,34.7445
1,34.8139
1,34.8139
1,34.675
1,34.7792
1,34.8139
1,34.8834
1,34.8487
1,35.0222
1,34.8834
1,34.9875
1,34.9181
1,34.8834
1,34.9528
1,35.0222
1,35.0222
1,35.0915
1,35.1609
1,35.2302
1,35.1955
1,35.2995
1,35.2995
1,35.2302
1,35.1609
1,35.2302
1,35.2302
1,35.2995
1,35.2302
1,35.2648
1,35.2302
1,35.2302
1,35.2995
1,35.2648
1,35.2302
1,35.2648
1,35.2302
1,35.2648
1,35.2648
1,35.2995
1,35.2995
1,35.3687
1,35.2995
1,35.3687
1,35.3687
1,35.5072
1,35.438
1,35.438
1,35.438
1,35.5764
1,35.438
1,35.5072
1,35.5072
1,35.5072
1,35.5764
1,35.5764
1,35.4726
1,35.5418
1,35.6456
1,35.611
1,35.7148
1,35.6456
1,35.7148
1,35.7148
1,35.6802
1,35.7148
1,35.7494
1,35.7839
1,35.8185
1,35.853
1,35.8185
1,35.8185
1,35.853
1,35.853
1,35.7839
1,35.7839
1,35.853
1,35.8185
1,35.7839
1,35.7839
1,35.9221
1,35.9221
1,35.9912
1,36.0603
1,36.0603
1,36.1293
1,36.1293
1,36.1983
1,36.2328
1,36.2328
1,36.2328
1,36.2328
1,36.2673
1,36.1983
1,36.4052
1,36.3362
1,36.3362
1,36.3362
1,36.3362
1,36.4741
1,36.6118
1,36.543
1,36.6118
1,36.6807
1,36.6118
1,36.543
1,36.6807
1,36.6807
1,36.7151
1,36.7495
1,36.7495
1,36.7839
1,36.8183
1,37.0246
1,37.0933
1,37.162
1,37.162
1,37.162
1,37.2307
1,37.2307
1,37.265
1,37.3336
1,37.4365
1,37.4365
1,37.4365
1,37.4708
1,37.5051
1,37.4365
1,37.4022
1,37.4708
1,37.5051
1,37.5051
1,37.5737
1,37.5394
1,37.6422
1,37.7107
1,37.6422
1,37.7792
1,37.745
1,37.8477
1,37.8819
1,37.9161
1,37.8819
1,37.9161
1,37.8134
1,37.9161
1,37.9845
1,37.9845
1,38.0187
1,38.0529
1,38.0529
1,38.0187
1,38.0529
1,38.0529
1,38.0529
1,38.0529
1,38.1213
1,38.1213
1,38.1213
1,38.1213
1,38.1555
1,38.1897
1,38.1897
1,38.1897
1,38.2239
1,38.258
1,38.258
1,38.258
1,38.258
1,38.258
1,38.2922
1,38.3263
1,38.3263
1,38.3263
1,38.3605
1,38.3946
1,38.3946
1,38.4287
1,38.3946
1,38.4287
1,38.4629
1,38.5311
1,38.5652
1,38.5993
1,38.5993
1,38.5993
1,38.6675
1,38.6675
1,38.6675
1,38.6675
1,38.6675
1,38.7016
1,38.6675
1,38.7016
1,38.7357
1,38.8039
1,38.872
1,38.8379
1,38.872
1,38.8379
1,38.872
1,38.9061
1,38.9061
1,38.9401
1,38.9401
1,38.9401
1,38.9401
1,39.0082
1,38.9401
1,38.872
1,38.9401
1,39.0082
1,39.0422
1,39.0082
1,39.0422
1,39.0763
1,39.0082
1,39.0082
1,39.0763
1,39.0422
1,39.0763
1,39.0763
1,39.0763
1,39.0763
1,39.0763
1,39.0763
1,39.0763
1,39.0763
1,39.0082
1,38.872
1,39.0763
1,39.1443
1,39.2123
1,39.2123
1,39.2123
1,39.2123
1,39.2463
1,39.0082
1,38.9401
1,38.872
1,38.8039
1,38.872
1,38.9061
1,39.0082
1,39.0763
1,39.0763
1,39.1443
1,39.0082
1,39.0082
1,38.872
1,38.872
1,39.0422
1,39.1443
1,39.2123
1,39.3483
1,39.4162
1,39.4162
1,39.3823
1,39.4162
1,39.2803
1,39.0763
1,39.0763
1,39.2463
1,39.3483
1,39.3823
1,39.2123
1,39.2463
1,39.2123
1,39.2123
1,39.3823
1,39.2803
1,39.3823
1,39.5521
1,39.4162
1,39.4162
1,39.2123
1,39.3143
1,39.2803
1,39.5521
1,39.586
1,39.5521
1,39.5521
1,39.4502
1,39.2123
1,39.2123
1,39.2803
1,39.2803
1,39.5181
1,39.4842
1,39.5181
1,39.4502
1,39.4162
1,39.4162
1,39.3483
1,39.3483
1,39.2803
1,39.2803
1,39.3483
1,39.3483
1,39.4842
1,39.5181
1,39.5521
1,39.3483
1,39.4162
1,39.7557
1,39.7217
1,39.62
1,39.6878
1,39.6878
1,39.62
1,39.5521
1,39.4162
1,39.4502
1,39.3823
1,39.4162
1,39.4502
1,39.4842
1,39.5521
1,39.5521
1,39.5521
1,39.4842
1,39.5181
1,39.5521
1,39.6539
1,39.586
1,39.62
1,39.5181
1,39.5521
1,39.5521
1,39.5521
1,39.6878
1,39.6878
1,39.6878
1,39.7557
1,39.6878
1,39.4842
1,39.5521
1,39.4842
1,39.4842
1,39.5521
1,39.5521
1,39.5521
1,39.5521
1,39.5521
1,39.5521
1,39.5521
1,39.5521
1,39.5521
1,39.62
1,39.62
1,39.586
1,39.586
1,39.62
1,39.7557
1,39.7557
1,39.6878
1,39.6539
1,39.6878
1,39.7217
1,39.6878
1,39.8235
1,39.8235
1,39.8235
1,39.8574
1,39.7896
1,39.7557
1,39.6539
1,39.6878
1,39.62
1,39.6878
1,39.6878
1,39.6878
1,39.6878
1,39.6539
1,39.6878
1,39.7557
1,39.7557
1,39.6878
1,39.62
1,39.6878
1,39.6878
1,39.62
1,39.7217
1,39.7896
1,39.7896
1,39.6878
1,39.6878
1,39.6878
1,39.7557
1,39.7557
1,39.8235
1,39.8574
1,39.9591
1,39.9591
1,39.9252
1,39.7896
1,39.6878
1,39.7557
1,39.7557
1,39.9252
1,40.2299
1,40.2976
1,40.1961
1,40.0268
1,40.0607
1,39.8913
1,39.8913
1,40.0268
1,40.0268
1,40.3314
1,40.4328
1,40.3652
1,40.4666
1,40.4328
1,40.4666
1,40.3652
1,39.9591
1,39.8235
1,39.8913
1,39.8913
1,40.0268
1,40.1622
1,40.3652
1,40.2299
1,40.1284
1,40.1284
1,39.9591
1,40.3652
1,40.1284
1,40.0945
1,40.5342
1,40.4666
1,40.4328
1,40.2976
1,40.2976
1,40.2976
1,40.2299
1,40.0268
1,40.2299
1,40.3314
1,40.0945
1,40.1622
1,40.2299
1,40.0268
1,40.0268
1,40.1961
1,40.2299
1,40.1622
1,40.1961
1,40.4328
1,40.2299
1,40.1622
1,40.1622
1,40.4328
1,40.2299
1,40.2638
1,40.1961
1,40.2976
1,40.2299
1,40.5004
1,40.2976
1,40.2976
1,40.1622
1,40.2299
1,40.1961
1,40.2299
1,40.1961
1,40.1961
1,40.3652
1,40.2976
1,40.2299
1,40.0945
1,39.9929
1,40.0945
1,40.0607
1,40.0945
1,40.2299
1,40.2976
1,40.2299
1,40.3314
1,40.399
1,40.1622
1,40.1622
1,39.9929
1,40.0268
1,40.1622
1,40.2638
1,40.1622
1,40.1284
1,40.0945
1,40.2976
1,40.1622
1,40.2976
1,40.1622
1,40.1622
1,40.1284
1,40.0945
1,40.0945
1,40.1622
1,40.1622
1,40.1284
1,40.0945
1,40.0945
1,40.0268
1,40.0607
1,40.0607
1,40.0945
1,40.0945
1,40.1284
1,40.1284
1,40.0945
1,40.1284
1,40.0945
1,40.0945
1,40.0945
1,40.0268
1,40.0268
1,40.0945
1,40.1622
1,40.1284
1,40.1622
1,40.2299
1,40.1961
1,40.2299
1,40.1961
1,40.1622
1,40.1622
1,40.2299
1,40.2299
1,40.2299
1,40.2976
1,40.3314
1,40.2976
1,40.1961
1,40.2299
1,40.1961
1,40.1622
1,40.1622
1,40.1622
1,40.1622
1,40.2299
1,40.2976
1,40.2976
1,40.3314
1,40.2976
1,40.2976
1,40.2976
1,40.2638
1,40.2299
1,40.2638
1,40.2976
1,40.2976
1,40.3652
1,40.399
1,40.399
1,40.3314
1,40.2976
1,40.2299
1,40.2299
1,40.2299
1,40.1961
1,40.2299
1,40.2976
1,40.2638
1,40.3314
1,40.3652
1,40.3652
1,40.3314
1,40.2638
1,40.2299
1,40.2976
1,40.2976
1,40.2976
1,40.3652
1,40.399
1,40.2976
1,40.3652
1,40.5004
1,40.399
1,40.399
1,40.4328
1,40.3652
1,40.5004
1,40.4666
1,40.399
1,40.399
1,40.3652
1,40.399
1,40.399
1,40.4666
1,40.5342
1,40.4666
1,40.4328
1,40.4666
1,40.4666
1,40.5004
1,40.4328
1,40.4328
1,40.5004
1,40.4328
1,40.5004
1,40.5004
1,40.6355
1,40.568
1,40.6693
1,40.5342
1,40.5342
1,40.5004
1,40.5004
1,40.5004
1,40.6018
1,40.6355
1,40.6693
1,40.568
1,40.6018
1,40.4328
1,40.568
1,40.4666
1,40.5342
1,40.5004
1,40.5342
1,40.6018
1,40.6018
1,40.6693
1,40.6693
1,40.6693
1,40.6355
1,40.7031
1,40.6693
1,40.6355
1,40.6693
1,40.7368
1,40.6355
1,40.7031
1,40.7031
1,40.5342
1,40.568
1,40.568
1,40.6355
1,40.6018
1,40.6355
1,40.7031
1,40.6693
1,40.7031
1,40.7031
1,40.7031
1,40.7368
1,40.6018
1,40.6355
1,40.6355
1,40.7706
1,40.6355
1,40.7368
1,40.7706
1,40.7368
1,40.9055
1,40.7031
1,40.7031
1,40.7031
1,40.7368
1,40.7031
1,40.7031
1,40.7031
1,40.7031
1,40.7031
1,40.7031
1,40.7031
1,40.7031
1,40.7706
1,40.7031
1,40.6355
1,40.8381
1,40.8381
1,40.7706
1,40.8043
1,40.8381
1,40.9055
1,40.7031
1,40.9392
1,40.7706
1,40.8381
1,40.7031
1,40.8381
1,40.8381
1,40.9055
1,40.8381
1,40.8718
1,40.8718
1,40.8718
1,40.8718
1,40.8381
1,40.7706
1,40.7031
1,40.7706
1,40.7706
1,40.8381
1,40.8718
1,40.8381
1,40.8718
1,40.8718
1,40.8381
1,40.9055
1,40.9055
1,40.8381
1,40.8381
1,40.7706
1,40.7706
1,40.9055
1,40.8381
1,40.8381
1,40.9055
1,40.8718
1,40.9055
1,40.9055
1,40.9055
1,40.9055
1,40.7368
1,40.8043
1,40.7706
1,40.8381
1,40.8381
1,40.8718
1,40.8043
1,40.8381
1,40.8381
1,40.8381
1,40.6355
1,40.7031
1,40.7031
1,40.7706
1,40.8381
1,40.8381
1,40.9055
1,40.8381
1,40.8381
1,40.8381
1,40.7706
1,40.7031
1,40.7706
1,40.7706
1,40.8381
1,40.8718
1,40.8381
1,40.8381
1,40.8043
1,40.9055
1,40.9055
1,40.7031
1,40.8043
1,40.8381
1,40.8381
1,40.8381
1,40.7706
1,40.7706
1,40.7706
1,40.7706
1,40.7031
1,40.7031
1,40.7706
1,40.7706
1,40.8381
1,40.8381
1,40.7706
1,40.7706
1,40.8043
1,40.7706
1,40.7706
1,40.8043
1,40.8381
1,40.7706
1,40.7706
1,40.7031
1,40.6355
1,40.7368
1,40.7031
1,40.7706
1,40.7706
1,40.7368
1,40.7368
1,40.7706
1,40.7706
1,40.7031
1,40.8043
1,40.9055
1,40.8381
1,40.8381
1,40.7706
1,40.9055
1,40.8381
1,40.8043
1,40.8043
1,40.8043
1,40.8381
1,40.8043
1,40.7368
1,40.7031
1,40.7706
1,40.8043
1,40.8043
1,40.9055
1,40.8381
1,40.8043
1,40.7706
1,40.7368
1,40.7368
1,40.7031
1,40.973
1,40.9055
1,41.0067
1,40.8718
1,40.9055
1,40.9055
1,40.8043
1,40.8718
1,40.8718
1,40.9055
1,40.7706
1,40.7031
1,40.9055
1,40.9392
1,41.0404
1,41.0404
1,41.0067
1,41.0404
1,40.9392
1,40.973
1,41.0067
1,40.9392
1,41.0741
1,41.2761
1,41.2088
1,41.1751
1,41.2088
1,41.3435
1,41.2425
1,41.1078
1,40.9055
1,40.9055
1,40.9055
1,40.973
1,41.0404
1,41.0404
1,41.1751
1,41.0741
1,41.1078
1,41.3098
1,41.1078
1,41.0741
1,41.1078
1,41.2761
1,41.1751
1,41.2088
1,41.2761
1,41.1751
1,41.3771
1,41.1414
1,41.1414
1,41.2088
1,41.1078
1,41.3771
1,41.4444
1,41.4108
1,41.4444
1,41.1751
1,41.2761
1,41.1751
1,41.1078
1,41.1751
1,41.2761
1,41.1414
1,41.2425
1,41.4444
1,41.4108
1,41.2761
1,41.2761
1,41.4108
1,41.4108
1,41.2761
1,41.4108
1,41.3771
1,41.4108
1,41.1751
1,41.5116
1,41.4108
1,41.4108
1,41.2761
1,41.3098
1,41.2425
1,41.4444
1,41.1751
1,41.1078
1,41.0741
1,41.1078
1,41.3098
1,41.3771
1,41.2088
1,41.1751
1,41.2425
1,41.1078
1,41.1078
1,41.2425
1,41.3771
1,41.2425
1,41.3098
1,41.4108
1,41.4444
1,41.4108
1,41.3435
1,41.5116
1,41.3098
1,41.2425
1,41.3435
1,41.2425
1,41.1751
1,41.3771
1,41.2761
1,41.3098
1,41.2425
1,41.1078
1,41.1414
1,41.1414
1,41.1078
1,41.1751
1,41.1078
1,41.2088
1,41.0404
1,41.2425
1,41.2088
1,41.4108
1,41.2425
1,41.3098
1,41.3098
1,41.3771
1,41.3098
1,41.3435
1,41.5116
1,41.3771
1,41.1078
1,41.0404
1,41.1414
1,41.4444
1,41.3098
1,41.478
1,41.4108
1,41.3771
1,41.2425
1,41.4444
1,41.3098
1,41.1414
1,41.2088
1,41.2088
1,41.2425
1,41.2088
1,41.2761
1,41.3098
1,41.2761
1,41.1078
1,41.1751
1,41.1078
1,41.0404
1,41.1751
1,41.1751
1,41.2425
1,41.478
1,41.3435
1,41.3098
1,41.3098
1,41.1078
1,41.3771
1,41.2425
1,41.4444
1,41.4108
1,41.2425
1,41.5789
1,41.5116
1,41.5116
1,41.5116
1,41.6125
1,41.2425
1,41.3771
1,41.5116
1,41.2088
1,41.1751
1,41.2088
1,41.5116
1,41.2425
1,41.3098
1,41.5116
1,41.5789
1,41.5116
1,41.3771
1,41.3771
1,41.1751
1,41.3771
1,41.5453
1,41.4444
1,41.5116
1,41.5116
1,41.5789
1,41.5789
1,41.5453
1,41.6461
1,41.3771
1,41.5116
1,41.7133
1,41.5116
1,41.6797
1,41.6125
1,41.5789
1,41.5116
1,41.5116
1,41.4108
1,41.3435
1,41.5116
1,41.4444
1,41.3098
1,41.5453
1,41.4444
1,41.6797
1,41.5116
1,41.6125
1,41.5453
1,41.3435
1,41.3098
1,41.4444
1,41.6461
1,41.3771
1,41.4444
1,41.3771
1,41.3098
1,41.5453
1,41.5789
1,41.6461
1,41.5116
1,41.5116
1,41.5453
1,41.7133
1,41.7469
1,41.5116
1,41.6125
1,41.5116
1,41.5116
1,41.6797
1,41.6461
1,41.6125
1,41.7805
1,41.7469
1,41.4108
1,41.6797
1,41.7805
1,41.7469
1,41.7469
1,41.4444
1,41.5789
1,41.5116
1,41.5116
1,41.4108
1,41.7805
1,41.6461
1,41.7133
1,41.814
1,41.7133
1,41.7805
1,41.7469
1,41.7469
1,41.8476
1,41.9147
1,41.6461
1,41.8476
1,41.7805
1,41.7469
1,41.7805
1,41.7469
1,41.6125
1,41.7133
1,41.6461
1,41.5789
1,41.7133
1,41.478
1,41.5453
1,41.6125
1,41.7133
1,41.7805
1,41.7133
1,41.814
1,41.7469
1,41.7133
1,41.8476
1,41.9147
1,41.7805
1,41.8476
1,41.9147
1,41.8476
1,41.8476
1,41.9147
1,41.7469
1,41.9483
1,41.8476
1,41.7805
1,41.7133
1,41.6461
1,41.9147
1,41.7469
1,41.8476
1,41.814
1,41.5116
1,41.7133
1,41.8812
1,41.7805
1,41.8476
1,41.9483
1,41.9147
1,41.8476
1,41.7805
1,41.9147
1,41.9147
1,41.9147
1,41.9483
1,41.9147
1,41.8812
1,41.7805
1,41.9818
1,41.8476
1,41.9147
1,41.8476
1,41.814
1,41.6461
1,41.814
1,41.9147
1,42.0489
1,42.0154
1,41.6125
1,41.8476
1,41.814
1,41.9818
1,41.7805
1,41.9147
1,41.9818
1,42.0489
1,41.9818
1,41.9818
1,41.9818
1,41.814
1,41.9818
1,41.5789
1,42.0154
1,41.7805
1,42.0824
1,41.7133
1,42.0824
1,41.8812
1,42.0154
1,41.9147
1,42.0489
1,41.9818
1,42.116
1,42.0489
1,42.0489
1,42.0824
1,41.9483
1,42.116
1,42.0154
1,41.9147
1,41.9818
1,41.8476
1,41.9483
1,41.9818
1,42.0154
1,42.1495
1,42.0154
1,42.0489
1,42.116
1,42.0154
1,41.9147
1,42.0154
1,41.9818
1,42.0489
1,41.9818
1,42.0489
1,41.9818
1,42.0489
1,42.183
1,42.183
1,41.9818
1,42.0154
1,41.9483
1,42.0489
1,42.116
1,42.116
1,41.9483
1,42.116
1,42.0824
1,42.0489
1,42.0489
1,41.9818
1,42.0489
1,41.9147
1,41.9818
1,41.9818
1,42.116
1,42.0154
1,41.9147
1,41.9818
1,41.9818
1,42.183
1,41.8476
1,42.0154
1,41.9818
1,42.116
1,41.9818
1,42.116
1,42.116
1,41.9483
1,42.0489
1,42.116
1,41.9147
1,42.116
1,41.9818
1,42.116
1,42.25
1,42.183
1,42.183
1,41.9818
1,42.183
1,42.0154
1,42.0489
1,42.116
1,42.183
1,42.0489
1,42.0824
1,42.0489
1,42.116
1,42.116
1,42.116
1,42.0489
1,42.116
1,42.0489
1,42.1495
1,42.0489
1,42.1495
1,41.9818
1,42.183
1,42.183
1,42.183
1,42.2165
1,42.116
1,42.116
1,42.183
1,42.183
1,42.183
1,42.183
1,41.8476
1,42.0489
1,42.1495
1,42.183
1,42.1495
1,42.116
1,42.116
1,42.183
1,42.116
1,41.9818
1,42.1495
1,42.116
1,42.116
1,42.0824
1,42.2165
1,42.2165
1,41.8476
1,41.9818
1,42.183
1,42.0154
1,42.183
1,41.9818
1,42.0489
1,41.9147
1,42.0489
1,42.0489
1,42.0489
1,42.116
1,42.0154
1,42.0489
1,42.0489
1,42.0489
1,41.7805
1,41.8476
1,41.7469
1,41.9818
1,41.8476
1,41.9818
1,41.7805
1,41.7805
1,41.6461
1,41.9483
1,41.7805
1,41.5789
1,41.5116
1,41.7805
1,41.5789
1,41.4444
1,41.8812
1,41.9147
1,41.7805
1,41.6461
1,41.6797
1,41.5789
1,41.6461
1,41.7805
1,41.5453
1,41.3098
1,41.4444
1,41.5789
1,41.3771
1,41.5116
1,41.5789
1,41.6461
1,41.478
1,41.5116
1,41.5789
1,41.5116
1,41.5116
1,41.5789
1,41.4444
1,41.478
1,41.2425
1,41.4444
1,41.1751
1,41.478
1,41.478
1,41.3771
1,41.478
1,41.3771
1,41.5116
1,41.4444
1,41.3098
1,41.3771
1,41.1414
1,41.1078
1,41.1078
1,41.1078
1,41.1751
1,41.1751
1,41.1751
1,41.1751
1,41.2425
1,41.2088
1,41.1414
1,41.0404
1,41.1078
1,41.1078
1,41.1078
1,41.0404
1,41.2088
1,41.478
1,41.5116
1,41.4444
1,41.4444
1,41.3771
1,41.3771
1,41.2425
1,41.1751
1,41.0067
1,41.0404
1,41.0404
1,40.973
1,40.973
1,40.9055
1,40.8043
1,40.8381
1,40.7706
1,40.7706
1,40.6355
1,40.5342
1,40.5004
1,40.4328
1,40.5342
1,40.2299
1,40.1622
1,40.1622
1,40.0945
1,40.0945
1,39.9929
1,39.8913
1,39.9591
1,39.7557
1,39.62
1,39.586
1,39.5521
1,39.586
1,39.5521
1,39.5521
1,39.4502
1,39.4162
1,39.2123
1,39.2803
1,39.2463
1,39.2123
1,39.1443
1,39.1783
1,39.0763
1,39.0422
1,39.0763
1,38.9061
1,38.872
1,38.8379
1,38.7357
1,38.5993
1,38.5993
1,38.5993
1,38.5311
1,38.4287
1,38.4629
1,38.3946
1,38.2239
1,38.3263
1,38.3263
1,38.258
1,38.1555
1,38.1213
1,38.1213
1,37.9845
1,37.9161
1,37.8134
1,37.7792
1,37.745
1,37.5737
1,37.5394
1,37.4022
1,37.3679
1,37.3336
1,37.4022
1,37.4022
1,37.3679
1,37.3679
1,37.2307
1,37.162
1,37.162
1,37.0933
1,37.0933
1,37.0246
1,36.9559
1,36.9559
1,36.9215
1,36.8871
1,36.8527
1,36.8527
1,36.7495
1,36.7839
1,36.7151
1,36.6807
1,36.6807
1,36.6463
1,36.543
1,36.4052
1,36.4052
1,36.2673
1,36.2673
1,36.1983
1,36.1983
1,36.1983
1,36.1983
1,36.1983
1,36.1293
1,36.0603
1,36.0603
1,36.0603
1,36.0603
1,36.0257
1,35.9912
1,35.9912
1,35.9567
1,35.9221
1,35.8876
1,35.6802
1,35.7148
1,35.5764
1,35.5764
1,35.5072
1,35.5764
1,35.438
1,35.4034
1,35.3687
1,35.3687
1,35.5072
1,35.3687
1,35.2995
1,35.1609
1,35.1955
1,35.1609
1,35.0915
1,35.0915
1,35.0915
1,35.0568
1,35.1609
1,35.0222
1,35.0222
1,35.0222
1,34.9875
1,34.9181
1,34.9181
1,34.9528
1,34.8834
1,34.7445
1,34.675
1,34.7445
1,34.536
1,34.6403
1,34.536
1,34.536
1,34.536
1,34.536
1,34.536
1,34.536
1,34.4664
1,34.4317
1,34.4317
1,34.536
1,34.3969
1,34.5012
1,34.3621
1,34.2925
1,34.2925
1,34.2577
1,34.3273
1,34.188
1,34.2229
1,34.188
1,34.1184
1,34.1532
1,34.0836
1,34.1184
1,34.0487
1,34.0139
1,33.979
1,33.979
1,33.9093
1,33.9442
1,33.8744
1,33.9093
1,33.8396
1,33.8396
1,33.8396
1,33.8744
1,33.8396
1,33.8047
1,33.8396
1,33.7698
1,33.7698
1,33.7698
1,33.7698
1,33.7698
1,33.7698
1,33.7
1,33.6302
1,33.6651
1,33.6302
1,33.6302
1,33.5254
1,33.5604
1,33.4905
1,33.4206
1,33.4556
1,33.4206
1,33.4206
1,33.4206
1,33.3507
1,33.3507
1,33.3158
1,33.3507
1,33.2808
1,33.2108
1,33.2808
1,33.2808
1,33.2108
1,33.2108
1,33.1759
1,33.1759
1,33.1759
1,33.1409
1,33.0709
1,33.0009
1,32.9308
1,32.9308
1,32.9308
1,32.8608
1,32.8608
1,32.8958
1,32.8608
1,32.8608
1,32.7907
1,32.7557
1,32.7907
1,32.7206
1,32.7206
1,32.7557
1,32.6855
1,32.6505
1,32.6505
1,32.6154
1,32.6505
1,32.5102
1,32.5102
1,32.5102
1,32.5803
1,32.44
1,32.5102
1,32.5102
1,32.5102
1,32.5102
1,32.5102
1,32.5102
1,32.44
1,32.44
1,32.44
1,32.4751
1,32.44
1,32.44
1,32.44
1,32.3698
1,32.3698
1,32.2644
1,32.2644
1,32.2644
1,32.2293
1,32.2293
1,32.1941
1,32.1941
1,32.0887
1,32.0535
1,32.0535
1,32.0535
1,32.0183
1,32.0183
1,32.0887
1,32.0535
1,32.0183
1,32.0183
1,32.0183
1,32.0183
1,31.948
1,31.948
1,31.8424
1,31.8424
1,31.8072
1,31.8072
1,31.772
1,31.8072
1,31.8072
1,31.8776
1,31.772
1,31.772
1,31.7368
1,31.7368
1,31.6664
1,31.6664
1,31.6664
1,31.7368
1,31.8072
1,31.8776
1,31.8072
1,31.8072
1,31.8072
1,31.8072
1,31.8072
1,31.8072
1,31.8424
1,31.8424
1,31.8776
1,31.8776
1,31.8424
1,31.8072
1,31.7368
1,31.7016
1,31.6664
1,31.6664
1,31.6312
1,31.6312
1,31.6664
1,31.6664
1,31.8072
1,32.0183
1,31.9128
1,31.948
1,31.8776
1,31.9128
1,31.948
1,31.8776
1,31.8776
1,31.8072
1,31.772
1,31.772
1,31.7368
1,31.6664
1,31.5959
1,31.5959
1,31.4549
1,31.4549
1,31.5959
1,31.6664
1,31.5959
1,31.6664
1,31.6664
1,31.6664
1,31.6664
1,31.6664
1,31.5959
1,31.6664
1,31.6312
1,31.6312
1,31.6664
1,31.7368
1,31.8072
1,31.7368
1,31.6664
1,31.5254
1,31.6664
1,31.5959
1,31.5607
1,31.6664
1,31.5959
1,31.5959
1,31.5254
1,31.4902
1,31.3844
1,31.2433
1,31.2786
1,31.208
1,31.2433
1,31.2786
1,31.3844
1,31.4549
1,31.4197
1,31.4197
1,31.4549
1,31.4549
1,31.3844
1,31.3139
1,31.2433
1,31.1727
1,31.1021
1,31.0314
1,30.9608
1,30.8901
1,30.8901
1,30.8194
1,30.7486
1,30.7486
1,30.6779
1,30.7486
1,30.9254
1,30.9608
1,30.9254
1,30.9608
1,30.8901
1,30.8901
1,30.8901
1,30.8194
1,30.8547
1,30.8194
1,30.8194
1,30.8901
1,30.9254
1,30.7486
1,30.7133
1,30.6779
1,30.5363
1,30.5363
1,30.5363
1,30.5363
1,30.4655
1,30.3238
1,30.3947
1,30.3238
1,30.4655
1,30.3238
1,30.3238
1,30.2884
1,30.2529
1,30.182
1,30.3947
1,30.4301
1,30.4655
1,30.2529
1,30.3238
1,30.2884
1,30.3947
1,30.3238
1,30.2175
1,30.2175
1,30.1465
1,30.182
1,30.0756
1,30.0401
1,30.0756
1,30.182
1,30.182
1,30.1111
1,30.1111
1,30.0401
1,30.1111
1,30.0401
1,30.0401
1,30.0401
1,30.0401
1,30.0046
1,30.0046
1,29.9691
1,29.8271
1,29.8981
1,29.8981
1,29.9336
1,30.0046
1,30.0756
1,30.182
1,30.1111
1,30.2884
1,30.3238
1,30.0756
1,30.0401
1,30.0401
1,30.1111
1,30.0046
1,29.9691
1,29.9691
1,29.9691
1,30.0046
1,30.1111
1,30.0401
1,30.1465
1,30.2529
1,30.3947
1,30.4301
1,30.3238
1,30.2884
1,30.182
1,30.1465
1,30.1111
1,30.0401
1,30.0401
1,30.1111
1,30.1111
1,30.3238
1,30.3238
1,30.3238
1,30.3238
1,30.3238
1,30.3592
1,30.3238
1,30.3238
1,30.3592
1,30.3592
1,30.3238
1,30.2529
1,30.4655
1,30.4655
1,30.4655
1,30.3238
1,30.3238
1,30.4655
1,30.6071
1,30.6779
1,30.784
1,30.8194
1,30.8901
1,30.8901
1,30.8194
1,30.7486
1,30.6779
1,30.7486
1,30.7486
1,30.7486
1,30.7486
1,30.6779
1,30.6779
1,30.6779
1,30.7486
1,30.784
1,30.8194
1,30.7133
1,30.8194
1,30.8194
1,30.8194
1,30.7486
1,30.7133
1,30.8194
1,30.8194
1,30.7486
1,30.8194
1,30.8901
1,30.8547
1,30.8194
1,30.8194
1,30.8194
1,30.8547
1,31.0314
1,30.9608
1,31.1727
1,31.0314
1,30.9608
1,31.0314
1,31.0314
1,31.1727
1,31.0314
1,31.0314
1,31.1021
1,31.2433
1,31.3139
1,31.3139
1,31.1727
1,31.1727
1,31.3491
1,31.3844
1,31.4549
1,31.3844
1,31.4902
1,31.4549
1,31.4549
1,31.3844
1,31.4197
1,31.4549
1,31.5254
1,31.5959
1,31.6312
1,31.5959
1,31.7368
1,31.5959
1,31.7368
1,31.8072
1,31.6664
1,31.7368
1,31.772
1,31.8072
1,31.8072
1,31.8424
1,31.8776
1,31.9128
1,31.948
1,31.948
1,31.8776
1,31.8072
1,31.7368
1,31.7368
1,31.772
1,31.7368
1,31.8072
1,31.8424
1,31.8424
1,31.772
1,31.8776
1,31.772
1,31.9128
1,32.0183
1,32.1238
1,32.2644
1,32.2995
1,32.3698
1,32.5452
1,32.2995
1,32.2995
1,32.2995
1,32.3698
1,32.3346
1,32.2995
1,32.3698
1,32.3698
1,32.4751
1,32.5803
1,32.7206
1,32.6855
1,32.7907
1,32.6505
1,32.6855
1,32.7206
1,32.7557
1,32.7557
1,32.7907
1,32.7206
1,32.6505
1,32.7907
1,32.7206
1,32.8608
1,32.8608
1,32.7907
1,32.6505
1,32.6855
1,32.7907
1,32.9308
1,33.0709
1,32.8608
1,32.9308
1,33.0009
1,33.1409
1,33.1059
1,33.2108
1,33.0709
1,33.0359
1,33.0009
1,33.0009
1,32.9308
1,32.9308
1,32.9308
1,32.9659
1,32.9308
1,32.9308
1,33.0009
1,32.9308
1,32.8608
1,32.8958
1,32.9308
1,32.7907
1,32.7206
1,32.7907
1,32.7907
1,32.8608
1,32.9308
1,33.1759
1,33.0709
1,33.2108
1,33.0709
1,33.0709
1,33.1409
1,33.1409
1,33.0709
1,33.0709
1,33.0009
1,33.0009
1,33.0709
1,33.0709
1,33.0709
1,33.1409
1,33.1409
1,33.0009
1,33.0709
1,33.0009
1,33.0009
1,32.9308
1,33.0359
1,33.1409
1,33.0009
1,33.0709
1,33.1409
1,33.1409
1,33.2108
1,33.2108
1,33.1409
1,33.1409
1,33.2108
1,33.2808
1,33.3507
1,33.3507
1,33.2808
1,33.3507
1,33.3507
1,33.4206
1,33.4206
1,33.4206
1,33.4206
1,33.3857
1,33.3507
1,33.4556
1,33.3857
1,33.3857
1,33.3507
1,33.3857
1,33.3507
1,33.3857
1,33.4206
1,33.4206
1,33.4905
1,33.5604
1,33.4905
1,33.4556
1,33.4905
1,33.4905
1,33.4905
1,33.5604
1,33.5604
1,33.6302
1,33.6302
1,33.6302
1,33.7698
1,33.7698
1,33.7698
1,33.7698
1,33.8396
1,33.8396
1,33.9442
1,33.9093
1,34.0487
1,34.0139
1,33.979
1,33.979
1,33.979
1,34.0487
1,34.0139
1,34.1184
1,34.0836
1,34.1184
1,34.1184
1,34.1532
1,34.1532
1,34.1184
1,34.2577
1,34.2577
1,34.188
1,34.2577
1,34.2577
1,34.3273
1,34.3273
1,34.3621
1,34.3969
1,34.3969
1,34.3969
1,34.4317
1,34.4664
1,34.4664
1,34.3969
1,34.3969
1,34.4664
1,34.4317
1,34.536
1,34.6055
1,34.536
1,34.536
1,34.6055
1,34.6055
1,34.675
1,34.675
1,34.675
1,34.7445
1,34.7445
1,34.8834
1,34.8834
1,34.9528
1,34.8139
1,34.9181
1,34.9528
1,34.9528
1,34.9528
1,35.0222
1,35.0222
1,35.0222
1,35.0915
1,35.0568
1,35.0222
1,35.0915
1,35.0915
1,35.0915
1,35.1609
1,35.1609
1,35.2302
1,35.2302
1,35.2302
1,35.2648
1,35.3341
1,35.3687
1,35.3687
1,35.3687
1,35.4034
1,35.3341
1,35.438
1,35.4034
1,35.5072
1,35.6456
1,35.5764
1,35.5764
1,35.6456
1,35.6456
1,35.7148
1,35.7148
1,35.6456
1,35.7148
1,35.7494
1,35.7148
1,35.7148
1,35.7839
1,35.853
1,35.853
1,35.9221
1,35.9221
1,35.9567
1,35.9912
1,36.0257
1,36.0603
1,36.0257
1,36.0603
1,36.1293
1,36.0948
1,36.0948
1,36.0603
1,36.1293
1,36.1638
1,36.1983
1,36.1983
1,36.1983
1,36.2328
1,36.2328
1,36.2673
1,36.2673
1,36.2673
1,36.2673
1,36.3018
1,36.3018
1,36.3362
1,36.3707
1,36.4052
1,36.4741
1,36.543
1,36.5085
1,36.4741
1,36.4741
1,36.543
1,36.543
1,36.543
1,36.5774
1,36.5774
1,36.6118
1,36.6118
1,36.6807
1,36.7151
1,36.7151
1,36.6807
1,36.6807
1,36.7495
1,36.7495
1,36.8183
1,36.8183
1,36.8871
1,36.9215
1,36.8871
1,36.8871
1,36.8871
1,36.9559
1,36.9559
1,36.9559
1,37.0246
1,37.0246
1,36.9902
1,36.9902
1,37.0246
1,37.0246
1,37.0246
1,37.0933
1,37.0246
1,37.0933
1,37.162
1,37.162
1,37.2993
1,37.2307
1,37.3336
1,37.3336
1,37.3679
1,37.3336
1,37.2993
1,37.3679
1,37.4022
1,37.3679
1,37.3679
1,37.4022
1,37.4365
1,37.4365
1,37.4365
1,37.4365
1,37.4708
1,37.5051
1,37.4708
1,37.5051
1,37.5051
1,37.5394
1,37.5394
1,37.5394
1,37.5051
1,37.5737
1,37.6079
1,37.6422
1,37.6079
1,37.6422
1,37.6422
1,37.7107
1,37.7107
1,37.7107
1,37.745
1,37.745
1,37.745
1,37.7792
1,37.7792
1,37.7792
1,37.7792
1,37.8134
1,37.8477
1,37.8477
1,37.8134
1,37.7792
1,37.8134
1,37.8477
1,37.7792
1,37.8477
1,37.8477
1,37.8477
1,37.8477
1,37.8819
1,37.8819
1,37.8819
1,37.9161
1,37.9161
1,37.9161
1,37.9161
1,37.9845
1,38.0187
1,38.0529
1,38.0529
1,38.0529
1,38.0529
1,38.1213
1,38.1213
1,38.1213
1,38.1213
1,38.1213
1,38.1213
1,38.1897
1,38.1897
1,38.1897
1,38.1897
1,38.1897
1,38.1897
1,38.1897
1,38.1897
1,38.2239
1,38.1897
1,38.2239
1,38.2239
1,38.258
1,38.258
1,38.258
1,38.258
1,38.258
1,38.258
1,38.2922
1,38.258
1,38.2922
1,38.258
1,38.258
1,38.3263
1,38.3263
1,38.3263
1,38.3605
1,38.3946
1,38.3946
1,38.3946
1,38.3946
1,38.3946
1,38.3946
1,38.3946
1,38.3946
1,38.3946
1,38.3946
1,38.3946
1,38.4287
1,38.3946
1,38.4629
1,38.4629
1,38.4629
1,38.4629
1,38.4629
1,38.4629
1,38.497
1,38.497
1,38.5311
1,38.5311
1,38.5311
1,38.5652
1,38.5993
1,38.5993
1,38.5993
1,38.5993
1,38.6334
1,38.5993
1,38.6334
1,38.6334
1,38.6675
1,38.6675
1,38.6675
1,38.6675
1,38.6675
1,38.7016
1,38.6675
1,38.6675
1,38.6675
1,38.7016
1,38.6675
1,38.7016
1,38.7016
1,38.7357
1,38.7016
1,38.7357
1,38.7357
1,38.8039
1,38.7698
1,38.8039
1,38.8039
1,38.8379
1,38.872
1,38.872
1,38.872
1,38.872
1,38.872
1,38.872
1,38.872
1,38.9061
1,38.872
1,38.9061
1,38.9061
1,38.9061
1,38.872
1,38.872
1,38.872
1,38.872
1,38.8379
1,38.872
1,38.8039
1,38.8379
1,38.8379
1,38.872
1,38.872
1,38.872
1,38.9061
1,38.872
1,38.872
1,38.9401
1,38.9401
1,38.9401
1,38.9401
1,38.9401
1,38.9401
1,39.0082
1,39.0082
1,39.0082
1,39.0082
1,39.0082
1,39.0082
1,39.0422
1,39.0082
1,39.0422
1,39.0082
1,39.0082
1,39.0422
1,39.0082
1,39.0763
1,39.0763
1,39.0763
1,39.0422
1,39.0422
1,39.0422
1,39.0422
1,39.0763
1,39.0082
1,39.0763
1,39.0763
1,39.0763
1,39.0422
1,39.0763
1,39.0763
1,39.1103
1,39.0763
1,39.1103
1,39.1443
1,39.0763
1,39.0763
1,39.1103
1,39.1103
1,39.1443
1,39.1443
1,39.1443
1,39.1443
1,39.1443
1,39.1783
1,39.1443
1,39.1783
1,39.1443
1,39.1443
1,39.1783
1,39.1783
1,39.2123
1,39.2123
1,39.1783
1,39.1783
1,39.2123
1,39.2123
1,39.2123
1,39.2123
1,39.2123
1,39.2123
1,39.2123
1,39.1783
1,39.2123
1,39.2123
1,39.2463
1,39.2463
1,39.2463
1,39.2463
1,39.0763
1,39.0763
1,39.2123
1,39.1783
1,39.2123
1,39.2463
1,39.2803
1,39.2803
1,39.2803
1,39.2803
1,39.2803
1,39.2803
1,39.2463
1,39.2803
1,39.3483
1,39.3143
1,39.3483
1,39.3143
1,39.3483
1,39.3143
1,39.3143
1,39.2803
1,39.3143
1,39.2803
1,39.2803
1,39.2803
1,39.2803
1,39.3483
1,39.3483
1,39.3483
1,39.3823
1,39.3483
1,39.3483
1,39.2803
1,39.1783
1,38.9742
1,38.9401
1,38.9401
1,39.0763
1,39.3483
1,39.3823
1,39.4162
1,39.4162
1,39.4162
1,39.4162
1,39.3483
1,39.2123
1,39.2803
1,39.3483
1,39.3483
1,39.3483
1,39.4162
1,39.4162
1,39.4162
1,39.3823
1,39.3483
1,39.0763
1,39.3483
1,39.2123
1,39.2123
1,39.2803
1,39.3483
1,39.4162
1,39.4842
1,39.4842
1,39.1443
1,39.0082
1,39.1443
1,39.0763
1,38.9742
1,39.0082
1,39.1103
1,39.3823
1,39.4842
1,39.5521
1,39.3823
1,39.2803
1,39.2123
1,39.2803
1,39.4162
1,39.3483
1,39.4162
1,39.4162
1,39.5521
1,39.5521
1,39.4842
1,39.5181
1,39.4162
1,39.4162
1,39.3483
1,39.1443
1,39.0763
1,39.2123
1,39.2123
1,39.3823
1,39.4842
1,39.4842
1,39.4842
1,39.4502
1,39.4162
1,39.3483
1,38.9742
1,39.0082
1,39.0082
1,39.0763
1,39.3143
1,39.4502
1,39.4842
1,39.4162
1,39.3823
1,39.3483
1,39.2803
1,39.0763
1,39.2803
1,39.0763
1,39.1443
1,39.2803
1,39.3483
1,39.4842
1,39.5181
1,39.5521
1,39.5521
1,39.4162
1,39.3823
1,39.3483
1,39.1443
1,39.3823
1,39.3483
1,39.3483
1,39.4162
1,39.5521
1,39.5521
1,39.5521
1,39.5521
1,39.5521
1,39.4162
1,39.3823
1,39.2803
1,39.2123
1,39.2123
1,39.4502
1,39.4162
1,39.5521
1,39.5521
1,39.5521
1,39.5521
1,39.4502
1,39.3483
1,39.2123
1,39.4162
1,39.4162
1,39.4842
1,39.5521
1,39.5521
1,39.5521
1,39.5521
1,39.4842
1,39.4162
1,39.3823
1,39.2463
1,39.2123
1,39.4162
1,39.5181
1,39.5521
1,39.5181
1,39.4162
1,39.3143
1,39.2123
1,39.0763
1,38.9742
1,39.0082
1,39.0082
1,39.0082
1,39.3483
1,39.3483
1,39.3143
1,39.4162
1,39.0422
1,39.3483
1,39.3823
1,39.3823
1,39.4842
1,39.4842
1,39.4842
1,39.5181
1,39.4842
1,39.4842
1,39.3823
1,39.0763
1,39.3483
1,39.2123
1,39.3483
1,39.3143
1,39.4502
1,39.4162
1,39.5181
1,39.4842
1,39.2123
1,39.0763
1,38.9401
1,38.9401
1,38.9401
1,39.0082
1,39.3143
1,39.3143
1,39.3483
1,39.2463
1,39.1783
1,39.2123
1,39.1103
1,39.0763
1,39.4162
1,39.3483
1,39.4162
1,39.4162
1,39.4162
1,39.4162
1,39.3823
1,39.2463
1,39.2803
1,38.9742
1,39.0763
1,39.0082
1,39.0763
1,39.0763
1,39.1783
1,39.2463
1,39.3823
1,39.2123
1,39.1783
1,39.1783
1,39.0763
1,39.0082
1,39.0082
1,39.0082
1,39.0763
1,39.3483
1,39.3483
1,39.4162
1,39.4502
1,39.4842
1,39.2803
1,39.3483
1,39.0763
1,39.0763
1,39.1443
1,39.3143
1,39.1783
1,39.2803
1,39.3483
1,39.4162
1,39.4162
1,39.4162
1,39.4842
1,39.2803
1,39.3483
1,39.0763
1,38.9742
1,39.0082
1,39.0082
1,39.0082
1,38.9742
1,39.1443
1,39.2803
1,39.2803
1,39.1443
1,39.0763
1,39.1443
1,39.2123
1,39.2803
1,39.4162
1,39.4162
1,39.4162
1,39.4162
1,39.3483
1,39.2803
1,39.2803
1,39.2123
1,39.2803
1,39.3823
1,39.4162
1,39.4502
1,39.4842
1,39.4162
1,39.3483
1,39.2803
1,39.1443
1,39.2123
1,39.1103
1,39.1443
1,39.1443
1,39.2123
1,39.1443
1,39.3823
1,39.4502
1,39.4162
1,39.3483
1,39.3483
1,39.1783
1,39.2123
1,39.0422
1,39.2123
1,39.3483
1,39.2123
1,39.2803
1,39.2803
1,39.3143
1,39.3483
1,39.2463
1,39.2123
1,39.0763
1,39.0763
1,39.1103
1,39.0763
1,39.0763
1,39.2803
1,39.2803
1,39.2803
1,39.3143
1,39.3143
1,39.2123
1,38.9742
1,38.9742
1,39.0082
1,39.0763
1,39.1103
1,39.1443
1,39.1103
1,39.1783
1,39.2803
1,39.2803
1,39.2803
1,39.2463
1,39.0763
1,39.0082
1,39.0763
1,39.1103
1,39.1443
1,39.0763
1,39.1443
1,39.1103
1,39.1443
1,39.3143
1,39.2803
1,39.1783
1,39.1103
1,39.0082
1,39.0082
1,38.9401
1,39.0763
1,39.2123
1,39.2123
1,39.2123
1,39.3483
1,39.3483
1,39.2803
1,39.3483
1,39.1443
1,39.2123
1,39.1443
1,39.1443
1,39.1783
1,39.1783
1,39.2123
1,39.2123
1,39.2123
1,39.2123
1,39.2463
1,39.2123
1,39.2123
1,39.1443
1,39.2123
1,39.0763
1,39.0763
1,39.1783
1,39.1443
1,39.1443
1,39.2463
1,39.1783
1,39.2803
1,39.2803
1,39.0763
1,39.2123
1,39.0763
1,39.1103
1,39.1103
1,39.0763
1,39.2803
1,39.1443
1,39.1443
1,39.0763
1,39.0763
1,39.1103
1,39.1443
1,39.1443
1,39.1443
1,39.1443
1,39.1443
1,39.1443
1,39.1103
1,39.1103
1,39.0082
1,39.0082
1,39.0422
1,39.0763
1,39.0763
1,39.0763
1,39.1443
1,39.1103
1,39.0763
1,39.1783
1,39.1443
1,39.1443
1,39.1443
1,39.1103
1,39.1443
1,39.0763
1,39.0763
1,39.1443
1,39.1783
1,39.1443
1,39.2123
1,39.1443
1,39.2123
1,39.2463
1,39.2123
1,39.2123
1,39.1783
1,39.2123
1,39.2123
1,39.1443
1,39.2123
1,39.2123
1,39.2123
1,39.2463
1,39.0763
1,39.1443
1,39.2463
1,39.1103
1,39.1443
1,39.0763
1,39.1443
1,39.2123
1,39.2123
1,39.2803
1,39.2123
1,39.2123
1,39.2803
1,39.2463
1,39.1783
1,39.1783
1,39.1443
1,39.2803
1,39.2463
1,39.1443
1,39.2123
1,39.2463
1,39.0082
1,39.1443
1,39.1443
1,39.2123
1,39.2463
1,39.2123
1,39.2123
1,39.1443
1,39.2123
1,39.2123
1,39.1783
1,39.1783
1,39.1783
1,39.2123
1,39.2123
1,39.2803
1,39.2803
1,39.2803
1,39.2803
1,39.3143
1,39.2803
1,39.2123
1,39.2463
1,39.2123
1,39.1443
1,39.2123
1,39.2123
1,39.2123
1,39.2463
1,39.1783
1,39.1103
1,39.2123
1,39.1443
1,39.1443
1,39.2803
1,39.2123
1,39.2123
1,39.1443
1,39.2123
1,39.2463
1,39.2803
1,39.2803
1,39.3143
1,39.2803
1,39.2803
1,39.2803
1,39.2803
1,39.2463
1,39.2123
1,39.2123
1,39.2123
1,39.2803
1,39.3483
1,39.3143
1,39.3483
1,39.3483
1,39.2803
1,39.2123
1,39.1443
1,39.2803
1,39.2123
1,39.0763
1,39.1443
1,39.1443
1,39.1443
1,39.2123
1,39.2123
1,39.2463
1,39.2123
1,39.1443
1,39.2123
1,39.2803
1,39.2123
1,39.2123
1,39.2803
1,39.2463
1,39.2123
1,39.2803
1,39.3483
1,39.3823
1,39.4162
1,39.3483
1,39.3823
1,39.3483
1,39.3483
1,39.0082
1,38.9401
1,38.9401
1,39.0082
1,39.0763
1,39.1443
1,39.1443
1,39.2123
1,39.2123
1,39.2463
1,39.2463
1,39.2803
1,39.2803
1,39.2123
1,39.2123
1,39.2123
1,39.2803
1,39.2803
1,39.3483
1,39.2803
1,39.3483
1,39.3483
1,39.3483
1,39.3143
1,39.2803
1,39.2803
1,39.3143
1,39.3483
1,39.3823
1,39.4162
1,39.3483
1,39.3483
1,39.4162
1,39.4502
1,39.4162
1,39.3823
1,39.3483
1,39.3143
1,39.3143
1,39.3483
1,39.4162
1,39.4162
1,39.4502
1,39.4162
1,39.4162
1,39.3823
1,39.4162
1,39.3483
1,39.3483
1,39.3483
1,39.2803
1,39.3483
1,39.3483
1,39.3823
1,39.4162
1,39.4502
1,39.4162
1,39.3823
1,39.3823
1,39.3483
1,39.4162
1,39.3483
1,39.3483
1,39.3143
1,39.3143
1,39.3823
1,39.4162
1,39.3823
1,39.4502
1,39.4162
1,39.4162
1,39.4162
1,39.4162
1,39.3823
1,39.2803
1,39.2803
1,39.2803
1,39.3483
1,39.3483
1,39.4162
1,39.4162
1,39.4162
1,39.4502
1,39.4162
1,39.4502
1,39.4162
1,39.4162
1,39.4162
1,39.3823
1,39.3823
1,39.3823
1,39.4162
1,39.4842
1,39.4842
1,39.4502
1,39.4502
1,39.4162
1,39.4162
1,39.4162
1,39.3483
1,39.2803
1,39.2803
1,39.4162
1,39.4162
1,39.4162
1,39.4162
1,39.4162
1,39.4162
1,39.3823
1,39.3483
1,39.3483
1,39.3483
1,39.3823
1,39.4502
1,39.5181
1,39.5521
1,39.4842
1,39.5521
1,39.4842
1,39.4502
1,39.4162
1,39.4162
1,39.4162
1,39.4842
1,39.5181
1,39.4842
1,39.4842
1,39.4162
1,39.4842
1,39.4502
1,39.4162
1,39.3483
1,39.3483
1,39.4162
1,39.4842
1,39.5181
1,39.5521
1,39.5521
1,39.5521
1,39.5521
1,39.4842
1,39.5181
1,39.4842
1,39.4162
1,39.4162
1,39.4162
1,39.5181
1,39.5521
1,39.5521
1,39.5521
1,39.5521
1,39.5521
1,39.5521
1,39.4842
1,39.4842
1,39.4502
1,39.4162
1,39.3823
1,39.4162
1,39.4842
1,39.4162
1,39.4842
1,39.4842
1,39.4842
1,39.4842
1,39.4162
1,39.4162
1,39.4502
1,39.4162
1,39.4162
1,39.4162
1,39.5521
1,39.5521
1,39.5181
1,39.5521
1,39.5521
1,39.5521
1,39.5521
1,39.5181
1,39.4162
1,39.4162
1,39.4842
1,39.5521
1,39.5521
1,39.5521
1,39.5521
1,39.5521
1,39.4842
1,39.4842
1,39.4842
1,39.4842
1,39.4842
1,39.5521
1,39.5521
1,39.5521
1,39.5521
1,39.5521
1,39.5521
1,39.5521
1,39.4842
1,39.5181
1,39.5521
1,39.5521
1,39.5521
1,39.5521
1,39.5521
1,39.5521
1,39.5521
1,39.5181
1,39.5181
1,39.5521
1,39.5521
1,39.5521
1,39.5521
1,39.62
1,39.6539
1,39.62
1,39.62
1,39.62
1,39.586
1,39.62
1,39.586
1,39.5521
1,39.5521
1,39.62
1,39.6539
1,39.6539
1,39.6539
1,39.6878
1,39.6878
1,39.5521
1,39.5521
1,39.5181
1,39.5521
1,39.5521
1,39.586
1,39.62
1,39.586
1,39.5521
1,39.5521
1,39.5521
1,39.5521
1,39.5521
1,39.62
1,39.586
1,39.62
1,39.62
1,39.62
1,39.586
1,39.5521
1,39.5521
1,39.5521
1,39.586
1,39.5521
1,39.62
1,39.6539
1,39.6878
1,39.6878
1,39.7217
1,39.6878
1,39.5521
1,39.62
1,39.62
1,39.586
1,39.62
1,39.586
1,39.5521
1,39.586
1,39.6539
1,39.62
1,39.6878
1,39.6878
1,39.6878
1,39.62
1,39.62
1,39.5521
1,39.5521
1,39.5521
1,39.5521
1,39.62
1,39.62
1,39.6878
1,39.6878
1,39.6878
1,39.6878
1,39.7217
1,39.7217
1,39.6878
1,39.6878
1,39.586
1,39.586
1,39.586
1,39.5521
1,39.586
1,39.6878
1,39.6878
1,39.6878
1,39.7217
1,39.7557
1,39.62
1,39.7557
1,39.6539
1,39.5521
1,39.5521
1,39.5521
1,39.5521
1,39.62
1,39.6539
1,39.6878
1,39.6539
1,39.7557
1,39.7217
1,39.6539
1,39.6878
1,39.6878
1,39.6878
1,39.6878
1,39.7217
1,39.7557
1,39.7557
1,39.7557
1,39.7557
1,39.7557
1,39.7557
1,39.6878
1,39.6539
1,39.6539
1,39.62
1,39.7217
1,39.7896
1,39.6878
1,39.7557
1,39.7557
1,39.7557
1,39.7557
1,39.7896
1,39.6878
1,39.6539
1,39.6878
1,39.6878
1,39.6539
1,39.6878
1,39.7557
1,39.8235
1,39.7896
1,39.8235
1,39.8235
1,39.8235
1,39.7557
1,39.7217
1,39.6878
1,39.7557
1,39.7557
1,39.7557
1,39.7557
1,39.7896
1,39.8574
1,39.8574
1,39.8574
1,39.8235
1,39.7557
1,39.7896
1,39.7896
1,39.8235
1,39.8574
1,39.8913
1,39.9591
1,39.8913
1,39.8235
1,39.8235
1,39.8235
1,39.8235
1,39.8235
1,39.8235
1,39.8913
1,39.8913
1,39.8574
1,39.9252
1,39.8913
1,39.8913
1,39.8913
1,39.9252
1,39.9591
1,39.8913
1,39.9252
1,39.9591
1,39.9591
1,39.9591
1,39.9252
1,39.9591
1,39.9591
1,39.9252
1,39.8913
1,39.8235
1,39.9591
1,39.8913
1,39.9591
1,39.9591
1,39.9929
1,40.0268
1,39.9929
1,39.9591
1,39.8913
1,39.9252
1,39.8913
1,39.8913
1,39.9252
1,39.9252
1,39.9591
1,39.9591
1,39.9252
1,39.9929
1,39.9252
1,39.9591
1,39.8913
1,39.8574
1,39.8913
1,39.8913
1,39.8913
1,39.8574
1,39.9252
1,39.9929
1,40.0268
1,39.9591
1,39.9929
1,39.9591
1,39.8913
1,39.9591
1,39.9929
1,40.0945
1,40.0945
1,40.0268
1,40.0268
1,40.0268
1,40.0607
1,40.0268
1,40.0945
1,40.0268
1,39.8574
1,39.9591
1,39.9929
1,39.9252
1,40.0607
1,40.0607
1,39.9591
1,39.3143
1,37.8477
1,37.4365
1,36.7495
1,36.6118
1,36.543
1,36.4052
1,36.2673
1,36.1983
1,36.1638
1,35.9912
1,36.0257
1,35.9912
1,35.9912
1,35.9221
1,35.853
1,35.853
1,35.9221
1,35.9221
1,35.7148
1,35.6456
1,35.5764
1,35.7839
1,35.6456
1,35.853
1,35.853
1,35.9221
1,35.4034
1,35.438
1,35.7839
1,35.3687
1,35.2995
1,35.0915
1,35.1609
1,35.0915
1,35.0915
1,35.2302
1,35.2302
1,34.9875
1,35.1955
1,35.3687
1,35.0915
1,34.8139
1,34.8139
1,34.536
1,34.7097
1,34.6055
1,34.7097
1,34.5708
1,34.9181
1,34.8834
1,35.0222
1,35.438
1,35.438
1,35.6456
1,35.5418
1,36.4052
1,36.1983
1,36.2673
1,36.6807
1,36.4052
1,36.5774
1,36.7839
1,36.9559
1,37.1277
1,37.162
1,37.2993
1,37.3336
1,37.162
1,37.265
1,37.5737
1,37.3679
1,37.6079
1,37.5737
1,37.5737
1,37.5737
1,37.6422
1,37.7107
1,37.6079
1,37.4708
1,37.4708
1,37.4365
1,37.5394
1,37.4708
1,37.5737
1,37.5737
1,37.4022
1,37.5394
1,37.3679
1,37.3679
1,37.6079
1,37.5737
1,37.5051
1,37.4365
1,37.5737
1,37.7107
1,37.6079
1,37.5737
1,37.6422
1,37.5737
1,37.5051
1,37.745
1,37.5737
1,37.7792
1,37.5737
1,37.6765
1,37.6422
1,37.7107
1,37.6079
1,37.6422
1,37.6422
1,37.5394
1,37.4365
1,37.4365
1,37.5051
1,37.3679
1,37.2993
1,37.6422
1,37.745
1,37.5737
1,37.5394
1,37.7107
1,37.4365
1,37.2307
1,37.3336
1,37.2993
1,37.2307
1,37.2993
1,37.1963
1,37.265
1,37.162
1,37.2993
1,37.2307
1,37.162
1,37.1277
1,37.2307
1,37.0933
1,37.0933
1,37.0246
1,37.0246
1,36.9559
1,37.162
1,37.059
1,37.2307
1,37.1963
1,36.9902
1,36.9559
1,37.0246
1,36.9559
1,36.9559
1,36.9902
1,36.8527
1,36.8183
1,36.6118
1,36.5085
1,36.6807
1,36.7151
1,36.8183
1,36.8527
1,36.8183
1,36.7839
1,36.8871
1,36.8871
1,36.8183
1,36.9215
1,36.7839
1,36.7495
1,36.6118
1,36.6118
1,36.543
1,36.4741
1,36.4052
1,36.1638
1,36.3362
1,36.3018
1,36.2673
1,36.1638
1,36.0948
1,36.1293
1,36.1293
1,36.1638
1,36.1638
1,36.1983
1,36.2328
1,36.3707
1,36.3362
1,36.4396
1,36.4052
1,36.1983
1,36.0603
1,35.9912
1,35.9912
1,36.1983
1,36.4052
1,36.2673
1,36.3362
1,36.4741
1,36.5085
1,36.6463
1,36.8871
1,36.8183
1,36.7495
1,36.7495
1,36.6463
1,36.6807
1,36.7495
1,36.9215
1,37.4022
1,37.2307
1,36.8871
1,36.7151
1,36.8183
1,36.9215
1,36.8527
1,36.7151
1,36.7495
1,36.8183
1,36.8871
1,36.8871
1,36.8183
1,36.7495
1,36.6463
1,36.7495
1,36.6463
1,36.7151
1,36.6807
1,36.6463
1,36.6118
1,36.4741
1,36.1983
1,36.0257
1,36.1293
1,35.9221
1,36.0257
1,36.2673
1,36.1638
1,36.2673
1,36.3362
1,36.4052
1,36.2673
1,36.1983
1,36.0603
1,35.8185
1,35.6456
1,35.5764
1,35.438
1,35.3687
1,35.5764
1,35.438
1,35.438
1,35.2648
1,35.2995
1,35.2302
1,35.2995
1,35.2995
1,35.1609
1,35.0915
1,35.0568
1,35.0222
1,35.0915
1,35.0915
1,35.0915
1,34.9875
1,35.1609
1,35.0915
1,35.1609
1,35.0915
1,34.8834
1,35.0568
1,35.1262
1,34.9181
1,34.6403
1,34.536
1,34.536
1,34.675
1,34.4664
1,34.536
1,34.188
1,34.3273
1,34.536
1,34.536
1,34.536
1,35.0222
1,34.7792
1,35.0568
1,35.1262
1,35.2302
1,35.2995
1,35.2995
1,35.3687
1,35.7494
1,35.9221
1,35.3341
1,35.1609
1,35.0222
1,34.9875
1,35.0915
1,34.9181
1,35.0222
1,35.4726
1,35.3687
1,35.0915
1,35.0222
1,35.2995
1,35.2302
1,35.4034
1,35.2995
1,35.2302
1,35.853
1,35.9912
1,35.853
1,36.4052
1,36.9559
1,37.3679
1,38.6675
1,38.9742
1,39.586
1,39.62
1,41.1078
1,41.5789
1,41.7805
1,41.9147
1,42.8521
1,42.8521
1,42.7853
1,42.9523
1,42.9189
1,43.019
1,43.2525
1,43.4524
1,43.519
1,43.4524
1,43.5855
1,43.5522
1,43.519
1,43.7186
1,43.8183
1,43.918
1,43.8848
1,44.0176
1,43.8183
1,43.8848
1,44.0508
1,43.9844
1,43.9844
1,43.8848
1,43.918
1,43.8515
1,43.8848
1,43.8515
1,43.918
1,43.9512
1,43.918
1,44.0176
1,43.918
1,43.918
1,43.8515
1,43.8848
1,43.7851
1,43.7851
1,43.8515
1,43.8515
1,43.7851
1,43.6853
1,43.8183
1,43.7186
1,43.6521
1,43.7851
1,43.7186
1,43.7186
1,43.6853
1,43.7851
1,43.7851
1,43.8183
1,43.8515
1,43.9844
1,43.9844
1,43.918
1,43.9844
1,43.918
1,44.084
1,44.0508
1,43.9512
1,43.9512
1,44.0176
1,44.0508
1,44.084
1,44.1836
1,43.9844
1,43.8848
1,43.918
1,43.918
1,43.8848
1,43.918
1,43.8515
1,43.8515
1,43.6853
1,43.7186
1,43.7186
1,43.7518
1,43.918
1,43.8515
1,43.8848
1,43.9844
1,43.9844
1,44.0176
1,44.1836
1,44.1172
1,44.2168
1,44.4157
1,44.4157
1,44.2831
1,44.3494
1,44.1836
1,44.1836
1,44.2499
1,43.9844
1,43.7851
1,44.084
1,44.1172
1,44.1836
1,44.3162
1,44.2499
1,44.1836
1,44.3162
1,44.5151
1,44.4488
1,44.4488
1,44.3494
1,44.2831
1,44.3494
1,44.3162
1,44.2168
1,44.1504
1,44.4488
1,44.2499
1,44.2831
1,44.2831
1,44.2168
1,44.1172
1,43.7851
1,43.5855
1,43.7851
1,43.6521
1,43.5855
1,43.5522
1,43.519
1,43.5855
1,43.7518
1,43.6521
1,43.519
1,43.4857
1,43.4857
1,43.4524
1,43.5855
1,43.7186
1,43.7186
1,43.6853
1,43.7186
1,43.6521
1,43.7851
1,44.0508
1,43.9844
1,43.918
1,43.8515
1,43.6853
1,43.8515
1,43.7518
1,43.6853
1,43.7186
1,43.6521
1,43.6521
1,43.5855
1,43.7518
1,43.8183
1,44.0176
1,44.084
1,44.0508
1,44.084
1,43.9512
1,43.8848
1,43.6521
1,43.6853
1,43.7186
1,43.519
1,43.5855
1,43.4191
1,43.6188
1,43.8183
1,43.7851
1,43.918
1,43.8183
1,43.8515
1,43.7186
1,43.6521
1,43.7186
1,43.8183
1,43.6521
1,43.7186
1,43.4857
1,43.4524
1,43.2858
1,43.2525
1,43.2191
1,43.2525
1,43.0858
1,43.6521
1,43.4857
1,43.5855
1,43.519
1,43.4524
1,43.519
1,43.6188
1,43.3191
1,43.5855
1,43.3525
1,43.4524
1,43.1191
1,43.1191
1,43.1191
1,42.9856
1,42.9523
1,43.1191
1,43.1858
1,43.4191
1,43.2525
1,43.0524
1,43.019
1,43.4857
1,43.519
1,43.519
1,43.4857
1,43.1525
1,43.0524
1,43.0858
1,43.2525
1,43.1858
1,43.1191
1,43.1858
1,43.1191
1,43.2525
1,43.2525
1,43.0524
1,42.9856
1,43.4857
1,43.1858
1,43.0858
1,43.1858
1,43.2858
1,43.2858
1,42.9189
1,42.8521
1,42.9189
1,42.7853
1,42.6516
1,42.7853
1,42.8187
1,42.9856
1,42.8521
1,42.8521
1,42.9189
1,43.0524
1,42.9523
1,42.8187
1,42.7853
1,42.8187
1,42.5178
1,42.5847
1,42.5847
1,42.7853
1,42.8521
1,42.9189
1,42.9189
1,42.8521
1,42.8521
1,42.7185
1,42.7185
1,42.7185
1,42.384
1,42.3505
1,42.5847
1,42.9189
1,42.9856
1,43.3191
1,43.3191
1,43.4524
1,43.519
1,43.8183
1,43.6853
1,43.7518
1,43.8515
1,43.918
1,43.7851
1,43.7186
1,43.6853
1,43.7186
1,43.7851
1,43.918
1,43.8848
1,43.7518
1,43.8183
1,43.7518
1,43.7851
1,43.7518
1,43.7186
1,43.7186
1,43.6521
1,43.6188
1,43.7518
1,43.7186
1,43.7518
1,43.5855
1,43.3191
1,43.3525
1,43.3858
1,43.4191
1,43.519
1,43.6188
1,43.5522
1,43.519
1,43.5855
1,43.3191
1,43.3191
1,43.1525
1,43.0858
1,43.1525
1,43.1858
1,43.0524
1,43.1858
1,43.1858
1,43.1858
1,43.1525
1,43.0858
1,43.2191
1,43.4191
1,43.519
1,43.6853
1,43.7186
1,43.7186
1,43.6521
1,43.519
1,43.3191
1,43.3191
1,43.1858
1,43.0524
1,43.1191
1,43.2525
1,43.1191
1,43.0524
1,43.0524
1,42.9189
1,43.0524
1,43.0524
1,43.3191
1,43.3191
1,43.1525
1,43.0858
1,43.1858
1,43.2191
1,43.2525
1,43.1191
1,43.1191
1,42.9856
1,43.0524
1,43.0858
1,43.0858
1,43.0858
1,43.1525
1,43.1858
1,43.1191
1,43.1525
1,43.0524
1,43.0858
1,43.3858
1,43.4524
1,43.3191
1,43.2191
1,43.2191
1,43.0858
1,42.9189
1,43.1525
1,43.2191
1,43.1858
1,43.2525
1,43.2525
1,43.2525
1,43.0858
1,42.9856
1,42.9189
1,42.8521
1,42.8521
1,43.019
1,42.9856
1,42.9189
1,42.8521
1,42.8521
1,43.0524
1,42.9189
1,42.7853
1,42.7185
1,42.7185
1,42.6516
1,42.7185
1,42.685
1,42.7519
1,42.8521
1,42.7853
1,42.7185
1,42.8855
1,42.5847
1,42.9189
1,42.7185
1,42.685
1,42.6516
1,42.6516
1,42.8521
1,42.6516
1,42.685
1,42.7185
1,42.8521
1,42.7519
1,42.685
1,42.6516
1,42.5847
1,42.6516
1,42.5847
1,42.5178
1,42.384
1,42.4174
1,42.5513
1,42.4509
1,42.5847
1,42.7519
1,42.7185
1,42.8855
1,43.019
1,43.0858
1,42.7853
1,42.8521
1,42.685
1,42.685
1,42.7185
1,42.8187
1,42.5178
1,42.5178
1,42.4509
1,42.6516
1,42.5178
1,42.5847
1,42.7185
1,42.9189
1,43.2191
1,42.8521
1,42.9523
1,43.1191
1,43.2525
1,43.1525
1,42.9523
1,42.9189
1,42.9856
1,43.1191
1,43.1858
1,42.9856
1,43.1191
1,43.0524
1,42.9856
1,43.0858
1,43.3191
1,43.1858
1,43.1191
1,43.1525
1,43.019
1,42.9523
1,42.9856
1,43.1191
1,43.019
1,43.1525
1,43.1191
1,43.1191
1,43.1858
1,43.3858
1,43.2858
1,43.3525
1,43.5855
1,43.3525
1,43.3191
1,43.2191
1,43.3191
1,43.0524
1,43.2525
1,43.1858
1,43.2191
1,43.4524
1,43.4524
1,43.3525
1,43.3858
1,43.3858
1,43.3191
1,43.3191
1,43.3191
1,43.1858
1,43.1191
1,43.0858
1,43.0524
1,43.2191
1,43.2525
1,43.4857
1,43.3191
1,43.3858
1,43.4857
1,43.519
1,43.4191
1,43.5855
1,43.3858
1,43.4857
1,43.4524
1,43.5522
1,43.3191
1,43.2858
1,43.2191
1,43.1858
1,43.2525
1,43.3191
1,43.1191
1,43.1525
1,43.1858
1,43.2525
1,43.1191
1,43.3191
1,43.3525
1,43.2525
1,43.2525
1,43.3191
1,43.3858
1,43.2525
1,43.2525
1,43.3858
1,43.4191
1,43.4524
1,43.4524
1,43.4191
1,43.4524
1,43.3858
1,43.3858
1,43.3191
1,43.3191
1,43.3191
1,43.2858
1,43.3858
1,43.4524
1,43.4524
1,43.2858
1,43.4191
1,43.2858
1,43.3858
1,43.3191
1,43.3525
1,43.3191
1,43.3525
1,43.5522
1,43.519
1,43.4524
1,43.4857
1,43.4524
1,43.519
1,43.4524
1,43.4524
1,43.519
1,43.519
1,43.519
1,43.4524
1,43.519
1,43.4524
1,43.4524
1,43.4857
1,43.4857
1,43.4524
1,43.5855
1,43.519
1,43.6521
1,43.6521
1,43.5855
1,43.5855
1,43.519
1,43.519
1,43.4857
1,43.4524
1,43.4191
1,43.3858
1,43.3858
1,43.4191
1,43.3191
1,43.3191
1,43.2525
1,43.1858
1,43.1858
1,43.2525
1,43.2191
1,43.1191
1,43.0858
1,43.0524
1,43.019
1,43.019
1,42.9856
1,42.9856
1,43.019
1,43.0858
1,42.9856
1,43.0524
1,42.9856
1,42.9523
1,42.9523
1,42.9523
1,42.9856
1,42.9856
1,43.1191
1,43.1191
1,43.1191
1,43.0524
1,43.019
1,43.0524
1,43.1191
1,43.1525
1,43.0858
1,43.1191
1,43.0524
1,42.9856
1,43.0524
1,43.019
1,43.0858
1,43.0524
1,42.9856
1,43.0524
1,43.1191
1,43.1525
1,43.1858
1,43.2191
1,43.1858
1,43.1858
1,43.1858
1,43.2191
1,43.2191
1,43.1858
1,43.1191
1,43.0858
1,43.1858
1,43.1858
1,43.2525
1,43.2525
1,43.2525
1,43.2525
1,43.2525
1,43.2191
1,43.2191
1,43.1858
1,43.0858
1,43.019
1,43.019
1,43.019
1,42.9856
1,42.9189
1,42.8521
1,42.8521
1,42.6516
1,42.3505
1,42.2835
1,42.25
1,42.0824
1,42.0824
1,41.9818
1,41.9818
1,41.9818
1,42.0489
1,41.9818
1,41.9147
1,41.8476
1,41.814
1,41.7805
1,41.7469
1,41.7805
1,41.7805
1,41.7133
1,41.7133
1,41.7133
1,41.7133
1,41.6797
1,41.6125
1,41.5789
1,41.5453
1,41.6125
1,41.6125
1,41.5789
1,41.5789
1,41.5116
1,41.5116
1,41.5116
1,41.5116
1,41.478
1,41.3771
1,41.2761
1,40.8043
1,40.568
1,40.568
1,40.7031
1,40.5004
1,40.3652
1,40.2638
1,39.9929
1,39.7217
1,39.4842
1,39.5521
1,39.5521
1,39.4842
1,39.4842
1,39.4162
1,39.4162
1,39.2803
1,39.2803
1,39.2803
1,39.3483
1,39.3823
1,39.4842
1,39.3483
1,39.2123
1,39.1103
1,39.0082
1,38.872
1,38.9401
1,38.8039
1,38.6675
1,38.5993
1,38.6675
1,38.5993
1,38.4629
1,38.5652
1,38.5311
1,38.4629
1,38.4629
1,38.3946
1,38.3946
1,38.258
1,38.258
1,38.258
1,38.1897
1,38.258
1,38.2239
1,38.1897
1,38.1213
1,38.1897
1,38.0529
1,38.0529
1,37.9845
1,38.0529
1,37.9845
1,38.1213
1,38.1213
1,38.3946
1,38.6334
1,38.7016
1,39.2123
1,39.3143
1,39.0082
1,39.3823
1,39.3483
1,39.4842
1,39.2123
1,38.5311
1,38.6334
1,38.4629
1,38.1213
1,38.3263
1,38.1897
1,38.258
1,37.9845
1,38.1213
1,38.2239
1,38.0529
1,37.9845
1,37.9845
1,37.9845
1,37.9161
1,37.8477
1,37.7792
1,37.7792
1,37.5737
1,37.4365
1,37.6765
1,37.4708
1,37.5737
1,37.5394
1,37.4365
1,37.4365
1,37.4708
1,37.3679
1,37.3679
1,37.1277
1,37.4365
1,37.4022
1,37.4365
1,37.3336
1,37.162
1,37.2307
1,37.2307
1,37.2307
1,37.2307
1,37.1963
1,37.1963
1,37.1963
1,37.162
1,37.162
1,37.162
1,37.0933
1,37.0933
1,37.0933
1,37.0246
1,37.0246
1,37.0246
1,37.0246
1,37.0246
1,36.9559
1,36.9559
1,36.8871
1,36.7839
1,36.7839
1,36.7495
1,36.6807
1,36.7495
1,36.8183
1,36.7495
1,36.8183
1,36.6807
1,36.7839
1,36.6807
1,36.6463
1,36.4741
1,36.543
1,36.5774
1,36.5774
1,36.6118
1,36.6118
1,36.6118
1,36.543
1,36.5774
1,36.5774
1,36.543
1,36.4741
1,36.5085
1,36.3362
1,36.5085
1,36.4052
1,36.2673
1,36.1983
1,36.3362
1,36.1983
1,36.2673
1,36.3707
1,36.4741
1,36.4052
1,36.4052
1,36.4741
1,36.3362
1,36.3707
1,36.4052
1,36.3707
1,36.2673
1,36.2673
1,36.2673
1,36.1983
1,36.1293
1,36.1983
1,36.2673
1,36.1983
1,36.1983
1,36.2328
1,36.0948
1,36.2328
1,36.2673
1,36.1983
1,36.1983
1,36.1983
1,36.2673
1,36.2673
1,36.2673
1,36.1983
1,36.2328
1,36.1983
1,36.0948
1,36.1983
1,36.2328
1,36.2328
1,36.2673
1,36.3362
1,36.2673
1,36.2673
1,36.2673
1,36.2673
1,36.2673
1,36.3018
1,36.3018
1,36.3018
1,36.1983
1,36.2673
1,36.0948
1,36.1293
1,35.9912
1,36.1983
1,36.1293
1,36.2328
1,36.1293
1,36.1983
1,36.2673
1,36.2673
1,36.3362
1,36.2673
1,36.1983
1,36.2328
1,36.1983
1,36.1983
1,36.1983
1,36.2328
1,36.2673
1,36.2673
1,36.2673
1,36.3018
1,36.2673
1,36.3362
1,36.3362
1,36.3018
1,36.2673
1,36.3018
1,36.3362
1,36.3362
1,36.3362
1,36.4052
1,36.4052
1,36.3707
1,36.3018
1,36.3362
1,36.2673
1,36.1983
1,36.3018
1,36.1293
1,36.2673
1,36.3362
1,36.3362
1,36.3362
1,36.3362
1,36.3362
1,36.3362
1,36.2673
1,36.3018
1,36.2673
1,36.2328
1,36.2673
1,36.2328
1,36.1983
1,36.2328
1,36.2673
1,36.2328
1,36.1983
1,36.1983
1,36.1983
1,36.1983
1,36.1293
1,36.1983
1,36.2328
1,36.1983
1,36.2673
1,36.2673
1,36.2328
1,36.2328
1,36.1983
1,36.1638
1,36.1293
1,36.1983
1,36.1983
1,36.1638
1,36.1983
1,36.1638
1,36.1293
1,36.1293
1,36.1293
1,36.1293
1,36.1293
1,36.1638
1,36.1293
1,36.1293
1,36.1293
1,36.1293
1,36.1638
1,36.1983
1,36.1983
1,36.1638
1,36.1293
1,36.1293
1,36.0948
1,36.1293
1,36.0948
1,36.1293
1,36.0257
1,36.0603
1,36.0948
1,36.0257
1,36.0603
1,36.0603
1,36.0603
1,35.9912
1,36.0603
1,36.1293
1,36.0948
1,36.1293
1,36.1293
1,36.0948
1,36.1293
1,36.1293
1,36.1293
1,36.0257
1,36.0603
1,36.0948
1,36.0603
1,36.0948
1,36.0948
1,36.0603
1,36.0603
1,36.0603
1,35.9912
1,35.9567
1,36.0257
1,36.0603
1,36.0603
1,35.9912
1,36.1293
1,36.0603
1,36.0257
1,36.0603
1,36.0603
1,36.0603
1,36.0603
1,36.0603
1,36.0603
1,36.0603
1,35.9912
1,35.8876
1,36.0257
1,35.9912
1,35.9912
1,35.9912
1,35.9912
1,36.0603
1,36.0257
1,35.9912
1,36.0603
1,36.0948
1,36.0603
1,36.0948
1,36.0603
1,35.9221
1,36.0603
1,36.0603
1,36.1293
1,36.0948
1,36.1293
1,36.0603
1,35.9912
1,36.0603
1,35.9221
1,35.9912
1,36.0257
1,36.0603
1,36.1293
1,36.0603
1,36.0603
1,36.1293
1,36.0603
1,36.1293
1,36.1293
1,36.1293
1,36.1983
1,36.1293
1,35.9912
1,36.0603
1,36.1293
1,36.1638
1,36.1293
1,36.1293
1,36.1983
1,36.1293
1,35.9912
1,36.1638
1,36.0948
1,36.1293
1,36.1293
1,36.0603
1,36.0948
1,36.0603
1,35.853
1,36.1293
1,36.1638
1,36.0948
1,36.1638
1,36.1983
1,36.0603
1,36.1293
1,36.1293
1,36.1293
1,36.0948
1,36.1293
1,36.0948
1,36.0603
1,36.1293
1,36.0603
1,36.0948
1,36.1293
1,36.0948
1,36.1293
1,36.0948
1,36.0948
1,36.0948
1,36.0603
1,36.0603
1,36.0603
1,36.0257
1,36.1293
1,36.1293
1,36.0603
1,36.0603
1,36.0603
1,36.0603
1,35.9912
1,36.0603
1,36.0603
1,36.0257
1,36.0257
1,36.0603
1,35.9912
1,36.0257
1,36.0603
1,36.0603
1,35.9221
1,36.0948
1,36.0603
1,36.0603
1,36.0603
1,36.0603
1,35.9912
1,36.0257
1,36.0948
1,35.9912
1,36.0603
1,35.853
1,36.0603
1,36.0257
1,35.9912
1,35.9912
1,36.0257
1,35.9221
1,36.0257
1,36.0603
1,36.0603
1,36.1293
1,36.1293
1,36.1293
1,36.1293
1,36.1293
1,36.0948
1,36.1293
1,35.9912
1,36.0603
1,36.1293
1,36.1293
1,36.0948
1,36.1293
1,36.1293
1,36.1983
1,36.1638
1,36.0948
1,36.1293
1,36.1293
1,36.0603
1,36.1293
1,36.1293
1,35.9567
1,36.0603
1,36.1293
1,36.1983
1,36.1983
1,36.1983
1,36.1293
1,36.1983
1,36.0603
1,36.1293
1,36.0603
1,36.1293
1,36.1983
1,36.1983
1,36.1983
1,36.1983
1,36.1983
1,36.1983
1,36.1293
1,36.0603
1,36.1638
1,36.1293
1,36.1293
1,36.1983
1,36.0948
1,36.2328
1,36.1983
1,36.1983
1,36.1983
1,36.0257
1,36.1983
1,36.1983
1,36.1293
1,36.2673
1,36.2328
1,36.1293
1,36.1983
1,36.1638
1,36.0603
1,36.3362
1,36.1983
1,36.3362
1,36.3362
1,36.3018
1,36.3018
1,36.2673
1,36.2328
1,36.1983
1,36.1983
1,36.1983
1,36.1983
1,36.1983
1,36.1638
1,36.1293
1,36.1983
1,36.2673
1,36.2328
1,36.1638
1,36.1983
1,36.1638
1,36.1983
1,36.1638
1,36.1293
1,36.1638
1,36.0603
1,35.9912
1,36.1293
1,36.1293
1,36.1293
1,36.1293
1,36.1293
1,36.1638
1,36.1638
1,36.1983
1,36.1983
1,35.9912
1,36.0603
1,36.1983
1,36.1983
1,36.1983
1,36.1983
1,36.1983
1,36.2328
1,36.1983
1,36.1983
1,36.0603
1,36.1983
1,36.1983
1,36.1293
1,36.1638
1,36.1293
1,36.1638
1,36.1638
1,36.1293
1,36.1983
1,36.1983
1,36.2673
1,36.1983
1,36.0603
1,36.2673
1,36.1293
1,36.1983
1,36.3362
1,36.3362
1,36.1293
1,36.0603
1,36.2673
1,36.1638
1,36.1983
1,36.2328
1,36.2673
1,36.3362
1,36.3362
1,36.2673
1,36.1983
1,36.0603
1,36.2328
1,36.1983
1,36.2673
1,36.1983
1,36.3362
1,36.3018
1,36.5085
1,36.2673
1,36.3018
1,36.3018
1,36.2673
1,36.3362
1,36.2673
1,36.2673
1,36.3362
1,36.3362
1,36.1983
1,36.3018
1,36.3362
1,36.3018
1,36.2673
1,36.3018
1,36.3362
1,36.3707
1,36.4052
1,36.3707
1,36.4052
1,36.543
1,36.3362
1,36.3362
1,36.3018
1,36.4052
1,36.543
1,36.5774
1,36.5085
1,36.4052
1,36.4741
1,36.3018
1,36.4052
1,36.4052
1,36.4396
1,36.3362
1,36.4052
1,36.4741
1,36.5085
1,36.543
1,36.3707
1,36.4052
1,36.4741
1,36.5085
1,36.6118
1,36.6118
1,36.543
1,36.543
1,36.4741
1,36.543
1,36.543
1,36.543
1,36.543
1,36.4741
1,36.5085
1,36.543
1,36.543
1,36.6118
1,36.6118
1,36.6118
1,36.543
1,36.4741
1,36.4052
1,36.4741
1,36.4741
1,36.543
1,36.543
1,36.543
1,36.543
1,36.6118
1,36.4741
1,36.543
1,36.4396
1,36.543
1,36.5774
1,36.6807
1,36.6118
1,36.6118
1,36.6118
1,36.5085
1,36.4741
1,36.4052
1,36.543
1,36.543
1,36.5774
1,36.543
1,36.5085
1,36.5085
1,36.4741
1,36.4741
1,36.4741
1,36.4741
1,36.4741
1,36.543
1,36.543
1,36.543
1,36.543
1,36.543
1,36.5085
1,36.5085
1,36.543
1,36.4741
1,36.543
1,36.543
1,36.4741
1,36.4741
1,36.4741
1,36.4052
1,36.4052
1,36.4052
1,36.4052
1,36.4741
1,36.4741
1,36.4741
1,36.4741
1,36.4052
1,36.4052
1,36.4741
1,36.4052
1,36.4052
1,36.4396
1,36.4741
1,36.5085
1,36.4741
1,36.4741
1,36.4741
1,36.4741
1,36.4052
1,36.4052
1,36.4741
1,36.4396
1,36.4396
1,36.3707
1,36.3362
1,36.4741
1,36.4741
1,36.4396
1,45.9997
1,45.9997
1,46.0326
1,36.4396
1,46.0655
1,36.4741
1,36.4396
1,46.0655
1,36.4052
1,36.4052
1,36.4052
1,45.9011
1,36.4741
1,36.4741
1,36.4052
1,36.4052
1,45.8353
1,36.4052
1,36.4052
1,36.4052
1,36.4052
1,36.4052
1,36.4052
1,46.0326
1,36.3707
1,36.4052
1,36.4052
1,36.4052
1,36.4052
1,36.4052
1,36.4052
1,36.4052
1,36.4052
1,36.4052
1,36.4741
1,36.4052
1,36.4052
1,36.4052
1,36.4052
1,36.4052
1,36.4052
1,36.4052
1,46.0655
1,36.4052
1,36.4052
1,36.4052
1,36.4052
1,36.4052
1,45.934
1,36.4052
1,45.934
1,36.4052
1,36.4052
1,36.3707
1,36.3707
1,36.4052
1,46.0655
1,36.4052
1,36.4396
1,45.8353
1,36.4396
1,36.4052
1,36.4052
1,45.9997
1,36.4396
1,45.9669
1,36.4396
1,36.4052
1,36.4052
1,46.0655
1,45.9011
1,36.4052
1,36.4052
1,36.4052
1,45.7695
1,36.4052
1,45.8682
1,36.4052
1,36.4052
1,36.4052
1,36.4052
1,46.0655
1,36.4052
1,46.0655
1,36.4052
1,36.4052
1,45.9997
1,36.4052
1,45.9669
1,45.9011
1,36.4052
1,36.4741
1,36.4052
1,36.4396
1,36.4396
1,45.8024
1,36.4396
1,45.6379
1,45.7037
1,45.7366
1,45.7366
1,36.4741
1,45.8024
1,36.4741
1,36.4741
1,45.6379
1,36.4741
1,36.4741
1,36.4741
1,36.4741
1,36.4741
1,45.7037
1,36.4741
1,36.5085
1,36.4741
1,45.8024
1,36.4741
1,36.4741
1,36.5085
1,45.7037
1,36.543
1,45.6708
1,36.4741
1,45.6708
1,45.6379
1,45.6708
1,36.543
1,36.543
1,36.6118
1,36.6118
1,45.7695
1,36.6118
1,45.7037
1,36.543
1,45.6379
1,36.543
1,36.5774
1,36.5774
1,36.543
1,45.7037
1,36.6118
1,45.7695
1,36.6118
1,45.7037
1,36.5774
1,36.543
1,45.6379
1,36.4741
1,36.5085
1,36.543
1,36.543
1,45.7037
1,36.5774
1,36.6118
1,36.6118
1,36.6118
1,36.6118
1,36.4741
1,36.6118
1,36.5774
1,45.7695
1,36.5085
1,36.543
1,45.7037
1,36.543
1,36.5085
1,36.5774
1,36.5774
1,36.6118
1,36.5774
1,36.543
1,36.543
1,36.6118
1,36.543
1,36.543
1,36.4741
1,36.543
1,36.5774
1,36.543
1,45.7037
1,36.543
1,36.543
1,45.8353
1,36.543
1,45.7695
1,36.543
1,45.8682
1,36.543
1,45.6049
1,36.5774
1,36.543
1,45.7037
1,36.6118
1,36.6118
1,36.6118
1,45.7037
1,36.543
1,45.7366
1,36.5085
1,36.543
1,45.6379
1,45.6049
1,36.543
1,45.6379
1,36.543
1,36.543
1,36.543
1,45.7695
1,36.543
1,45.7366
1,36.543
1,36.543
1,36.543
1,36.543
1,36.543
1,45.6379
1,36.6118
1,45.6708
1,36.543
1,45.7695
1,36.543
1,36.5774
1,36.5774
1,36.5774
1,36.5774
1,36.543
1,45.4732
1,36.5774
1,45.7366
1,36.5774
1,45.7037
1,36.543
1,36.543
1,45.7037
1,36.6118
1,36.543
1,45.6049
1,36.6118
1,45.6049
1,36.5774
1,45.7366
1,36.6118
1,45.7037
1,36.543
1,45.8024
1,36.6463
1,45.7366
1,36.7151
1,36.6807
1,36.6807
1,36.6807
1,36.7151
1,36.6807
1,45.7695
1,36.7495
1,36.7151
1,36.7495
1,36.6807
1,36.7495
1,45.5391
1,45.5391
1,36.7495
1,36.7495
1,36.8183
1,45.6708
1,36.8183
1,45.6708
1,36.8183
1,36.8183
1,36.8183
1,36.8183
1,36.8183
1,36.8527
1,36.8183
1,36.8871
1,36.9559
1,37.0933
1,45.7037
1,36.9902
1,37.0246
1,37.0246
1,45.6708
1,36.9559
1,37.0933
1,37.1277
1,37.1963
1,37.3679
1,37.0246
1,37.059
1,45.7037
1,37.0933
1,36.9902
1,36.9559
1,36.8871
1,45.572
1,36.9902
1,37.059
1,45.7037
1,37.1963
1,37.2993
1,45.7037
1,37.162
1,37.2993
1,37.059
1,37.0246
1,37.0246
1,45.6379
1,37.0246
1,37.0933
1,37.162
1,37.4365
1,37.2307
1,37.6079
1,37.1963
1,45.7037
1,37.0933
1,45.572
1,37.0933
1,37.0246
1,37.059
1,37.265
1,37.0933
1,37.1963
1,45.6379
1,37.2993
1,37.7792
1,37.4365
1,45.7037
1,37.2307
1,37.3679
1,37.265
1,37.4365
1,37.5051
1,37.3336
1,45.572
1,37.2993
1,37.7107
1,45.6049
1,37.8134
1,45.7037
1,37.5051
1,37.5394
1,37.3679
1,37.4708
1,45.7037
1,37.2993
1,45.7037
1,37.265
1,37.2993
1,45.5391
1,37.2307
1,37.3679
1,37.3336
1,37.745
1,37.5051
1,37.4708
1,37.4708
1,45.7366
1,37.3679
1,37.2993
1,37.2993
1,37.2993
1,37.3679
1,37.5051
1,37.4365
1,45.7037
1,45.6708
1,37.6765
1,37.6079
1,37.5051
1,37.5051
1,37.5051
1,37.4708
1,45.6049
1,45.6049
1,37.4365
1,45.6379
1,37.4022
1,45.6049
1,37.5737
1,37.8134
1,37.5737
1,38.3605
1,37.6079
1,37.6422
1,37.4708
1,37.4365
1,45.7695
1,45.6708
1,37.4708
1,37.6079
1,37.5737
1,37.8477
1,45.7695
1,37.8134
1,37.6079
1,45.7695
1,37.8134
1,45.6379
1,37.8819
1,45.6379
1,37.9845
1,45.8024
1,37.745
1,38.0529
1,45.8353
1,37.8477
1,37.745
1,45.7695
1,37.8134
1,37.8477
1,45.7366
1,37.9161
1,45.7695
1,37.9845
1,45.8024
1,37.9845
1,37.8819
1,38.1897
1,45.7695
1,37.8477
1,45.8024
1,38.0529
1,37.8477
1,37.9845
1,37.5394
1,35.7839
1,35.3687
1,45.8024
1,34.9181
1,45.7695
1,34.7792
1,34.7097
1,34.536
1,34.536
1,45.7037
1,34.3969
1,45.6708
1,34.3273
1,45.6049
1,34.3273
1,34.2925
1,34.1184
1,45.8024
1,45.7366
1,34.0487
1,45.7695
1,34.1184
1,34.1184
1,34.1184
1,33.979
1,33.8396
1,33.979
1,34.0139
1,34.188
1,35.0222
1,35.2302
1,45.8353
1,35.0222
1,35.5072
1,36.1293
1,36.3707
1,36.3707
1,45.8353
1,36.7839
1,45.6379
1,45.6379
1,36.8871
1,45.7695
1,37.265
1,46.0655
1,37.4365
1,45.934
1,37.5737
1,45.8353
1,37.5051
1,37.3679
1,37.5051
1,37.5051
1,45.9669
1,37.6765
1,37.745
1,37.9503
1,37.7792
1,37.7792
1,45.8682
1,37.745
1,45.8353
1,37.6422
1,37.7107
1,37.8819
1,37.9161
1,37.7792
1,37.8477
1,37.9161
1,38.258
1,37.7792
1,37.7792
1,37.9845
1,37.9845
1,38.0529
1,45.9669
1,38.1213
1,37.9161
1,38.1897
1,37.9845
1,46.1968
1,37.8819
1,46.1968
1,37.9503
1,46.3609
1,37.9845
1,38.1213
1,37.9161
1,38.0187
1,37.8819
1,37.7107
1,37.9161
1,37.745
1,37.3679
1,37.6422
1,37.8134
1,37.2307
1,37.4022
1,37.265
1,37.7792
1,46.2953
1,37.6422
1,37.745
1,46.2297
1,37.4708
1,37.7792
1,46.2953
1,37.5737
1,37.6079
1,37.6422
1,37.4365
1,37.4365
1,37.3679
1,37.5737
1,37.4365
1,37.5051
1,37.4365
1,37.3679
1,37.4708
1,37.4365
1,37.3679
1,46.5577
1,37.8477
1,37.4022
1,37.6079
1,37.745
1,37.6079
1,37.6422
1,46.4265
1,37.4365
1,37.265
1,37.5051
1,46.5905
1,37.2993
1,46.5577
1,37.7107
1,46.4265
1,37.2993
1,37.6765
1,46.3937
1,37.5737
1,37.2307
1,37.5051
1,37.265
1,46.164
1,37.059
1,37.0933
1,37.2993
1,36.8183
1,36.8871
1,36.8183
1,36.8871
1,46.4593
1,37.0933
1,36.9559
1,36.9559
1,36.8527
1,37.162
1,37.3336
1,36.9559
1,46.5577
1,36.7495
1,46.5249
1,36.9215
1,46.5905
1,36.2673
1,36.5085
1,36.5774
1,36.2673
1,36.543
1,36.6463
1,36.4741
1,36.4052
1,36.5774
1,46.4921
1,36.543
1,46.5577
1,36.6118
1,36.6118
1,36.6118
1,46.3937
1,36.6118
1,36.7495
1,36.6807
1,36.7495
1,36.4741
1,46.5577
1,36.6807
1,36.6118
1,37.0933
1,36.7495
1,46.6232
1,36.8527
1,46.6232
1,36.6807
1,36.8183
1,46.5905
1,36.8183
1,37.0933
1,36.8871
1,36.9902
1,36.7839
1,36.6807
1,36.7495
1,36.6118
1,46.7215
1,37.4365
1,36.8871
1,36.9559
1,37.0246
1,36.9559
1,37.0246
1,36.8183
1,37.0246
1,46.4921
1,37.0246
1,36.9559
1,36.8183
1,36.8183
1,36.6807
1,36.8183
1,46.4265
1,37.059
1,37.162
1,36.9902
1,37.2307
1,37.0246
1,36.9902
1,37.0246
1,37.059
1,36.9559
1,46.6887
1,36.9902
1,36.9902
1,37.0933
1,37.3679
1,37.2307
1,37.4022
1,37.265
1,37.5737
1,46.7542
1,46.6887
1,38.1897
1,38.258
1,38.3946
1,38.4629
1,38.4629
1,38.497
1,38.5311
1,38.5311
1,38.5652
1,46.7869
1,38.7357
1,38.8039
1,39.1103
1,39.0082
1,46.5249
1,39.0082
1,46.7542
1,39.1443
1,39.1783
1,46.8197
1,39.1443
1,39.2123
1,39.0763
1,39.1443
1,39.1443
1,46.8197
1,39.0422
1,39.2123
1,46.8197
1,39.2123
1,46.8197
1,39.1783
1,46.7869
1,39.2803
1,39.2123
1,39.2803
1,39.2123
1,46.8197
1,39.2803
1,39.2803
1,46.8197
1,39.2803
1,39.2803
1,46.7542
1,39.4502
1,39.4842
1,46.5905
1,39.4162
1,39.5521
1,39.4502
1,39.4502
1,39.5521
1,39.62
1,46.8851
1,39.5521
1,39.5521
1,39.6539
1,39.5521
1,46.9178
1,39.62
1,46.9178
1,39.7217
1,46.9178
1,46.8524
1,39.62
1,39.62
1,46.8851
1,39.5521
1,39.6539
1,39.6539
1,46.5577
1,39.7557
1,39.6539
1,46.7869
1,39.7557
1,39.7217
1,39.7557
1,39.8235
1,46.8524
1,39.7557
1,39.7557
1,39.8235
1,39.7217
1,39.8913
1,40.0945
1,40.0268
1,40.0268
1,46.9505
1,39.9252
1,40.0268
1,39.9591
1,46.9832
1,46.9832
1,39.8913
1,46.9832
1,40.0268
1,40.0268
1,46.8851
1,40.0268
1,40.1622
1,40.1622
1,40.0945
1,40.1622
1,40.0945
1,40.1622
1,40.0945
1,40.2299
1,40.2976
1,46.8197
1,40.3314
1,40.3314
1,40.2976
1,40.2299
1,40.2299
1,46.9505
1,40.2638
1,40.2299
1,40.3314
1,40.3652
1,40.3652
1,40.3314
1,40.3652
1,40.3652
1,47.114
1,40.399
1,40.4328
1,47.0813
1,40.399
1,40.3652
1,40.568
1,40.5004
1,40.4328
1,40.5342
1,40.5342
1,40.5342
1,40.3652
1,40.399
1,40.3652
1,40.399
1,46.9178
1,40.2976
1,40.3314
1,40.4666
1,40.3652
1,40.399
1,40.399
1,46.9832
1,40.3652
1,40.3652
1,40.4666
1,40.399
1,47.0486
1,40.4328
1,40.568
1,40.4328
1,47.0486
1,40.5004
1,40.4328
1,40.4328
1,40.3652
1,47.1467
1,40.4328
1,40.3652
1,47.0813
1,40.3314
1,40.3652
1,47.0486
1,40.2976
1,40.8381
1,41.3098
1,40.973
1,40.5004
1,40.7031
1,40.568
1,40.6018
1,40.5004
1,40.5004
1,40.399
1,47.0813
1,40.4666
1,40.5342
1,40.7706
1,40.4328
1,47.1467
1,40.4666
1,40.8381
1,40.568
1,40.568
1,47.1793
1,40.568
1,47.1467
1,40.4666
1,40.6355
1,40.6355
1,40.6693
1,40.7031
1,40.7368
1,47.114
1,40.7706
1,40.7706
1,46.9832
1,40.8381
1,40.7706
1,40.8718
1,40.973
1,40.973
1,41.3098
1,41.1414
1,40.6355
1,47.0486
1,47.0813
1,40.7031
1,40.7368
1,40.7706
1,40.8718
1,40.9055
1,40.8718
1,40.9055
1,40.9392
1,41.0067
1,47.212
1,41.2425
1,47.31
1,41.5453
1,41.6461
1,47.2773
1,41.7805
1,47.212
1,41.6461
1,41.7133
1,47.212
1,47.1793
1,41.9147
1,47.212
1,42.0489
1,42.25
1,47.1793
1,42.183
1,47.2447
1,42.384
1,47.212
1,42.2835
1,42.5178
1,47.2447
1,42.4844
1,47.212
1,42.6516
1,47.1793
1,42.5847
1,42.7185
1,42.6516
1,42.7519
1,42.7185
1,42.8521
1,42.9856
1,42.8187
1,42.7853
1,47.2773
1,43.1858
1,43.2525
1,43.2525
1,43.2525
1,43.2525
1,43.3191
1,47.212
1,43.1858
1,43.1858
1,47.1793
1,42.9856
1,42.9523
1,43.019
1,47.2773
1,43.2525
1,47.0813
1,43.3191
1,47.114
1,43.3858
1,43.519
1,43.6188
1,47.212
1,43.5855
1,43.4524
1,43.3525
1,43.2858
1,43.3858
1,43.4191
1,47.1467
1,43.4857
1,47.212
1,43.4191
1,43.4524
1,43.4524
1,43.4191
1,43.4191
1,43.1858
1,43.019
1,43.1191
1,43.2525
1,43.1858
1,43.1191
1,43.1191
1,42.9856
1,43.3191
1,43.3525
1,43.2525
1,47.2773
1,43.2525
1,43.3191
1,43.519
1,43.519
1,43.5855
1,43.7518
1,47.3426
1,43.7518
1,43.519
1,43.5855
1,43.7186
1,43.6521
1,43.8183
1,47.3426
1,47.4079
1,43.7518
1,43.7851
1,44.0176
1,43.918
1,43.8515
1,43.8515
1,43.8515
1,47.3752
1,44.1504
1,44.2499
1,44.2831
1,44.2831
1,44.2499
1,47.2773
1,44.2499
1,47.2773
1,44.2499
1,44.1504
1,44.1172
1,44.2168
1,47.31
1,44.084
1,44.1172
1,43.8848
1,43.6521
1,43.7518
1,43.519
1,43.7518
1,43.7851
1,43.7851
1,47.4731
1,43.8515
1,43.7186
1,43.7851
1,43.519
1,43.6188
1,43.7851
1,47.212
1,43.8515
1,43.918
1,43.7851
1,43.8848
1,44.0508
1,44.0508
1,47.4079
1,44.084
1,44.1172
1,44.2499
1,43.7851
1,43.6521
1,43.5855
1,47.4731
1,43.7518
1,47.4731
1,43.7851
1,43.5855
1,43.4857
1,43.3191
1,47.6035
1,43.3858
1,43.3858
1,43.3525
1,47.6035
1,43.3858
1,43.2858
1,43.3858
1,43.1858
1,43.2858
1,43.3858
1,43.3191
1,43.2191
1,43.1858
1,43.019
1,43.1525
1,43.4524
1,43.3858
1,43.3191
1,43.2525
1,43.2525
1,47.6361
1,43.2191
1,43.1858
1,47.7013
1,43.2191
1,47.6687
1,43.2525
1,47.6687
1,43.1525
1,43.1525
1,43.0524
1,43.1858
1,47.799
1,43.1525
1,43.3858
1,43.3191
1,43.3191
1,43.3858
1,43.3858
1,47.799
1,43.519
1,43.3191
1,43.3858
1,47.799
1,43.4857
1,47.799
1,47.799
1,47.7664
1,43.3191
1,47.799
1,43.3191
1,47.7664
1,43.5855
1,43.5855
1,43.5855
1,43.7186
1,43.5855
1,43.6188
1,43.6188
1,43.5855
1,43.6853
1,43.5855
1,43.5855
1,43.5522
1,47.8315
1,43.5522
1,43.4857
1,43.519
1,47.7664
1,47.7338
1,43.5855
1,47.7338
1,47.6687
1,47.7664
1,43.7186
1,43.7851
1,47.799
1,43.7518
1,43.8515
1,43.0858
1,47.8315
1,40.973
1,40.1622
1,47.7664
1,38.7698
1,47.7664
1,37.3679
1,36.9559
1,36.6807
1,47.799
1,35.9912
1,35.7148
1,47.7338
1,35.3687
1,35.1262
1,36.3362
1,37.2307
1,38.0871
1,40.0945
1,40.7031
1,41.2761
1,41.7805
1,42.183
1,47.8641
1,42.5513
1,47.9292
1,42.7853
1,47.8641
1,43.3191
1,43.3191
1,43.6521
1,43.8515
1,44.1172
1,48.0593
1,47.9292
1,44.2499
1,47.8966
1,44.4488
1,44.7467
1,44.6806
1,47.8315
1,44.879
1,44.846
1,47.799
1,44.846
1,44.8129
1,44.7798
1,44.8129
1,44.7798
1,44.9782
1,45.8353
1,47.9942
1,45.1763
1,45.1763
1,45.0773
1,47.9617
1,44.879
1,45.1103
1,45.1103
1,45.1763
1,45.1763
1,45.0112
1,44.9782
1,47.9942
1,45.0442
1,47.9617
1,45.0112
1,45.0112
1,47.9942
1,45.3413
1,47.9942
1,47.9942
1,45.3083
1,45.2753
1,45.2423
1,45.1763
1,45.0112
1,47.9942
1,45.1103
1,44.9782
1,47.9942
1,45.0112
1,47.9942
1,44.9451
1,45.1103
1,48.0267
1,45.0442
1,45.0442
1,47.9942
1,45.1103
1,47.9942
1,45.0773
1,45.1103
1,45.1103
1,45.2093
1,45.3743
1,45.3743
1,45.4072
1,48.0593
1,45.3083
1,47.9617
1,48.0267
1,47.9942
1,45.2093
1,48.1568
1,45.0442
1,48.1568
1,45.0773
1,45.1103
1,45.1103
1,45.1763
1,45.3083
1,45.3413
1,45.4732
1,48.0918
1,45.4402
1,48.1243
1,45.3083
1,48.1568
1,45.3413
1,45.1103
1,45.1763
1,48.1243
1,45.2423
1,45.3413
1,45.3083
1,48.1568
1,45.3083
1,45.3743
1,45.3743
1,45.3743
1,45.3083
1,48.1893
1,48.1893
1,48.1893
1,45.3083
1,45.4072
1,45.3083
1,45.3743
1,45.3083
1,48.1893
1,45.2093
1,45.3083
1,48.2218
1,45.2423
1,45.2753
1,45.5061
1,45.4402
1,48.1893
1,45.5061
1,48.1568
1,45.5061
1,45.4402
1,45.5391
1,45.6379
1,48.1243
1,45.6379
1,45.7695
1,45.6379
1,48.3192
1,45.5061
1,45.4402
1,45.4402
1,45.4732
1,45.6049
1,45.6379
1,45.7037
1,45.6379
1,45.6379
1,45.6379
1,47.9942
1,45.572
1,45.6379
1,45.9011
1,45.9011
1,48.0593
1,45.9669
1,45.7037
1,45.7037
1,47.9292
1,45.7695
1,45.8682
1,45.9011
1,45.934
1,45.8353
1,45.7037
1,47.9292
1,48.0593
1,48.0267
1,45.9011
1,45.9669
1,45.9997
1,48.1893
1,46.0655
1,48.1893
1,46.0655
1,46.0655
1,48.1893
1,45.9997
1,46.0655
1,48.3841
1,46.0655
1,48.3841
1,46.2297
1,46.164
1,48.3192
1,46.0655
1,48.2543
1,48.3517
1,46.0655
1,46.0655
1,46.0655
1,46.0655
1,48.449
1,48.5139
1,46.4593
1,46.4593
1,48.449
1,46.4265
1,46.4921
1,46.3609
1,48.5788
1,46.2953
1,46.164
1,48.6112
1,46.0655
1,46.0983
1,46.0655
1,46.0655
1,48.6436
1,46.0655
1,46.0655
1,48.676
1,46.0655
1,46.0655
1,46.0983
1,48.5464
1,46.164
1,46.164
1,46.2297
1,46.1312
1,48.7084
1,46.2953
1,46.164
1,48.7732
1,46.1312
1,46.1312
1,48.7084
1,46.1968
1,46.4265
1,46.2953
1,48.5464
1,46.3937
1,46.3609
1,48.7084
1,46.2953
1,46.1312
1,46.0655
1,48.838
1,48.838
1,46.1312
1,48.6112
1,46.3281
1,46.2625
1,48.7732
1,46.2953
1,46.2625
1,46.2953
1,48.9675
1,48.9027
1,46.164
1,46.2297
1,46.0983
1,48.9675
1,46.0655
1,46.0655
1,46.0655
1,48.9675
1,46.0655
1,46.0655
1,48.9675
1,46.0655
1,48.9351
1,46.0655
1,46.0655
1,48.9351
1,49.0969
1,49.0322
1,46.0655
1,48.9027
1,46.0655
1,46.0655
1,46.0655
1,49.0645
1,46.0655
1,46.1968
1,46.0655
1,46.0655
1,46.0655
1,46.7215
1,48.9998
1,49.0645
1,46.0655
1,46.0655
1,48.9351
1,46.0655
1,46.0655
1,46.0655
1,48.9998
1,46.0655
1,46.0655
1,46.0655
1,46.0655
1,48.7084
1,46.0655
1,46.0655
1,46.0655
1,46.0655
1,48.9351
1,45.9669
1,48.9675
1,49.0645
1,45.8682
1,45.9011
1,45.8682
1,45.8682
1,45.9011
1,45.8682
1,49.0969
1,45.8353
1,45.8353
1,45.8353
1,49.1292
1,45.8682
1,45.8353
1,49.0969
1,45.8682
1,49.0969
1,45.8353
1,45.9011
1,45.8353
1,45.8682
1,45.8682
1,45.8353
1,49.2262
1,46.0655
1,49.0969
1,46.0655
1,49.2585
1,46.0326
1,49.1938
1,46.0655
1,45.9669
1,49.2262
1,45.8353
1,49.0969
1,45.7695
1,45.8024
1,45.8682
1,45.8682
1,45.8682
1,45.9011
1,45.9669
1,49.2908
1,46.0655
1,46.0655
1,46.0655
1,46.0326
1,46.0326
1,45.9669
1,49.7102
1,46.0655
1,46.0655
1,46.164
1,46.0983
1,46.3609
1,46.0655
1,50.0966
1,46.2297
1,46.3281
1,46.164
1,46.3281
1,49.8713
1,46.3609
1,46.3609
1,46.3281
1,46.3609
1,49.8713
1,46.3609
1,46.4265
1,46.2297
1,46.2953
1,50.0644
1,46.2297
1,46.4593
1,46.4265
1,46.4593
1,46.4921
1,46.4265
1,46.3281
1,46.3281
1,46.3281
1,46.2953
1,50.4179
1,49.8713
1,46.6887
1,46.6232
1,46.6232
1,46.6232
1,46.656
1,46.7215
1,50.2894
1,46.7869
1,46.8197
1,46.7542
1,46.8851
1,46.9505
1,46.8197
1,46.7542
1,46.8197
1,46.8197
1,46.8197
1,50.7387
1,46.8851
1,46.8851
1,50.7066
1,50.7066
1,46.9505
1,47.114
1,47.0159
1,47.0813
1,47.114
1,47.0813
1,50.2252
1,47.0813
1,47.0813
1,50.0644
1,49.7102
1,50.6425
1,47.1467
1,47.1467
1,47.1467
1,47.0159
1,47.0813
1,47.1467
1,47.212
1,50.2573
1,47.2773
1,47.2773
1,50.3858
1,47.1467
1,50.5142
1,49.9357
1,47.3426
1,47.3752
1,47.3426
1,47.4405
1,47.5057
1,50.5142
1,49.8713
1,47.5709
1,49.8391
1,47.7338
1,49.549
1,49.4845
1,47.5057
1,47.0486
1,46.7215
1,46.2625
1,49.5167
1,46.0655
1,46.0655
1,45.9011
1,45.8353
1,45.9669
1,46.0326
1,45.7037
1,45.7037
1,45.572
1,45.2423
1,45.5061
1,49.3876
1,45.3083
1,45.1103
1,44.9121
1,45.0442
1,45.0112
1,44.9782
1,49.2262
1,44.9121
1,49.1938
1,44.8129
1,49.1292
1,44.9451
1,44.9451
1,44.8129
1,44.7798
1,44.7137
1,49.2908
1,44.7467
1,49.3554
1,44.5813
1,44.7137
1,44.846
1,49.2908
1,44.879
1,49.5813
1,44.8129
1,49.3876
1,44.7467
1,44.7137
1,44.6475
1,44.5482
1,44.4819
1,44.5151
1,44.4488
1,44.4819
1,44.3494
1,44.1836
1,49.1938
1,44.2499
1,44.2168
1,48.7084
1,44.1504
1,44.1836
1,44.1836
1,48.5464
1,44.1836
1,44.1172
1,48.6436
1,44.3162
1,48.7732
1,48.5464
1,44.3162
1,44.3825
1,44.3825
1,47.5057
1,44.4488
1,44.3494
1,44.2499
1,44.1172
1,44.1836
1,44.5151
1,44.5151
1,44.5151
1,44.7798
1,44.846
1,44.6475
1,45.7366
1,44.8129
1,44.7798
1,45.572
1,44.6475
1,45.4402
1,44.6144
1,44.4819
1,44.5813
1,44.6144
1,44.5151
1,44.5482
1,45.0442
1,44.7137
1,44.846
1,44.7798
1,44.7137
1,44.7137
1,44.7467
1,44.7137
1,44.7137
1,44.6475
1,44.5482
1,44.4819
1,44.9782
1,44.9782
1,44.3825
1,44.4157
1,44.4819
1,45.4732
1,44.4819
1,44.3825
1,44.3162
1,44.1836
1,44.3162
1,45.5061
1,44.1836
1,44.1504
1,45.572
1,44.0508
1,44.0508
1,44.084
1,45.3083
1,44.1504
1,44.1836
1,44.2499
1,44.2168
1,44.1836
1,44.3825
1,44.2168
1,46.4265
1,44.1172
1,44.1504
1,44.0176
1,44.2499
1,44.3162
1,44.3162
1,44.3162
1,46.3937
1,44.2831
1,44.2831
1,46.164
1,44.2499
1,44.0508
1,43.9844
1,47.212
1,43.8515
1,43.8848
1,47.6361
1,44.0176
1,43.9844
1,44.1172
1,43.9844
1,43.9844
1,43.9512
1,48.0918
1,43.8848
1,48.0918
1,43.918
1,44.084
1,44.084
1,44.1504
1,48.1243
1,44.1836
1,44.2831
1,48.0593
1,44.2168
1,44.1836
1,44.0508
1,47.8641
1,43.9844
1,43.9844
1,47.799
1,47.799
1,44.2499
1,44.2831
1,44.2499
1,44.1836
1,44.1504
1,44.1172
1,44.084
1,44.0508
1,47.9292
1,44.084
1,44.0508
1,43.9844
1,44.0508
1,44.0508
1,44.0508
1,43.9844
1,43.9844
1,43.918
1,43.918
1,43.8848
1,43.8515
1,43.8848
1,43.918
1,43.918
1,43.8515
1,44.084
1,44.0176
1,43.918
1,43.7851
1,43.7518
1,43.7186
1,43.6188
1,47.2773
1,43.8183
1,47.31
1,43.8515
1,43.8848
1,43.918
1,47.5709
1,43.918
1,43.9512
1,44.1836
1,44.1172
1,43.918
1,43.7851
1,43.8183
1,43.8515
1,43.9844
1,43.9844
1,44.0508
1,44.2499
1,44.2168
1,44.084
1,43.9512
1,44.0176
1,47.1793
1,43.9844
1,43.918
1,43.9512
1,43.9844
1,44.0176
1,43.9844
1,43.9844
1,47.0813
1,43.9844
1,47.114
1,43.918
1,43.918
1,47.114
1,43.9512
1,43.8515
1,47.0159
1,43.918
1,43.918
1,43.9512
1,43.9844
1,44.0508
1,43.9512
1,43.9512
1,43.9512
1,43.918
1,43.9844
1,43.9844
1,47.1467
1,43.9512
1,47.1793
1,43.9512
1,43.9512
1,47.0486
1,43.9844
1,47.0486
1,43.9844
1,47.0486
1,43.9844
1,43.918
1,43.7186
1,46.9178
1,43.8515
1,43.918
1,43.8515
1,43.7186
1,43.918
1,47.0159
1,43.9512
1,43.918
1,43.918
1,43.9512
1,44.0508
1,43.918
1,43.918
1,43.8848
1,43.918
1,46.9178
1,43.8515
1,43.8515
1,43.8515
1,43.8183
1,46.8524
1,46.9505
1,43.8515
1,46.8524
1,43.7186
1,46.8524
1,43.8183
1,43.7186
1,46.7869
1,43.8515
1,43.8515
1,43.8183
1,43.9512
1,44.0176
1,43.918
1,43.9844
1,44.0176
1,44.0176
1,43.8848
1,43.918
1,43.8515
1,43.5855
1,43.6188
1,43.8515
1,43.918
1,43.9512
1,46.7215
1,43.7851
1,43.8515
1,43.7186
1,46.7869
1,44.0508
1,43.6853
1,43.5855
1,43.5855
1,43.7851
1,43.8515
1,43.8515
1,43.918
1,43.9512
1,43.9844
1,43.7186
1,43.6853
1,43.7186
1,43.6853
1,43.5855
1,43.6188
1,46.8524
1,43.7851
1,43.8848
1,43.918
1,43.7186
1,43.519
1,43.5855
1,43.6853
1,43.5522
1,43.5522
1,43.6853
1,43.918
1,46.8197
1,44.084
1,46.9505
1,44.0508
1,44.1172
1,43.8515
1,46.9505
1,43.5855
1,43.6521
1,43.4524
1,43.519
1,43.6853
1,43.6188
1,43.7851
1,47.0486
1,43.8848
1,43.9512
1,43.9512
1,43.7851
1,43.7186
1,43.7186
1,43.7186
1,43.6521
1,47.4079
1,43.8515
1,43.8848
1,43.9844
1,43.8848
1,47.4079
1,43.6188
1,43.5855
1,43.4524
1,43.3858
1,43.4524
1,43.519
1,43.6188
1,43.8515
1,47.212
1,43.7851
1,47.3752
1,43.8515
1,43.6521
1,43.5855
1,43.519
1,47.3752
1,43.4857
1,43.3858
1,43.5855
1,43.6521
1,43.918
1,43.9844
1,44.0176
1,43.9844
1,47.212
1,43.918
1,43.7851
1,43.3525
1,43.4524
1,43.7186
1,43.8848
1,43.9512
1,43.9512
1,44.0508
1,44.084
1,44.0508
1,43.8515
1,43.7186
1,43.5522
1,43.7518
1,47.799
1,43.7186
1,47.7338
1,43.918
1,47.8966
1,44.1172
1,43.7518
1,43.8848
1,44.1836
1,47.6035
1,43.5855
1,43.6188
1,47.5057
1,43.6853
1,47.4731
1,43.7851
1,43.918
1,43.9844
1,44.0176
1,47.5057
1,43.8515
1,43.8183
1,43.5522
1,43.6853
1,43.6853
1,43.8183
1,43.8515
1,43.9844
1,43.8848
1,48.1243
1,43.918
1,43.7186
1,43.519
1,43.519
1,43.7186
1,47.7013
1,43.7851
1,47.7338
1,43.7851
1,43.7186
1,47.7664
1,43.918
1,44.0176
1,47.8641
1,43.918
1,43.9844
1,47.8315
1,43.5522
1,43.3858
1,43.3858
1,47.8315
1,43.6188
1,43.7518
1,43.519
1,43.6188
1,43.5855
1,43.7518
1,47.5383
1,43.5855
1,43.4191
1,43.5855
1,43.4524
1,43.4524
1,47.6035
1,47.7338
1,47.8641
1,43.6853
1,43.7851
1,43.6521
1,47.5383
1,47.4079
1,43.6521
1,43.5855
1,43.6521
1,43.6521
1,47.5383
1,43.7186
1,43.6853
1,47.799
1,43.7851
1,43.7851
1,43.8515
1,47.5383
1,43.6853
1,43.4191
1,43.4524
1,43.3858
1,47.6687
1,43.3191
1,43.3191
1,47.3426
1,47.2773
1,47.1467
1,43.7186
1,43.8183
1,43.4524
1,43.519
1,43.5855
1,43.3191
1,43.5522
1,43.5522
1,47.8641
1,43.7186
1,43.7851
1,43.8515
1,43.918
1,43.8515
1,43.7851
1,43.7186
1,43.7186
1,47.2773
1,43.4524
1,43.5522
1,43.519
1,43.7186
1,43.7851
1,47.3426
1,43.7518
1,43.4857
1,43.7851
1,43.8515
1,43.6521
1,43.519
1,43.3191
1,43.3191
1,43.6521
1,47.6035
1,43.4524
1,43.5522
1,47.7664
1,43.7851
1,47.5709
1,43.918
1,47.5383
1,43.8848
1,43.8848
1,47.6035
1,47.7013
1,43.8848
1,47.7013
1,47.6687
1,43.6521
1,47.6035
1,43.2858
1,43.3858
1,43.7851
1,43.6853
1,43.7851
1,43.6853
1,43.8515
1,43.7851
1,43.7518
1,43.5855
1,47.4079
1,43.3858
1,47.5057
1,43.8183
1,47.6035
1,43.8183
1,43.7851
1,47.6361
1,43.8515
1,43.8515
1,43.7851
1,43.7186
1,47.7013
1,43.519
1,43.7851
1,47.8966
1,47.7664
1,43.7518
1,47.9292
1,43.7851
1,43.7851
1,47.7338
1,43.8515
1,43.8515
1,48.0918
1,43.6853
1,43.4524
1,43.6521
1,43.2525
1,43.4857
1,43.7851
1,43.7186
1,48.2543
1,43.8183
1,48.0918
1,43.6853
1,43.519
1,48.1568
1,43.4524
1,48.3517
1,43.7186
1,43.4524
1,43.4524
1,43.3858
1,43.5522
1,43.5855
1,43.7851
1,43.7518
1,43.8183
1,43.7518
1,43.519
1,43.5522
1,43.4524
1,43.2525
1,43.1858
1,48.7084
1,48.7084
1,43.5855
1,43.7851
1,48.6436
1,43.2191
1,43.2525
1,43.2525
1,43.3191
1,43.2525
1,43.1858
1,43.5855
1,48.7408
1,43.6853
1,43.7186
1,43.6853
1,48.7408
1,48.5788
1,43.7186
1,48.7408
1,43.5855
1,43.5855
1,43.6521
1,43.6853
1,43.9512
1,43.918
1,49.0322
1,43.918
1,49.3554
1,43.8848
1,49.1615
1,43.918
1,43.7186
1,43.7851
1,49.0322
1,44.1172
1,48.9027
1,43.918
1,49.1292
1,43.7518
1,48.7732
1,43.8515
1,43.7851
1,43.8183
1,43.7851
1,49.2585
1,43.8515
1,43.5522
1,48.8056
1,43.5855
1,43.6521
1,48.9027
1,43.7186
1,49.2585
1,49.2262
1,43.5855
1,43.6521
1,43.6521
1,49.1292
1,43.5522
1,43.6521
1,49.4522
1,43.519
1,43.5855
1,43.6521
1,43.6521
1,43.6521
1,43.6188
1,43.5855
1,43.6521
1,43.5855
1,43.5855
1,43.519
1,43.4524
1,43.3858
1,48.9675
1,48.9027
1,43.3858
1,43.4191
1,43.4191
1,48.8704
1,43.2191
1,43.1525
1,43.2191
1,43.1858
1,49.1292
1,43.2525
1,48.9351
1,43.2191
1,43.2525
1,43.2525
1,43.2191
1,43.2525
1,49.2585
1,43.2191
1,43.1858
1,49.2585
1,43.2191
1,49.2262
1,43.2191
1,43.2525
1,43.2191
1,43.1858
1,43.2525
1,43.2191
1,43.1858
1,43.1858
1,43.1525
1,43.1525
1,43.1858
1,43.1525
1,43.1525
1,43.1525
1,48.8056
1,49.0322
1,49.1292
1,43.019
1,49.0969
1,43.0524
1,49.0969
1,43.0524
1,43.0858
1,43.0524
1,43.0524
1,43.019
1,49.0969
1,42.9856
1,42.9856
1,49.2908
1,42.9856
1,42.9189
1,48.9675
1,42.9856
1,43.019
1,43.019
1,43.0524
1,49.4845
1,42.9856
1,43.019
1,42.9856
1,42.9189
1,42.9189
1,43.0524
1,43.019
1,43.0524
1,43.0524
1,43.0524
1,49.0645
1,43.0524
1,42.9856
1,49.0969
1,42.9189
1,42.9189
1,49.1938
1,42.9856
1,42.9856
1,42.9856
1,42.9856
1,42.9856
1,43.019
1,49.3554
1,43.019
1,42.9856
1,43.0524
1,42.9523
1,42.9856
1,49.678
1,42.8855
1,42.9189
1,42.9856
1,49.678
1,42.9856
1,49.7424
1,42.9856
1,43.0524
1,42.9856
1,42.9189
1,42.8521
1,42.9189
1,49.8713
1,42.7185
1,42.7185
1,42.9856
1,49.8391
1,42.9856
1,49.9035
1,43.019
1,49.7102
1,43.0524
1,43.0524
1,49.6135
1,42.8521
1,42.9856
1,42.9856
1,42.7185
1,42.8855
1,42.9189
1,49.8713
1,49.8069
1,42.9523
1,42.8521
1,42.8521
1,42.7853
1,42.7519
1,42.6516
1,42.7853
1,50.0
1,49.9035
1,42.8855
1,42.8855
1,42.7519
1,42.7185
1,42.7519
1,50.0
1,42.7185
1,42.6516
1,42.6182
1,50.193
1,42.7853
1,42.7185
1,42.7853
1,42.7853
1,42.8187
1,42.8521
1,50.3216
1,42.8521
1,42.7519
1,42.7853
1,42.7185
1,42.7185
1,42.5847
1,42.7853
1,42.7853
1,49.9035
1,49.9679
1,42.7853
1,42.7185
1,50.0644
1,42.7185
1,42.6516
1,42.6182
1,50.1609
1,42.5847
1,50.3537
1,42.5178
1,42.5178
1,50.0966
1,42.5847
1,49.8713
1,42.6516
1,42.6516
1,42.6182
1,49.8069
1,42.4509
1,42.4844
1,42.4509
1,42.5847
1,42.5847
1,42.6182
1,42.5847
1,49.1292
1,42.6182
1,42.5847
1,42.5847
1,49.1615
1,49.1938
1,42.384
1,42.4509
1,42.5178
1,42.5513
1,42.5178
1,42.5847
1,42.5178
1,42.4844
1,42.5178
1,49.3876
1,48.9351
1,42.3505
1,42.3505
1,42.384
1,49.1615
1,42.4174
1,49.2585
1,42.4509
1,49.3231
1,42.4174
1,42.4174
1,42.317
1,42.317
1,42.384
1,42.384
1,48.838
1,42.384
1,42.317
1,42.3505
1,42.2835
1,49.1615
1,42.2835
1,49.3231
1,42.317
1,42.183
1,42.183
1,49.5167
1,42.116
1,48.8056
1,42.116
1,48.8704
1,49.0322
1,42.1495
1,42.2165
1,42.183
1,42.183
1,48.9675
1,42.116
1,42.0154
1,42.0489
1,41.9818
1,41.9818
1,41.9818
1,42.0154
1,49.4845
1,42.0154
1,49.3554
1,42.0824
1,49.2908
1,42.0489
1,41.9483
1,41.9818
1,42.0154
1,41.8812
1,41.8476
1,41.8476
1,49.9357
1,41.8476
1,41.8476
1,49.1938
1,41.8476
1,41.8476
1,41.8476
1,49.7747
1,41.8812
1,41.8476
1,41.7805
1,49.7102
1,49.678
1,41.6797
1,41.7133
1,49.4845
1,41.6797
1,41.7469
1,41.7133
1,41.7469
1,41.6797
1,41.7133
1,41.6125
1,49.6135
1,41.5116
1,49.8069
1,41.5453
1,49.549
1,41.5116
1,41.478
1,41.4444
1,41.478
1,41.4444
1,41.4444
1,49.3231
1,41.3098
1,41.3098
1,41.2761
1,41.2761
1,41.2425
1,41.3771
1,41.3435
1,41.3098
1,41.2761
1,41.2088
1,41.0741
1,41.0067
1,49.7747
1,40.973
1,40.8718
1,49.6457
1,41.0067
1,40.9392
1,41.1078
1,41.1078
1,49.1615
1,40.973
1,40.7706
1,40.7368
1,49.4845
1,40.6355
1,40.7031
1,40.7031
1,40.7031
1,40.6018
1,40.6018
1,40.568
1,49.0322
1,40.4328
1,49.7102
1,49.4845
1,40.4328
1,49.549
1,40.3652
1,49.1615
1,40.2976
1,49.1615
1,40.3314
1,40.2299
1,40.2976
1,40.5342
1,48.9998
1,40.2638
1,48.838
1,40.2976
1,49.1615
1,40.1622
1,40.1622
1,49.1615
1,40.0945
1,49.2262
1,40.0607
1,40.0945
1,40.0945
1,48.9675
1,48.7408
1,40.0268
1,39.8574
1,39.8574
1,49.1292
1,39.8574
1,48.9675
1,39.7896
1,39.7557
1,39.7557
1,39.7557
1,48.6436
1,39.7217
1,48.8704
1,39.5521
1,39.6878
1,39.6539
1,39.5521
1,39.5521
1,39.5521
1,49.0322
1,39.5521
1,49.1938
1,39.5521
1,39.5521
1,39.5521
1,39.5521
1,39.5521
1,39.5521
1,39.5521
1,39.4842
1,39.4162
1,48.838
1,39.3483
1,49.2585
1,39.2803
1,39.3483
1,39.3143
1,39.2803
1,48.9998
1,39.2803
1,48.7732
1,48.7732
1,39.1783
1,49.0645
1,39.1783
1,48.9998
1,48.9675
1,39.1783
1,49.0645
1,39.1103
1,39.0763
1,39.0763
1,39.0422
1,39.0082
1,39.0082
1,48.7732
1,38.872
1,48.9351
1,39.0082
1,38.872
1,49.0645
1,38.9061
1,38.9742
1,49.0969
1,38.9401
1,49.1615
1,49.1615
1,38.8039
1,38.872
1,38.872
1,39.0082
1,39.0082
1,38.9742
1,39.0082
1,48.9351
1,38.872
1,38.8039
1,38.8039
1,38.7357
1,48.7732
1,38.7016
1,48.8056
1,38.7357
1,38.7357
1,38.6675
1,38.7357
1,38.872
1,48.676
1,38.7698
1,48.8704
1,38.7357
1,49.0322
1,38.8039
1,38.6675
1,38.6675
1,49.0322
1,38.6334
1,38.5993
1,49.2262
1,38.5311
1,49.0645
1,38.6334
1,38.6675
1,38.8039
1,38.6675
1,38.5311
1,38.5652
1,38.4287
1,38.4287
1,38.4629
1,49.2262
1,38.3946
1,49.0322
1,49.1615
1,38.4287
1,49.1615
1,38.7016
1,38.4629
1,38.3946
1,38.3263
1,38.258
1,49.0322
1,49.2262
1,38.3946
1,38.2922
1,38.3263
1,38.258
1,38.3263
1,38.5652
1,48.9675
1,38.2922
1,38.258
1,38.1213
1,38.1555
1,38.1555
1,38.1897
1,38.0871
1,38.0871
1,38.258
1,38.3263
1,38.1897
1,38.5311
1,38.6675
1,38.0871
1,48.8056
1,38.0871
1,38.0871
1,49.0322
1,37.9503
1,49.0969
1,37.9161
1,38.0871
1,38.1897
1,48.9351
1,38.258
1,48.9675
1,38.3605
1,48.838
1,38.1213
1,48.8056
1,37.745
1,37.7107
1,37.7107
1,49.0645
1,49.1292
1,37.6422
1,48.8704
1,37.6422
1,37.7792
1,37.6765
1,37.9161
1,37.7792
1,49.1938
1,37.6422
1,49.1615
1,37.6765
1,37.6422
1,37.5737
1,37.6079
1,49.0969
1,37.5737
1,49.0969
1,37.4708
1,37.5051
1,48.9351
1,37.5737
1,48.9998
1,37.5737
1,37.4365
1,37.4708
1,48.7732
1,48.7732
1,48.7732
1,37.2307
1,37.2993
1,37.3336
1,37.3336
1,37.3679
1,49.0322
1,37.2993
1,37.3336
1,37.2993
1,48.9998
1,37.1963
1,37.4022
1,37.745
1,37.5394
1,37.2993
1,48.9351
1,37.2993
1,37.2307
1,37.2307
1,48.676
1,37.2307
1,48.3841
1,37.162
1,48.5788
1,37.1963
1,37.162
1,37.2307
1,37.0246
1,37.0933
1,37.0246
1,37.1277
1,48.7084
1,37.059
1,37.0246
1,37.1277
1,48.7732
1,37.0246
1,48.676
1,36.9559
1,36.8871
1,36.8871
1,37.0246
1,37.4365
1,48.5464
1,36.8871
1,36.8871
1,48.5464
1,36.9559
1,36.9215
1,36.7495
1,36.9559
1,36.9902
1,36.9902
1,36.7151
1,36.8183
1,48.3192
1,36.7151
1,36.6807
1,36.6807
1,36.6118
1,36.6807
1,48.5139
1,36.6463
1,36.6807
1,36.6807
1,36.6807
1,48.8056
1,36.6118
1,48.838
1,37.0246
1,36.7839
1,36.8183
1,36.3362
1,48.5464
1,36.4052
1,36.4396
1,36.543
1,36.7495
1,36.7495
1,37.0246
1,37.0246
1,36.6118
1,48.449
1,36.3707
1,36.1983
1,48.4815
1,36.0603
1,48.5139
1,36.2328
1,48.449
1,36.2328
1,36.5085
1,36.4741
1,36.3362
1,48.2867
1,36.3362
1,36.2673
1,36.1983
1,36.1983
1,36.1638
1,36.1293
1,36.0603
1,36.0603
1,36.1983
1,36.2673
1,36.3018
1,36.4741
1,36.4052
1,36.1983
1,35.9912
1,35.9567
1,36.0603
1,35.9912
1,36.1983
1,36.1293
1,48.2543
1,36.1293
1,36.0603
1,48.5788
1,36.0603
1,36.0948
1,48.5464
1,36.0257
1,36.1983
1,36.1983
1,48.6436
1,35.9221
1,35.853
1,35.8185
1,35.853
1,35.853
1,35.853
1,35.853
1,48.5464
1,35.853
1,48.5139
1,35.9221
1,48.449
1,35.853
1,35.853
1,48.6436
1,35.8185
1,35.8185
1,35.853
1,35.8185
1,35.7839
1,35.853
1,35.8185
1,35.9221
1,48.0918
1,36.1983
1,36.2673
1,48.4166
1,36.2673
1,36.2673
1,35.9567
1,35.6456
1,35.6456
1,48.3841
1,35.5764
1,48.5139
1,35.611
1,48.5139
1,35.5764
1,48.5464
1,35.6456
1,35.6456
1,36.0257
1,48.5788
1,36.0603
1,48.5139
1,35.7148
1,48.676
1,35.5764
1,35.5764
1,48.6436
1,35.5764
1,35.5764
1,35.6456
1,35.5764
1,35.6456
1,35.6456
1,35.7494
1,35.7839
1,35.7839
1,35.7148
1,35.9221
1,35.6456
1,35.611
1,35.5764
1,35.5764
1,35.5072
1,35.438
1,35.853
1,35.853
1,35.9221
1,35.9221
1,35.8876
1,35.7494
1,48.449
1,48.5464
1,35.3687
1,35.3687
1,48.6112
1,35.3687
1,35.3687
1,48.5788
1,35.3687
1,35.7839
1,48.6112
1,35.7494
1,35.7148
1,35.7494
1,35.5072
1,48.449
1,35.4034
1,35.3687
1,35.3687
1,35.1609
1,48.449
1,34.6055
1,48.5464
1,33.979
1,33.3158
1,32.8608
1,32.44
1,32.2644
1,48.4815
1,32.1941
1,32.0183
1,31.8424
1,31.6664
1,31.5607
1,31.4197
1,31.3491
1,48.6436
1,31.2433
1,31.3139
1,48.676
1,31.1727
1,31.1727
1,31.2433
1,48.7408
1,31.1727
1,48.7084
1,48.7084
1,31.2433
1,31.1021
1,31.1021
1,48.676
1,48.6436
1,48.5788
1,31.2433
1,48.4166
1,31.3844
1,48.3517
1,31.5959
1,31.8072
1,48.3192
1,32.159
1,32.2995
1,32.5102
1,32.5803
1,32.7206
1,32.7907
1,33.0009
1,48.3192
1,33.0009
1,33.0709
1,33.3507
1,33.4206
1,33.5604
1,33.6302
1,48.6436
1,33.6302
1,33.7
1,48.6436
1,33.8396
1,33.8744
1,33.8396
1,33.9093
1,33.9093
1,33.8744
1,33.979
1,33.5953
1,48.6436
1,33.4905
1,33.5953
1,33.6302
1,33.2808
1,33.4905
1,48.5139
1,33.5953
1,48.4815
1,33.6651
1,33.7
1,48.449
1,33.7
1,48.449
1,33.7
1,33.5953
1,48.5788
1,33.7
1,33.7698
1,48.5139
1,33.7349
1,33.6651
1,33.7
1,33.7
1,33.7
1,33.7
1,33.7
1,48.5464
1,33.6302
1,33.5604
1,33.7
1,48.449
1,33.6302
1,48.5788
1,48.6112
1,48.449
1,48.5788
1,33.4905
1,33.4206
1,48.6436
1,33.4905
1,48.6436
1,33.4556
1,33.3507
1,33.3507
1,33.3507
1,48.5464
1,33.3158
1,48.449
1,33.3158
1,33.1409
1,33.1409
1,33.0709
1,48.6112
1,33.0009
1,33.0009
1,48.6112
1,48.6436
1,33.0359
1,48.5788
1,33.0359
1,33.0709
1,33.0009
1,32.9308
1,32.9308
1,32.8958
1,32.9308
1,32.9308
1,32.9308
1,32.9308
1,48.6436
1,32.8608
1,48.6436
1,32.9308
1,32.8958
1,32.9308
1,32.7907
1,32.7907
1,32.7206
1,32.7206
1,32.6154
1,32.7206
1,32.6855
1,32.7206
1,48.5464
1,32.6505
1,48.5788
1,32.5102
1,32.44
1,48.6112
1,32.44
1,48.5788
1,32.44
1,48.6436
1,32.44
1,48.676
1,32.4049
1,48.7084
1,32.4751
1,32.5102
1,32.5102
1,32.5102
1,32.44
1,32.44
1,48.7732
1,32.44
1,32.5102
1,48.8056
1,32.4751
1,32.5102
1,48.9027
1,32.6505
1,48.9675
1,32.7206
1,32.7206
1,32.4751
1,32.5102
1,48.676
1,32.2995
1,32.2995
1,32.2644
1,48.7084
1,32.2995
1,32.2995
1,32.4049
1,32.2995
1,32.2293
1,32.2293
1,32.2293
1,32.159
1,32.1238
1,32.0887
1,48.9675
1,32.0183
1,48.8704
1,31.948
1,49.1292
1,48.9351
1,48.838
1,32.0887
1,32.0183
1,32.159
1,32.1941
1,32.0887
1,32.0183
1,32.0183
1,32.0887
1,31.948
1,31.8776
1,31.8072
1,31.8776
1,31.9128
1,31.8776
1,31.8776
1,31.9128
1,32.0183
1,48.5788
1,31.948
1,48.7408
1,32.0183
1,31.948
1,32.0183
1,31.9832
1,31.9832
1,32.0183
1,48.9027
1,32.0183
1,31.948
1,49.0322
1,31.948
1,32.0183
1,48.9675
1,32.0535
1,49.0645
1,32.0887
1,31.948
1,31.8776
1,31.8424
1,49.1615
1,32.0183
1,31.9832
1,49.1615
1,31.948
1,32.0887
1,32.0183
1,49.0969
1,49.2262
1,49.0969
1,49.1615
1,49.0969
1,49.1292
1,49.0969
1,49.0969
1,49.0969
1,49.1615
1,49.0645
1,49.2262
1,49.2908
1,49.2585
1,49.2262
1,49.2262
1,49.2262
1,49.0969
1,49.1938
1,49.1938
1,49.1292
1,49.2262
1,49.1615
1,49.2262
1,49.2585
1,49.2262
1,49.1615
1,49.2262
1,49.2262
1,49.1938
1,49.0322
1,49.3231
1,49.2262
1,49.4522
1,49.5167
1,49.4199
1,49.2262
1,48.838
1,49.1292
1,49.1292
1,49.1615
1,49.2585
1,49.2262
1,49.2262
1,49.1938
1,49.2262
1,49.2908
1,49.2262
1,49.2585
1,49.3231
1,49.3554
1,49.3876
1,49.3554
1,49.2908
1,49.2262
1,49.3554
1,49.3231
1,49.3554
1,49.2908
1,49.3231
1,49.2908
1,49.2908
1,49.3554
1,49.2908
1,49.2908
1,49.3231
1,49.3554
1,49.3554
1,49.3876
1,49.3231
1,49.3876
1,49.3554
1,49.3554
1,49.2908
1,49.2908
1,49.3231
1,49.3231
1,49.2262
1,49.2908
1,49.3554
1,49.3231
1,49.2262
1,49.2262
1,49.2908
1,49.2908
1,49.2908
1,49.4199
1,49.4199
1,49.3876
1,49.4199
1,49.4199
1,49.4199
1,49.3554
1,49.3554
1,49.3876
1,49.3876
1,49.3554
1,49.3554
1,49.3231
1,49.3231
1,49.2908
1,49.2585
1,49.2585
1,49.3231
1,49.3554
1,49.4199
1,49.4199
1,49.4199
1,49.3554
1,49.4199
1,49.3876
1,49.4199
1,49.4845
1,49.3876
1,49.3554
1,49.4199
1,49.4845
1,49.3554
1,49.4199
1,49.4199
1,49.4199
1,49.4199
1,49.549
1,49.5167
1,49.4199
1,49.4845
1,49.4845
1,49.4845
1,49.549
1,49.549
1,49.5167
1,49.5167
1,49.4199
1,49.3231
1,49.3231
1,49.4845
1,49.4845
1,49.4845
1,49.4199
1,49.5167
1,49.4845
1,49.549
1,49.4845
1,49.4199
1,49.5167
1,49.4845
1,49.4845
1,49.4845
1,49.5167
1,49.4845
1,49.4845
1,49.5167
1,49.4845
1,49.5167
1,49.4845
1,49.5167
1,49.5167
1,49.4845
1,49.4522
1,49.4522
1,49.4199
1,49.4199
1,49.4199
1,49.4199
1,49.4522
1,49.4845
1,49.4845
1,49.4845
1,49.5167
1,49.5167
1,49.4199
1,49.4522
1,49.4845
1,49.4845
1,49.4845
1,49.5167
1,49.5167
1,49.549
1,49.549
1,49.5167
1,49.4199
1,49.549
1,49.549
1,49.5167
1,49.5167
1,49.5167
1,49.4845
1,49.4522
1,49.4199
1,49.4845
1,49.4845
1,49.4199
1,49.4199
1,49.549
1,49.6457
1,49.5813
1,49.5813
1,49.549
1,49.6135
1,49.4845
1,49.4845
1,49.5167
1,49.5167
1,49.549
1,49.4845
1,49.4845
1,49.5167
1,49.4845
1,49.4199
1,49.4199
1,49.4845
1,49.4845
1,49.549
1,49.5167
1,49.549
1,49.549
1,49.549
1,49.5167
1,49.4845
1,49.549
1,49.549
1,49.5813
1,49.549
1,49.549
1,49.4845
1,49.549
1,49.549
1,49.6135
1,49.4845
1,49.549
1,49.549
1,49.549
1,49.549
1,49.6135
1,49.6135
1,49.549
1,49.549
1,49.5813
1,49.6135
1,49.6135
1,49.6135
1,49.6135
1,49.6135
1,49.6457
1,49.678
1,49.678
1,49.678
1,49.678
1,49.6135
1,49.549
1,49.549
1,49.549
1,49.5813
1,49.549
1,49.7424
1,49.678
1,49.6135
1,49.6135
1,49.5813
1,49.6457
1,49.6457
1,49.6457
1,49.678
1,49.678
1,49.7424
1,49.678
1,49.7424
1,49.7102
1,49.678
1,49.678
1,49.6457
1,49.6135
1,49.6135
1,49.6135
1,49.6135
1,49.6457
1,49.6135
1,49.6135
1,49.549
1,49.6135
1,49.6135
1,49.6135
1,49.6457
1,49.6457
1,49.6135
1,49.6135
1,49.6135
1,49.6135
1,49.6135
1,49.6457
1,49.7102
1,49.678
1,49.678
1,49.678
1,49.678
1,49.6135
1,49.6457
1,49.8069
1,49.8069
1,49.8713
1,49.7424
1,49.8069
1,49.7424
1,49.7102
1,49.7102
1,49.678
1,49.678
1,49.7102
1,49.7424
1,49.7102
1,49.678
1,49.7102
1,49.5813
1,49.678
1,49.6457
1,49.6135
1,49.678
1,49.6135
1,49.6135
1,49.549
1,49.5813
1,49.5813
1,49.6135
1,49.6457
1,49.6135
1,49.678
1,49.678
1,49.6457
1,49.6135
1,49.6135
1,49.6135
1,49.6135
1,49.5813
1,49.6135
1,49.6135
1,49.678
1,49.6135
1,49.6135
1,49.6135
1,49.5813
1,49.6135
1,49.5813
1,49.6135
1,49.5813
1,49.5813
1,49.5167
1,49.5167
1,49.549
1,49.549
1,49.4845
1,49.549
1,49.549
1,49.549
1,49.6457
1,49.6135
1,49.6457
1,49.6135
1,49.6457
1,49.549
1,49.6135
1,49.6135
1,49.6135
1,49.6135
1,49.6135
1,49.5813
1,49.6457
1,49.7102
1,49.678
1,49.7102
1,49.678
1,49.6457
1,49.678
1,49.678
1,49.6457
1,49.678
1,49.6457
1,49.6135
1,49.6135
1,49.6457
1,49.678
1,49.678
1,49.678
1,49.678
1,49.678
1,49.678
1,49.678
1,49.6457
1,49.6135
1,49.5813
1,49.6135
1,49.678
1,49.7424
1,49.678
1,49.6457
1,49.6457
1,49.6457
1,49.6457
1,49.6135
1,49.6135
1,49.6135
1,49.6135
1,49.6457
1,49.6135
1,49.6135
1,49.678
1,49.678
1,49.6135
1,49.6135
1,49.549
1,49.4522
1,49.549
1,49.5167
1,49.6135
1,49.6135
1,49.6135
1,49.4199
1,49.4522
1,49.4845
1,49.549
1,49.5813
1,49.4845
1,49.678
1,49.6135
1,49.5813
1,49.549
1,49.4522
1,49.4199
1,49.4199
1,49.4522
1,49.4845
1,49.5167
1,49.4522
1,49.5813
1,49.4199
1,49.4845
1,49.4522
1,49.4845
1,49.4845
1,49.549
1,49.4845
1,49.4199
1,49.6135
1,49.7102
1,49.7424
1,49.8069
1,49.8069
1,49.8713
1,49.7424
1,49.6457
1,49.678
1,49.5813
1,49.549
1,49.678
1,49.6457
1,49.7102
1,49.6135
1,49.6457
1,49.6457
1,49.678
1,49.678
1,49.7424
1,49.5167
1,49.549
1,49.678
1,49.678
1,49.6135
1,49.5167
1,49.5813
1,49.5167
1,49.6135
1,49.678
1,49.8391
1,49.8391
1,49.8391
1,49.8069
1,49.8391
1,49.4845
1,49.4845
1,49.6135
1,49.678
1,49.7424
1,49.7102
1,49.6135
1,49.5813
1,49.549
1,49.6135
1,49.5813
1,50.0966
1,49.4845
1,49.4522
1,49.4199
1,49.4199
1,49.3876
1,49.3554
1,49.2585
1,49.3876
1,49.4522
1,49.3876
1,49.3876
1,49.3554
1,49.2908
1,49.2585
1,49.2585
1,49.3231
1,49.3554
1,49.4199
1,49.2908
1,49.2262
1,49.2585
1,49.2262
1,49.2585
1,49.2908
1,49.1938
1,49.1292
1,49.0969
1,48.9998
1,49.0645
1,49.0969
1,49.1292
1,49.1615
1,49.1615
1,48.9351
1,48.7408
1,48.4815
1,48.2543
1,48.1568
1,47.9942
1,47.9292
1,47.8315
1,47.5709
1,47.4405
1,47.212
1,47.1467
1,47.0813
1,46.9178
1,46.4921
1,46.2297
1,46.0655
1,45.7366
1,44.3825
1,44.3162
1,43.9844
1,43.4524
1,43.3191
1,43.1858
1,42.5847
1,42.4844
1,42.317
1,42.25
1,42.0489
1,41.8812
1,41.7805
1,41.9818
1,42.183
1,42.5178
1,42.9856
1,43.3858
1,44.0508
1,45.4732
1,45.5061
1,45.572
1,45.5391
1,45.5391
1,45.7037
1,46.0655
1,46.0655
1,46.3609
1,46.5905
1,46.5905
1,46.8851
1,47.0159
1,47.0813
1,47.3752
1,47.3426
1,47.2773
1,47.3426
1,47.212
1,47.0813
1,46.7542
1,46.2297
1,45.6379
1,44.7798
1,45.1103
1,45.4402
1,45.5061
1,45.8024
1,46.0655
1,46.5249
1,46.9178
1,47.0813
1,47.1793
1,47.4079
1,47.6035
1,47.7338
1,47.5709
1,48.1893
1,48.1243
1,47.9942
1,47.8966
1,47.8315
1,47.7338
1,48.2543
1,47.799
1,47.8641
1,47.799
1,47.8641
1,47.0159
1,47.0159
1,46.8197
1,46.7542
1,47.0159
1,47.114
1,46.9505
1,47.0159
1,47.31
1,47.4079
1,47.4079
1,47.4079
1,47.3752
1,47.4079
1,47.5383
1,47.4405
1,47.4079
1,47.3426
1,47.3752
1,47.4079
1,47.4405
1,47.3752
1,47.4079
1,47.4405
1,47.3426
1,47.2773
1,47.31
1,47.2447
1,47.114
1,47.1467
1,46.9832
1,46.8197
1,46.7542
1,46.5905
1,46.2953
1,46.2297
1,46.1312
1,46.0655
1,46.1312
1,46.0655
1,46.7215
1,46.8197
1,47.5383
1,47.6035
1,47.5057
1,47.4405
1,47.3426
1,47.1467
1,47.1467
1,47.0813
1,47.2447
1,47.212
1,47.1793
1,47.1467
1,47.2773
1,47.3426
1,47.2773
1,47.1793
1,47.2773
1,47.1467
1,47.0813
1,47.0159
1,47.0486
1,46.9505
1,46.8851
1,47.1467
1,47.212
1,47.0486
1,47.212
1,47.0813
1,47.0813
1,47.4079
1,47.6035
1,47.1467
1,47.2447
1,47.114
1,47.0813
1,47.212
1,47.0813
1,47.1467
1,47.8315
1,48.1893
1,48.2543
1,48.3517
1,48.2867
1,48.3841
1,48.5139
1,48.4166
1,48.1243
1,48.3192
1,48.7084
1,48.8704
1,48.7732
1,48.7732
1,48.838
1,48.6436
1,48.5788
1,48.7732
1,48.7732
1,48.6436
1,48.3192
1,48.3841
1,48.5139
1,48.4815
1,48.5464
1,48.3841
1,48.5464
1,48.2218
1,48.5139
1,48.449
1,48.1893
1,47.799
1,48.1893
1,47.9942
1,48.1243
1,47.9292
1,47.8966
1,48.0267
1,48.0593
1,47.8641
1,47.7664
1,47.9617
1,48.0593
1,47.9292
1,47.9942
1,47.8966
1,47.799
1,47.7013
1,47.7338
1,47.7013
1,47.8315
1,47.7338
1,47.4731
1,47.6035
1,47.3426
1,47.4405
1,47.5057
1,47.5383
1,47.3752
1,47.3426
1,47.212
1,47.0813
1,47.2773
1,47.0813
1,47.212
1,47.114
1,47.3752
1,47.4731
1,47.6035
1,47.5709
1,47.5057
1,47.4731
1,47.4079
1,47.3752
1,47.4079
1,47.4405
1,47.2773
1,47.3752
1,47.31
1,47.31
1,47.0813
1,47.1467
1,47.0486
1,47.0813
1,47.114
1,47.212
1,46.9505
1,46.8197
1,46.8851
1,46.9505
1,46.9505
1,46.9832
1,46.8197
1,46.9505
1,46.9178
1,46.8851
1,46.8851
1,47.0159
1,46.8197
1,46.7542
1,46.7542
1,46.7215
1,46.656
1,46.7542
1,46.7215
1,46.7215
1,46.8197
1,46.8524
1,46.9505
1,47.0159
1,46.9178
1,47.0159
1,46.8524
1,47.1467
1,47.114
1,47.0813
1,47.0159
1,46.9505
1,47.0159
1,47.0159
1,46.8524
1,46.8524
1,47.0159
1,46.9505
1,47.0486
1,47.1467
1,47.114
1,47.212
1,47.1467
1,47.1793
1,47.1467
1,47.212
1,47.212
1,47.212
1,47.1467
1,47.0813
1,47.0813
1,46.8197
1,46.9505
1,47.0486
1,46.7869
1,46.7869
1,46.656
1,46.7542
1,46.8851
1,46.9832
1,47.0813
1,47.0486
1,47.114
1,47.0486
1,47.0813
1,46.9505
1,46.8197
1,46.9505
1,46.8197
1,46.5577
1,46.6887
1,46.7215
1,46.7542
1,46.8197
1,46.8197
1,46.8851
1,46.8851
1,46.8197
1,46.8851
1,46.7542
1,46.6887
1,46.5905
1,46.5905
1,46.5577
1,46.5577
1,46.5577
1,46.5577
1,46.5577
1,46.5577
1,46.656
1,46.6232
1,46.6887
1,46.7542
1,46.8524
1,46.8851
1,46.8851
1,46.8197
1,46.9505
1,46.8197
1,46.8524
1,46.7215
1,46.7215
1,46.7215
1,46.5249
1,46.5905
1,46.5905
1,46.5577
1,46.5905
1,46.5905
1,46.5577
1,46.4593
1,46.3609
1,46.3609
1,46.2625
1,46.4593
1,46.5905
1,46.5905
1,46.656
1,46.8197
1,46.4265
1,46.4921
1,46.4265
1,46.4593
1,46.5577
1,46.5577
1,46.6232
1,46.5577
1,46.5577
1,46.4921
1,46.5905
1,46.7542
1,47.0486
1,46.9505
1,46.5577
1,46.5577
1,46.5905
1,46.5577
1,46.3281
1,46.5249
1,46.5577
1,46.5905
1,46.4265
1,47.1467
1,46.656
1,46.2625
1,46.4265
1,46.6232
1,46.4921
1,46.2625
1,47.114
1,46.9505
1,46.6887
1,45.9669
1,46.3609
1,46.2953
1,46.4593
1,46.1968
1,46.6887
1,45.9997
1,46.4921
1,46.5577
1,46.2297
1,46.2953
1,46.8851
1,46.6232
1,46.656
1,46.4921
1,46.2953
1,46.4921
1,46.5905
1,46.7542
1,46.8851
1,46.7542
1,46.7215
1,46.5577
1,46.8197
1,46.6887
1,46.6232
1,46.6232
1,46.6232
1,46.6232
1,46.4265
1,46.6232
1,46.6232
1,46.5249
1,46.656
1,46.2953
1,46.4265
1,46.6232
1,46.7215
1,46.8197
1,46.5905
1,46.4593
1,46.3609
1,46.3281
1,46.164
1,46.7215
1,46.5577
1,46.7869
1,47.0813
1,46.9505
1,46.8197
1,46.8197
1,46.5249
1,46.6232
1,46.9505
1,46.9832
1,46.5249
1,46.5577
1,46.4593
1,46.3609
1,46.2953
1,46.4265
1,46.5249
1,46.6887
1,46.7542
1,46.6232
1,46.7542
1,46.6887
1,47.0813
1,46.4593
1,46.7215
1,46.5249
1,46.6232
1,46.8197
1,46.9505
1,46.6232
1,47.0159
1,47.5057
1,46.5249
1,47.0813
1,46.7869
1,47.4079
1,47.2773
1,47.0813
1,47.31
1,47.4731
1,47.1467
1,47.0813
1,47.6361
1,46.8524
1,47.9617
1,47.8966
1,47.5383
1,47.3426
1,47.7013
1,47.0813
1,47.5383
1,47.6361
1,47.6687
1,47.6687
1,47.5057
1,47.1793
1,47.5057
1,47.5383
1,47.6687
1,47.4731
1,47.0486
1,47.5057
1,47.4731
1,47.5057
1,47.6687
1,47.6035
1,47.3426
1,47.212
1,47.2773
1,47.2773
1,47.4405
1,47.5383
1,47.4079
1,47.212
1,47.799
1,47.5383
1,47.4405
1,47.799
1,47.8641
1,47.8315
1,47.6361
1,47.6035
1,47.9617
1,48.5788
1,48.838
1,47.9292
1,47.9292
1,47.8966
1,47.8641
1,49.3554
1,47.9942
1,48.1893
1,48.1243
1,48.1568
1,47.799
1,48.2543
1,48.2543
1,47.8641
1,47.8966
1,47.9942
1,47.8641
1,49.3554
1,48.4166
1,48.1243
1,48.9027
1,47.799
1,48.5139
1,47.7338
1,47.7338
1,47.4405
1,47.8315
1,47.0159
1,47.31
1,47.7338
1,47.5383
1,47.6035
1,47.799
1,47.4079
1,47.2773
1,47.5709
1,47.799
1,47.7338
1,47.3752
1,46.9178
1,47.212
1,47.0813
1,47.3426
1,47.4731
1,46.9832
1,48.3841
1,47.799
1,46.7215
1,47.7338
1,46.9505
1,47.9942
1,46.8851
1,47.4079
1,47.4731
1,48.2867
1,49.3876
1,48.1893
1,47.5709
1,47.212
1,47.0159
1,46.8197
1,47.2773
1,46.9178
1,46.9178
1,46.4593
1,47.212
1,46.7869
1,46.4593
1,47.0813
1,46.5577
1,46.0655
1,46.4921
1,46.8851
1,47.31
1,46.9505
1,47.799
1,46.7542
1,46.9505
1,47.1467
1,47.6687
1,47.4079
1,47.0486
1,47.2773
1,47.212
1,47.4731
1,47.4079
1,46.8851
1,47.212
1,47.212
1,47.212
1,47.0159
1,47.6687
1,47.114
1,46.5249
1,46.7542
1,46.0655
1,46.8851
1,46.5249
1,46.6887
1,46.5577
1,47.212
1,46.9505
1,47.4079
1,46.4265
1,46.9832
1,47.1467
1,46.164
1,46.2953
1,46.6232
1,47.2447
1,46.9505
1,47.1467
1,46.164
1,46.3609
1,46.7215
1,46.0655
1,45.8682
1,46.5577
1,46.8851
1,46.0655
1,47.1467
1,46.7869
1,46.8197
1,46.4921
1,46.5577
1,46.2953
1,46.6887
1,46.6232
1,46.8524
1,47.5709
1,47.4731
1,46.9505
1,46.7542
1,46.6887
1,46.7869
1,46.8851
1,47.8641
1,46.0655
1,47.31
1,47.5383
1,48.2218
1,47.4405
1,47.0813
1,47.8315
1,46.2953
1,46.4593
1,46.4921
1,46.3937
1,47.4405
1,46.8524
1,46.5577
1,46.4593
1,47.0159
1,47.114
1,46.5577
1,47.1467
1,46.4265
1,47.114
1,46.9505
1,46.4265
1,47.7338
1,47.8641
1,47.7664
1,47.114
1,47.4405
1,47.114
1,47.3426
1,47.3426
1,47.2447
1,47.4079
1,46.6232
1,47.212
1,47.5383
1,47.212
1,47.0813
1,47.212
1,47.2447
1,47.4731
1,47.6035
1,47.4731
1,46.9832
1,47.212
1,46.9178
1,46.9178
1,47.114
1,47.2447
1,47.0486
1,46.8197
1,46.6232
1,47.0159
1,46.8851
1,46.9505
1,47.0159
1,47.1467
1,47.0813
1,47.1467
1,46.5249
1,47.0813
1,47.0159
1,47.0486
1,46.4265
1,46.5905
1,46.6887
1,46.5905
1,47.212
1,46.7869
1,46.7869
1,47.3752
1,47.1467
1,47.0159
1,46.6232
1,46.7542
1,46.6887
1,46.3937
1,46.2625
1,45.9011
1,45.4732
1,46.0655
1,46.0655
1,46.2625
1,46.656
1,46.8197
1,46.8197
1,46.5577
1,46.6232
1,46.4265
1,46.3937
1,46.0655
1,45.7366
1,45.8353
1,45.7037
1,46.0655
1,46.2953
1,46.5905
1,46.4265
1,46.6232
1,47.0486
1,46.4265
1,46.1968
1,46.3609
1,47.7338
1,46.8851
1,47.0159
1,46.9505
1,46.9505
1,46.8851
1,47.0813
1,46.8851
1,47.2773
1,47.4405
1,47.2447
1,47.4731
1,47.212
1,47.2773
1,47.31
1,47.0159
1,47.4079
1,47.5383
1,46.9832
1,47.4405
1,47.4079
1,47.2773
1,47.0486
1,46.5249
1,46.6232
1,46.6887
1,46.7542
1,46.8524
1,46.8851
1,46.8197
1,46.7215
1,47.0159
1,46.7215
1,46.6887
1,46.8851
1,46.7869
1,46.8197
1,46.8524
1,47.0486
1,46.8851
1,46.7542
1,46.8851
1,46.9505
1,46.9505
1,47.4731
1,47.2773
1,46.9505
1,46.9505
1,46.9505
1,46.8197
1,46.7215
1,46.7542
1,46.8524
1,46.7542
1,46.5905
1,46.3609
1,46.2953
1,46.2953
1,46.2297
1,46.1312
1,46.3281
1,46.2953
1,46.2297
1,46.0655
1,46.0655
1,46.0655
1,46.0655
1,46.0983
1,46.2297
1,46.0655
1,46.0655
1,46.0655
1,46.0655
1,46.0655
1,46.0326
1,46.0655
1,46.0655
1,46.0655
1,46.0655
1,46.0655
1,45.9669
1,45.934
1,45.9011
1,45.7366
1,45.7695
1,45.934
1,45.9011
1,45.7366
1,45.7695
1,45.7695
1,45.6708
1,45.6708
1,45.8353
1,45.7037
1,45.7037
1,45.7037
1,45.7037
1,45.5391
1,45.5061
1,45.4402
1,45.4732
1,45.4732
1,45.6379
1,45.572
1,45.6379
1,45.6049
1,45.572
1,45.4402
1,45.4402
1,45.4732
1,45.4402
1,45.5061
1,45.5061
1,45.4732
1,45.4402
1,45.3083
1,45.3083
1,45.3083
1,45.3083
1,45.2753
1,45.2423
1,45.3083
1,45.3743
1,45.3413
1,45.2753
1,45.2423
1,45.2753
1,45.2423
1,45.3413
1,45.3413
1,45.3083
1,45.2093
1,45.1763
1,45.2753
1,45.2753
1,45.2093
1,45.2423
1,45.2093
1,45.1433
1,45.0773
1,45.1103
1,45.1103
1,45.1103
1,45.1763
1,45.1103
1,45.1103
1,45.0773
1,45.0773
1,45.1103
1,45.0442
1,45.1103
1,45.0773
1,45.0112
1,45.0112
1,44.9782
1,45.0112
1,45.0112
1,45.1103
1,44.9782
1,45.0773
1,44.9782
1,44.9782
1,44.9121
1,44.846
1,44.846
1,44.9121
1,44.9782
1,44.9782
1,44.9782
1,45.0773
1,45.0112
1,44.9782
1,44.9121
1,44.9451
1,44.879
1,44.9121
1,44.846
1,44.846
1,44.9121
1,44.9121
1,44.9121
1,44.9121
1,44.846
1,44.7798
1,44.879
1,44.879
1,44.9121
1,44.846
1,44.7798
1,44.7798
1,44.8129
1,44.846
1,44.846
1,44.8129
1,44.7137
1,44.846
1,44.846
1,44.879
1,44.9121
1,44.9121
1,44.9121
1,44.9121
1,44.846
1,44.7798
1,44.7798
1,44.9121
1,45.3083
1,44.9121
1,44.9121
1,44.8129
1,44.7798
1,44.879
1,44.846
1,44.8129
1,44.846
1,44.7137
1,44.8129
1,44.9121
1,44.9121
1,44.9121
1,44.879
1,44.9782
1,44.846
1,44.9451
1,44.9451
1,45.5061
1,45.572
1,45.0112
1,44.9121
1,45.0442
1,45.3083
1,45.9011
1,46.0655
1,45.9669
1,46.0655
1,46.9505
1,46.656
1,46.4265
1,46.3609
1,46.2953
1,46.0655
1,45.5061
1,45.5391
1,45.6049
1,45.5061
1,45.5391
1,45.3413
1,45.2753
1,45.2423
1,45.2093
1,45.2093
1,45.3413
1,45.3083
1,45.2423
1,45.2093
1,45.1763
1,45.1433
1,45.1763
1,45.2093
1,45.1763
1,45.1763
1,45.1763
1,45.0773
1,45.1433
1,45.1763
1,45.1103
1,45.0773
1,44.9782
1,45.0442
1,45.0442
1,45.1103
1,44.9782
1,44.9782
1,44.9451
1,44.9782
1,44.9782
1,45.0442
1,45.0773
1,45.0773
1,45.0773
1,45.0442
1,45.0442
1,44.9782
1,45.0773
1,45.1103
1,45.1763
1,45.0442
1,44.7798
1,44.9121
1,45.0112
1,44.9451
1,44.9451
1,44.9451
1,45.0773
1,44.9782
1,45.0442
1,45.0112
1,45.0112
1,45.0112
1,44.846
1,44.9121
1,44.9121
1,45.0442
1,45.0112
1,44.846
1,44.7467
1,44.846
1,44.8129
1,44.9121
1,44.9451
1,44.9451
1,44.846
1,45.0112
1,45.1763
1,45.1763
1,45.1763
1,45.2093
1,45.2093
1,45.5391
1,45.3743
1,45.3743
1,45.3413
1,45.4402
1,45.5061
1,45.4732
1,45.572
1,45.4402
1,45.4072
1,45.6049
1,45.6379
1,45.6049
1,45.7037
1,45.7695
1,45.572
1,45.5061
1,45.6708
1,45.934
1,45.8024
1,45.7366
1,45.8024
1,45.6049
1,45.6708
1,45.5391
1,45.6049
1,45.572
1,45.6049
1,45.7037
1,45.572
1,45.6379
1,45.6379
1,45.7037
1,45.6049
1,45.572
1,45.6708
1,45.7366
1,32.8608
1,32.9308
1,45.6049
1,33.1759
1,33.2108
1,33.0709
1,33.2108
1,33.2108
1,45.8353
1,33.3507
1,33.4556
1,33.3507
1,33.5604
1,33.5604
1,33.5604
1,45.9011
1,33.5604
1,33.979
1,33.7698
1,33.5604
1,33.5604
1,33.7
1,33.7
1,34.188
1,46.0655
1,33.8396
1,34.0836
1,33.8744
1,45.9669
1,33.8396
1,45.9669
1,34.188
1,45.8353
1,33.9442
1,45.8353
1,45.8024
1,34.3273
1,45.8024
1,34.3969
1,34.675
1,34.4664
1,34.7097
1,34.7445
1,34.2577
1,34.3969
1,34.536
1,34.6055
1,34.6055
1,34.7445
1,34.8834
1,34.4664
1,34.8834
1,34.8139
1,45.8682
1,34.9528
1,35.0222
1,34.9181
1,35.0222
1,35.1609
1,35.1609
1,35.0222
1,34.9875
1,34.8487
1,35.1955
1,35.1609
1,35.0915
1,35.0222
1,35.0222
1,35.0915
1,35.1955
1,35.3687
1,35.1262
1,34.9181
1,34.9528
1,35.2995
1,45.8353
1,35.3687
1,35.438
1,35.2995
1,35.3687
1,35.2995
1,35.5072
1,35.5418
1,35.6456
1,35.438
1,45.9669
1,35.2995
1,35.2302
1,35.6802
1,35.611
1,35.7148
1,35.8185
1,35.7494
1,35.7148
1,35.7839
1,35.438
1,35.3341
1,35.2995
1,35.438
1,35.4034
1,35.4726
1,35.438
1,35.438
1,35.4034
1,35.4034
1,35.438
1,35.4034
1,35.438
1,35.5072
1,35.438
1,35.5418
1,45.9011
1,35.438
1,35.5072
1,35.438
1,35.5072
1,35.438
1,35.0915
1,35.2302
1,35.2995
1,35.2995
1,35.2648
1,35.2302
1,46.0326
1,35.3687
1,46.0655
1,35.2302
1,35.0915
1,35.1262
1,35.1609
1,46.0655
1,35.0222
1,35.0915
1,35.0222
1,35.0222
1,35.0568
1,34.8139
1,35.0222
1,35.0222
1,34.8834
1,34.8139
1,34.8487
1,34.8834
1,35.0915
1,34.8834
1,35.0915
1,34.9528
1,35.0222
1,34.9528
1,34.7445
1,34.8834
1,34.536
1,34.8487
1,34.7792
1,34.675
1,34.8834
1,34.536
1,34.536
1,34.7097
1,34.6055
1,34.536
1,34.536
1,34.536
1,34.7097
1,34.7097
1,34.4664
1,34.536
1,34.6055
1,34.675
1,34.7792
1,34.8139
1,34.7792
1,34.7792
1,34.8834
1,34.8487
1,34.7445
1,34.675
1,46.0655
1,34.675
1,34.7097
1,34.675
1,34.536
1,34.536
1,34.4317
1,34.4664
1,34.536
1,34.536
1,34.536
1,34.536
1,34.536
1,34.675
1,34.675
1,34.536
1,34.536
1,34.536
1,34.536
1,34.536
1,34.536
1,34.536
1,34.536
1,34.536
1,34.4317
1,34.536
1,34.536
1,34.5708
1,34.536
1,34.8834
1,34.7792
1,34.8834
1,34.8139
1,34.9528
1,35.0222
1,34.9528
1,34.8834
1,34.8834
1,35.0222
1,35.0915
1,46.0655
1,35.0222
1,35.0222
1,35.1262
1,35.2302
1,35.1609
1,35.1609
1,35.0222
1,35.0568
1,35.0222
1,35.0222
1,34.9528
1,35.0222
1,34.9181
1,34.8834
1,34.8139
1,34.675
1,34.7445
1,34.675
1,34.7097
1,34.675
1,34.675
1,34.6055
1,34.675
1,34.6055
1,34.536
1,34.536
1,34.536
1,34.536
1,34.536
1,34.4664
1,34.536
1,34.536
1,34.536
1,34.536
1,34.536
1,34.536
1,34.536
1,34.536
1,34.536
1,34.5012
1,34.3969
1,34.2577
1,34.4664
1,34.2577
1,34.536
1,34.3969
1,34.3969
1,34.3273
1,34.4317
1,34.2229
1,34.2577
1,34.4317
1,34.5012
1,34.4317
1,34.4317
1,34.4317
1,34.3273
1,34.3273
1,34.1532
1,34.2577
1,34.3273
1,46.1312
1,34.3273
1,34.536
1,34.3621
1,34.3969
1,34.188
1,34.3621
1,46.0655
1,34.3273
1,34.4664
1,34.3969
1,34.3969
1,34.3969
1,34.3273
1,34.3969
1,34.5012
1,34.536
1,34.7445
1,34.675
1,34.7445
1,46.0655
1,34.536
1,34.536
1,46.0655
1,34.2577
1,46.0655
1,34.188
1,34.0487
1,34.3969
1,34.1532
1,34.2577
1,34.188
1,34.188
1,34.188
1,34.3273
1,34.3969
1,34.2577
1,34.188
1,46.0655
1,46.0655
1,34.3273
1,34.3969
1,34.2577
1,34.2229
1,46.164
1,34.3969
1,34.536
1,34.536
1,34.536
1,34.3273
1,34.188
1,34.1184
1,34.188
1,34.0836
1,34.188
1,46.0655
1,34.2925
1,34.4317
1,34.4317
1,34.536
1,34.536
1,34.536
1,34.536
1,34.536
1,34.4664
1,34.4664
1,34.4317
1,34.536
1,34.5012
1,34.4664
1,34.3969
1,34.3273
1,34.2925
1,34.3969
1,34.3969
1,34.536
1,34.536
1,34.3621
1,34.3273
1,34.3273
1,34.4317
1,34.3273
1,34.188
1,33.9093
1,33.979
1,33.979
1,46.0655
1,33.979
1,33.979
1,33.979
1,34.1184
1,34.0139
1,33.9442
1,46.0655
1,33.9093
1,33.8396
1,33.7
1,33.5604
1,33.4206
1,46.0655
1,33.4905
1,33.5254
1,46.0655
1,33.6302
1,33.5953
1,33.4905
1,33.5254
1,46.0655
1,33.5254
1,33.7
1,33.6302
1,46.0655
1,33.5604
1,33.5604
1,46.0655
1,33.5604
1,33.6302
1,33.9093
1,33.7698
1,33.7698
1,33.8396
1,33.8047
1,33.6651
1,33.6302
1,33.7
1,33.7
1,33.8396
1,33.8047
1,33.7349
1,33.5604
1,33.5604
1,33.5604
1,33.4905
1,33.5604
1,33.4905
1,33.4905
1,33.6302
1,33.5604
1,33.4206
1,33.3857
1,33.3507
1,33.3158
1,33.3507
1,33.2808
1,33.3158
1,46.0655
1,33.3158
1,33.2808
1,33.3507
1,33.3857
1,33.4905
1,33.5254
1,33.3857
1,33.2808
1,33.3507
1,46.0655
1,33.2108
1,33.2108
1,46.0655
1,33.2108
1,33.1759
1,33.1759
1,33.2108
1,33.1409
1,33.2808
1,33.2108
1,33.1059
1,33.0009
1,33.1059
1,33.2108
1,33.4206
1,33.2108
1,33.3507
1,33.2458
1,33.3507
1,33.1409
1,33.2108
1,33.1059
1,33.2108
1,33.1059
1,33.1409
1,33.0709
1,33.1059
1,33.1409
1,33.2108
1,33.2458
1,33.1059
1,33.2108
1,33.1759
1,33.4206
1,46.2297
1,33.3507
1,33.3507
1,33.2108
1,33.2808
1,33.2808
1,33.2458
1,33.0009
1,33.1409
1,33.1059
1,33.0709
1,33.1409
1,33.0709
1,33.1409
1,33.1409
1,33.2108
1,33.2458
1,33.4206
1,46.656
1,33.4905
1,33.4905
1,33.5604
1,33.4905
1,33.4206
1,33.4206
1,33.6302
1,33.7
1,33.7
1,33.7698
1,33.7
1,33.7
1,33.6651
1,33.6302
1,33.7
1,33.6651
1,33.7349
1,46.656
1,33.7
1,33.9093
1,33.8396
1,33.8396
1,46.656
1,33.8396
1,33.7698
1,33.9093
1,33.9093
1,33.8396
1,33.8744
1,33.979
1,33.9093
1,33.9442
1,33.8047
1,33.8396
1,33.7
1,33.7349
1,33.7
1,33.7698
1,33.7
1,33.8047
1,33.7349
1,33.8396
1,33.8744
1,33.9442
1,46.5905
1,33.9093
1,33.9442
1,33.9093
1,46.6232
1,33.9093
1,33.8744
1,33.979
1,33.9093
1,33.9093
1,33.9093
1,33.8396
1,33.8396
1,46.6232
1,34.0139
1,34.0487
1,33.9442
1,33.8396
1,33.9093
1,46.6887
1,34.1532
1,46.6887
1,33.9442
1,46.6232
1,34.0487
1,34.0487
1,34.188
1,34.1184
1,34.188
1,34.1184
1,34.1184
1,34.0487
1,34.0139
1,33.979
1,33.979
1,33.9442
1,33.9093
1,33.9093
1,33.9442
1,33.9093
1,34.0487
1,34.1184
1,34.0487
1,34.1184
1,34.1184
1,34.1184
1,46.656
1,34.2577
1,34.188
1,34.188
1,34.1184
1,34.0487
1,33.979
1,33.979
1,34.0836
1,34.1184
1,34.1184
1,34.2577
1,34.188
1,34.2577
1,34.2577
1,34.2577
1,34.188
1,34.188
1,34.1184
1,34.1532
1,34.1184
1,34.188
1,46.6887
1,34.188
1,34.188
1,34.1184
1,34.1184
1,34.1184
1,34.3621
1,34.3273
1,34.3273
1,34.2577
1,46.6887
1,34.2577
1,46.6232
1,34.188
1,34.2229
1,34.188
1,34.3273
1,34.3273
1,46.7542
1,34.3621
1,34.2925
1,34.4317
1,34.536
1,34.536
1,34.6055
1,46.6887
1,34.6055
1,34.536
1,34.5708
1,34.536
1,34.536
1,34.536
1,34.536
1,34.6055
1,46.6887
1,34.7097
1,34.7445
1,34.675
1,34.7792
1,34.7792
1,34.7445
1,34.9528
1,35.1609
1,35.1609
1,35.1262
1,35.0222
1,35.1609
1,35.1262
1,35.2995
1,35.3341
1,35.3687
1,35.438
1,35.4726
1,35.3687
1,35.3687
1,46.5577
1,35.2995
1,35.2995
1,46.656
1,35.2995
1,35.2302
1,35.3687
1,35.438
1,46.5905
1,35.5072
1,35.6456
1,35.7148
1,35.8185
1,35.9221
1,35.853
1,35.853
1,35.7148
1,35.7148
1,35.5764
1,35.6456
1,35.7494
1,35.853
1,36.0257
1,36.0257
1,36.0603
1,35.9912
1,35.9912
1,36.0257
1,46.5905
1,36.0603
1,36.0603
1,35.9912
1,36.0948
1,36.0603
1,36.2673
1,36.3362
1,36.4052
1,36.2673
1,36.3707
1,36.1983
1,36.4741
1,36.4052
1,36.4052
1,36.3707
1,36.4741
1,46.2953
1,36.4741
1,36.4396
1,36.4741
1,36.5085
1,36.5085
1,36.5774
1,36.5774
1,36.6463
1,36.5774
1,36.4741
1,36.6118
1,36.4741
1,36.7495
1,36.8183
1,36.9559
1,36.9559
1,36.8871
1,36.7495
1,36.7495
1,36.7495
1,36.7495
1,36.6807
1,36.6807
1,36.6118
1,36.6118
1,36.4741
1,36.5774
1,36.4052
1,36.4052
1,36.4396
1,36.6807
1,36.8183
1,36.8183
1,36.8183
1,46.3609
1,36.7495
1,36.6807
1,46.3609
1,36.8527
1,36.6118
1,36.8871
1,36.6118
1,36.6463
1,36.6463
1,36.6118
1,36.6807
1,36.7151
1,36.6118
1,36.6807
1,36.6463
1,36.6463
1,36.7495
1,36.8871
1,36.8527
1,36.8183
1,36.8183
1,36.8183
1,36.7495
1,36.7839
1,36.8183
1,36.7839
1,36.7151
1,36.7495
1,36.8183
1,36.9215
1,36.9559
1,36.9902
1,36.9215
1,46.9505
1,36.9559
1,36.8871
1,36.8871
1,36.9215
1,36.8871
1,36.8871
1,36.9559
1,36.8527
1,36.8871
1,36.9215
1,36.9559
1,36.9559
1,37.0246
1,36.9902
1,36.9902
1,36.9902
1,36.9559
1,36.9559
1,36.9559
1,37.0246
1,36.9902
1,37.059
1,37.0246
1,37.0933
1,46.9505
1,37.0246
1,37.1277
1,47.212
1,37.0246
1,47.1467
1,37.2307
1,37.2307
1,37.2993
1,37.265
1,37.3679
1,37.5051
1,47.0486
1,37.4708
1,37.6079
1,37.6422
1,46.9832
1,37.7107
1,37.7792
1,37.9161
1,47.114
1,37.9845
1,38.0529
1,38.0529
1,47.2447
1,38.0871
1,37.9503
1,38.1213
1,38.1897
1,38.3263
1,38.3605
1,38.3263
1,38.1897
1,38.258
1,38.258
1,38.1897
1,38.3946
1,38.2922
1,38.3946
1,38.3946
1,38.497
1,38.4629
1,38.5311
1,38.4629
1,38.5311
1,38.5652
1,38.7357
1,38.7357
1,38.6675
1,38.7016
1,38.7016
1,38.7016
1,38.7357
1,38.6334
1,38.7357
1,38.7698
1,38.7357
1,38.6675
1,38.7016
1,38.7357
1,38.7357
1,38.6334
1,38.6675
1,38.8039
1,47.1467
1,38.8379
1,38.872
1,39.0082
1,39.0763
1,39.0763
1,39.1783
1,39.1783
1,39.1783
1,39.3143
1,39.3143
1,39.3823
1,39.3483
1,39.4842
1,47.0159
1,39.4162
1,39.3483
1,46.8524
1,39.2463
1,39.3143
1,39.2803
1,39.3483
1,39.2803
1,39.2803
1,39.2123
1,39.2123
1,39.2803
1,39.2463
1,39.2123
1,39.2123
1,39.1783
1,39.0082
1,38.9401
1,38.872
1,38.9742
1,39.0082
1,39.0763
1,46.2953
1,39.0082
1,38.872
1,38.9061
1,38.872
1,38.872
1,38.872
1,38.9401
1,38.872
1,38.9401
1,38.8379
1,38.9401
1,38.9401
1,38.9742
1,38.9401
1,38.9742
1,38.872
1,38.872
1,38.8039
1,38.9061
1,38.8039
1,38.8379
1,38.872
1,38.9061
1,38.9401
1,38.9401
1,39.0082
1,39.0763
1,39.0082
1,39.0763
1,45.2423
1,39.0082
1,45.1763
1,39.0082
1,45.2753
1,39.1103
1,39.0082
1,39.0763
1,39.0082
1,39.0763
1,45.7037
1,46.0655
1,39.5521
1,39.6878
1,39.6878
1,47.0486
1,39.8574
1,39.8913
1,39.7557
1,39.7557
1,46.5249
1,46.3937
1,39.7896
1,39.6539
1,46.3609
1,39.5521
1,39.5521
1,39.4842
1,39.5521
1,46.4593
1,39.62
1,39.4842
1,39.5521
1,46.4265
1,39.4842
1,46.3281
1,39.4502
1,39.5181
1,39.4162
1,39.4502
1,46.4265
1,39.4162
1,39.4162
1,46.3937
1,39.3823
1,39.4162
1,39.5521
1,39.7217
1,39.62
1,39.5521
1,39.5521
1,46.3937
1,39.6878
1,46.4921
1,39.62
1,46.6887
1,39.7217
1,39.7557
1,46.7215
1,46.6232
1,39.8235
1,39.8913
1,46.5249
1,39.7896
1,39.9591
1,39.9591
1,40.0268
1,40.0268
1,40.1284
1,40.0607
1,40.2299
1,40.2299
1,40.2299
1,40.2299
1,40.3652
1,46.7542
1,40.1622
1,40.2299
1,40.3314
1,40.2976
1,40.399
1,40.3652
1,40.399
1,40.399
1,40.4328
1,40.4328
1,40.3652
1,40.399
1,46.4265
1,46.3609
1,40.568
1,46.3937
1,46.4265
1,40.7368
1,40.6355
1,40.568
1,40.568
1,40.7031
1,40.568
1,40.5004
1,40.5004
1,46.3609
1,46.1312
1,40.7368
1,40.6693
1,40.3652
1,40.1284
1,40.0268
1,39.7896
1,39.5521
1,39.3823
1,39.2803
1,47.212
1,47.4405
1,39.0082
1,38.7357
1,38.9061
1,38.7357
1,38.6675
1,38.6675
1,47.799
1,47.8315
1,38.258
1,47.7338
1,38.1897
1,38.0187
1,47.5057
1,37.9161
1,46.4265
1,37.8819
1,38.1555
1,37.8477
1,37.9161
1,37.8477
1,37.9845
1,37.745
1,37.7107
1,37.745
1,37.8477
1,37.8477
1,37.9161
1,37.9845
1,37.8819
1,37.9161
1,37.9161
1,37.9161
1,45.7695
1,45.7037
1,37.5737
1,45.7695
1,37.745
1,37.9161
1,37.8477
1,37.7792
1,37.8477
1,37.8134
1,37.8477
1,37.8819
1,45.6708
1,45.9011
1,45.5061
1,37.8477
1,45.6708
1,37.8477
1,37.8477
1,45.7037
1,37.7792
1,37.745
1,37.7792
1,37.745
1,37.6422
1,37.6422
1,45.3413
1,37.7107
1,37.6422
1,37.6422
1,37.7107
1,37.6422
1,45.4402
1,37.7107
1,37.745
1,37.7107
1,45.1763
1,37.7107
1,37.7107
1,37.7792
1,45.3083
1,37.8477
1,37.8134
1,38.4629
1,38.9061
1,39.62
1,39.0763
1,38.6675
1,38.3605
1,38.2922
1,38.1897
1,38.1213
1,44.9451
1,45.1103
1,38.2239
1,38.0529
1,38.0529
1,38.1897
1,37.9161
1,37.9845
1,37.9845
1,37.9845
1,38.0529
1,37.9845
1,37.9845
1,37.9845
1,37.8819
1,44.9782
1,37.7792
1,37.7792
1,37.8477
1,37.8477
1,37.9845
1,37.9845
1,38.0871
1,38.0871
1,38.1213
1,38.1213
1,38.1213
1,45.1763
1,38.1213
1,38.1213
1,38.0529
1,38.1897
1,45.2423
1,38.1897
1,38.1555
1,38.1213
1,38.1213
1,38.1555
1,38.1213
1,38.0529
1,38.1213
1,38.1213
1,37.9845
1,38.0529
1,38.0871
1,38.1213
1,38.1213
1,38.1555
1,38.1213
1,38.2239
1,38.3263
1,38.5311
1,38.4629
1,38.258
1,38.1897
1,38.258
1,38.0871
1,38.258
1,38.258
1,38.258
1,38.3605
1,38.1213
1,38.1897
1,38.2922
1,38.4629
1,45.0442
1,38.2239
1,38.258
1,38.258
1,38.1897
1,38.1213
1,38.1897
1,38.1897
1,38.1555
1,44.9782
1,38.1897
1,38.2239
1,38.1897
1,38.258
1,38.258
1,38.258
1,38.2239
1,38.2239
1,38.1897
1,38.1897
1,38.1897
1,38.1897
1,38.1897
1,38.1897
1,45.0773
1,38.1897
1,38.258
1,38.2922
1,38.258
1,38.258
1,38.3263
1,44.846
1,38.3263
1,38.258
1,44.7467
1,38.3263
1,38.3263
1,38.2922
1,38.2239
1,38.258
1,38.258
1,38.258
1,38.258
1,38.258
1,44.6475
1,38.258
1,38.258
1,38.2239
1,38.3263
1,38.3263
1,38.3263
1,38.3263
1,38.3263
1,38.3263
1,38.2922
1,38.258
1,38.258
1,38.258
1,38.2922
1,38.258
1,38.258
1,38.2922
1,38.3263
1,38.2922
1,44.2499
1,38.258
1,38.3263
1,38.3263
1,38.3263
1,44.0176
1,38.3605
1,38.3263
1,38.3263
1,38.3605
1,38.3946
1,38.3946
1,43.8848
1,38.3946
1,43.9512
1,43.918
1,43.8848
1,43.8183
1,38.3946
1,38.3946
1,43.8183
1,43.918
1,38.3946
1,38.3946
1,38.3946
1,38.3946
1,38.3946
1,38.3946
1,43.918
1,38.3946
1,38.3946
1,38.3946
1,38.3946
1,38.3946
1,43.8848
1,38.3946
1,38.3946
1,38.4287
1,38.4629
1,38.4629
1,38.4629
1,38.4629
1,43.918
1,43.9512
1,38.4629
1,38.3946
1,44.1172
1,38.4629
1,44.1172
1,38.4287
1,38.4287
1,38.3946
1,44.0176
1,38.4287
1,38.3946
1,38.3946
1,38.3946
1,38.3263
1,38.1213
1,38.3946
1,38.5311
1,38.5311
1,38.5311
1,38.5311
1,38.4629
1,44.2499
1,44.2831
1,38.5311
1,38.5311
1,38.5652
1,44.1172
1,44.1172
1,38.5311
1,38.5311
1,38.5311
1,38.497
1,38.497
1,38.4629
1,44.1172
1,38.5311
1,38.4629
1,44.3494
1,38.497
1,38.4629
1,38.497
1,38.5311
1,38.497
1,38.5311
1,38.5311
1,38.497
1,44.1836
1,38.5311
1,38.5311
1,38.5311
1,38.5311
1,38.5311
1,44.5151
1,38.5311
1,38.5311
1,38.5311
1,38.5311
1,38.497
1,38.497
1,38.4629
1,38.497
1,38.497
1,38.497
1,38.4629
1,38.4629
1,38.4629
1,38.4629
1,38.4629
1,38.4629
1,38.4629
1,38.4629
1,38.5311
1,38.5311
1,44.4157
1,38.5311
1,38.497
1,44.5151
1,38.4629
1,38.5311
1,38.5311
1,38.5652
1,38.5652
1,44.4819
1,38.5993
1,38.5993
1,38.5993
1,38.5652
1,38.5311
1,38.5311
1,38.5311
1,38.5311
1,38.497
1,38.5311
1,44.7798
1,44.7467
1,44.7137
1,38.6334
1,38.5311
1,44.5813
1,38.5993
1,38.5993
1,38.5993
1,44.6806
1,38.5652
1,38.5993
1,44.7798
1,44.7798
1,44.846
1,38.6334
1,38.5993
1,38.497
1,38.6334
1,38.6675
1,38.6675
1,38.6675
1,44.9451
1,44.9782
1,38.7016
1,45.0442
1,38.7357
1,38.7357
1,45.0773
1,38.6675
1,38.6334
1,38.6675
1,38.6675
1,38.6675
1,38.7016
1,38.7357
1,45.1433
1,38.7357
1,44.9782
1,38.7357
1,38.7016
1,38.7016
1,38.7357
1,38.6675
1,38.7016
1,38.7357
1,45.1433
1,38.7698
1,38.7016
1,38.7016
1,38.7357
1,45.1763
1,38.7016
1,38.7357
1,38.7016
1,38.7357
1,38.7357
1,38.7357
1,38.7357
1,38.7357
1,38.7357
1,38.7357
1,38.5993
1,38.6675
1,45.1103
1,38.8039
1,45.3743
1,38.8039
1,38.7698
1,38.8039
1,38.7698
1,38.7698
1,45.6379
1,38.7698
1,38.7698
1,38.8039
1,38.8039
1,38.7698
1,38.8039
1,45.3413
1,38.8379
1,45.2423
1,38.872
1,38.6675
1,45.4072
1,38.5993
1,38.4629
1,45.4072
1,38.8379
1,38.872
1,38.9742
1,38.9742
1,38.9401
1,38.9061
1,38.9061
1,38.9401
1,38.872
1,38.872
1,38.8039
1,45.6049
1,38.7016
1,38.8039
1,38.872
1,38.8039
1,38.9742
1,38.9401
1,45.8024
1,38.9401
1,45.9669
1,38.5993
1,38.5993
1,38.5311
1,38.9061
1,46.0655
1,38.9401
1,39.0422
1,39.0422
1,39.0082
1,46.1968
1,38.9742
1,39.0082
1,39.0082
1,46.2297
1,39.0082
1,46.3609
1,38.9742
1,38.9401
1,39.0082
1,46.4265
1,39.0082
1,39.0082
1,38.6675
1,38.6675
1,38.6334
1,39.0082
1,38.8379
1,38.9401
1,38.9401
1,46.4593
1,46.4921
1,46.5577
1,39.0082
1,38.9742
1,38.7016
1,46.6232
1,38.5993
1,46.6887
1,38.872
1,46.656
1,38.872
1,46.4921
1,38.9742
1,46.6232
1,39.0082
1,38.9742
1,39.0082
1,39.0082
1,38.9742
1,46.7869
1,46.8197
1,38.6675
1,46.5577
1,38.6675
1,38.6675
1,38.8039
1,38.872
1,38.872
1,38.9742
1,38.6334
1,38.6334
1,38.872
1,38.6675
1,38.8039
1,38.6675
1,38.8379
1,38.7698
1,38.9742
1,38.7698
1,38.6675
1,38.5993
1,46.5577
1,38.5993
1,38.6675
1,38.6334
1,38.6675
1,46.6232
1,46.7215
1,38.7357
1,46.9505
1,38.7357
1,38.7357
1,46.9832
1,38.7357
1,38.7016
1,38.7016
1,38.7357
1,38.7698
1,46.8851
1,38.7357
1,38.7357
1,47.0486
1,38.7357
1,38.9061
1,38.9401
1,47.0813
1,39.0082
1,47.0159
1,38.872
1,38.7357
1,38.7016
1,38.7357
1,38.7698
1,38.7016
1,38.8039
1,38.7016
1,38.8039
1,38.7357
1,46.7869
1,38.8039
1,38.7698
1,38.8379
1,46.4921
1,39.0763
1,46.5905
1,39.0763
1,39.0082
1,39.2123
1,39.1443
1,38.8379
1,46.8851
1,38.8039
1,46.7869
1,38.8379
1,38.872
1,38.872
1,39.0763
1,38.872
1,38.9061
1,38.872
1,38.872
1,47.0486
1,38.9061
1,38.9742
1,39.0082
1,38.9401
1,39.0422
1,39.0082
1,39.0082
1,39.0082
1,39.0082
1,46.6232
1,39.0082
1,39.1443
1,39.1443
1,39.1783
1,39.2123
1,39.2123
1,39.2463
1,39.2803
1,39.1783
1,39.1783
1,39.1443
1,39.2803
1,39.2123
1,46.6232
1,39.2803
1,39.2803
1,39.3823
1,39.3483
1,39.2803
1,39.3143
1,39.1443
1,39.3483
1,46.4921
1,39.4162
1,39.3823
1,46.1312
1,39.5521
1,46.0655
1,46.0983
1,46.1968
1,39.4162
1,39.3143
1,39.3483
1,39.4162
1,39.4502
1,46.3609
1,39.4162
1,46.3609
1,39.4502
1,46.2953
1,39.4842
1,39.4842
1,39.3483
1,39.4842
1,39.4162
1,39.4162
1,39.4162
1,39.3823
1,39.5181
1,39.4842
1,39.5181
1,46.3281
1,39.5521
1,46.5577
1,39.5521
1,39.586
1,39.3823
1,46.5577
1,39.4502
1,39.5521
1,39.5521
1,46.4921
1,39.5521
1,39.6539
1,39.586
1,39.6539
1,39.62
1,39.62
1,39.5521
1,39.4842
1,39.5521
1,39.62
1,39.62
1,39.6539
1,46.164
1,39.6878
1,46.2625
1,39.6878
1,39.7557
1,39.5521
1,39.7217
1,39.8574
1,39.7557
1,39.6878
1,39.9252
1,46.1312
1,39.9591
1,46.0655
1,39.9591
1,39.7896
1,39.6878
1,39.9252
1,46.0655
1,39.8913
1,39.8235
1,39.8235
1,46.3281
1,39.8913
1,46.4593
1,40.0268
1,40.0607
1,40.0607
1,40.0945
1,40.1622
1,39.9591
1,40.0945
1,40.0268
1,40.1961
1,40.0268
1,40.2976
1,40.3652
1,40.2638
1,46.0983
1,40.2976
1,40.2299
1,40.1622
1,39.9929
1,46.0655
1,39.8913
1,39.7557
1,39.9591
1,40.0945
1,39.8235
1,39.8913
1,46.2953
1,46.3937
1,40.1961
1,40.2299
1,40.0945
1,40.2638
1,40.1622
1,40.0268
1,39.8913
1,40.1284
1,40.3652
1,46.2625
1,40.3314
1,40.2976
1,40.4328
1,40.2638
1,40.1961
1,40.1622
1,40.1284
1,40.2976
1,40.0945
1,40.3652
1,40.4328
1,40.1284
1,40.4328
1,40.2299
1,40.2976
1,40.3652
1,46.164
1,40.1622
1,39.9929
1,39.9252
1,39.9591
1,40.2976
1,46.0655
1,40.2638
1,40.2976
1,40.1622
1,40.2976
1,40.3314
1,40.2299
1,40.4328
1,40.3314
1,40.0268
1,40.4328
1,40.2299
1,40.399
1,40.4666
1,40.3652
1,40.3652
1,40.2299
1,46.4593
1,40.0607
1,46.2953
1,40.3314
1,40.2299
1,40.4328
1,40.2638
1,46.3609
1,40.2299
1,46.3937
1,40.2299
1,46.2953
1,40.1622
1,46.2625
1,40.1622
1,40.1622
1,40.2976
1,40.2976
1,46.4265
1,40.4666
1,40.3314
1,46.4921
1,40.4666
1,40.2976
1,40.3314
1,40.2638
1,40.4328
1,40.3314
1,46.4921
1,40.4328
1,40.3652
1,40.5342
1,40.2976
1,40.2976
1,40.2976
1,46.3937
1,40.0607
1,40.0945
1,40.1284
1,40.2299
1,40.2299
1,40.2638
1,46.3609
1,40.2976
1,40.5004
1,40.3652
1,40.3314
1,40.3314
1,40.3652
1,40.568
1,40.6018
1,40.4328
1,40.399
1,40.3652
1,40.4328
1,40.4666
1,40.2976
1,40.5004
1,40.2976
1,40.5004
1,40.4666
1,40.4328
1,40.568
1,40.4328
1,40.3652
1,40.3652
1,40.3652
1,40.4666
1,40.2976
1,40.0945
1,40.2299
1,40.2299
1,40.4328
1,40.4666
1,40.4328
1,40.5004
1,40.4328
1,40.4328
1,40.5004
1,40.4328
1,40.568
1,40.568
1,40.4328
1,40.3652
1,40.5004
1,40.5004
1,40.2299
1,40.4328
1,45.3083
1,40.3652
1,40.3652
1,40.1961
1,40.1961
1,40.2299
1,40.1961
1,40.5004
1,40.5004
1,40.3652
1,40.5004
1,40.4666
1,40.5004
1,40.399
1,40.3652
1,40.5342
1,40.568
1,40.5004
1,46.2297
1,40.5004
1,40.399
1,40.4328
1,40.5004
1,40.5004
1,40.4328
1,40.568
1,40.6018
1,40.568
1,45.7037
1,40.568
1,45.4072
1,40.4328
1,40.4328
1,40.3652
1,40.4328
1,40.3652
1,40.5004
1,46.8851
1,40.399
1,40.6693
1,40.6018
1,40.6355
1,40.6018
1,40.6693
1,40.568
1,40.4328
1,40.568
1,40.568
1,40.7031
1,40.7031
1,40.7706
1,46.9505
1,40.6693
1,46.9505
1,40.7706
1,40.6355
1,46.8197
1,40.6693
1,40.5004
1,46.9178
1,40.7031
1,40.7031
1,40.568
1,40.6355
1,40.568
1,46.164
1,40.5342
1,40.6018
1,46.1968
1,40.6355
1,40.6355
1,40.568
1,40.7368
1,40.7031
1,40.7368
1,40.6355
1,40.7706
1,40.5342
1,40.568
1,40.6355
1,40.7031
1,40.7706
1,40.6355
1,40.6355
1,40.6355
1,40.568
1,40.7031
1,40.6355
1,40.6355
1,40.6693
1,40.568
1,40.6693
1,40.8043
1,40.7368
1,40.7368
1,40.7031
1,40.7706
1,40.7031
1,40.6355
1,40.7368
1,46.0655
1,46.0326
1,40.6693
1,40.7368
1,40.7368
1,40.7031
1,40.7031
1,45.6379
1,40.6355
1,45.8024
1,40.7031
1,45.9011
1,40.6018
1,40.7368
1,45.8024
1,46.0326
1,45.8682
1,40.7706
1,40.7706
1,40.7706
1,40.8381
1,40.7706
1,40.8381
1,40.6355
1,45.3083
1,40.6355
1,40.8043
1,45.6049
1,40.7031
1,40.8381
1,45.6049
1,40.7031
1,40.8381
1,40.8043
1,40.7706
1,40.8381
1,40.8718
1,44.6475
1,40.7368
1,40.7706
1,40.9055
1,40.9055
1,40.9055
1,45.0442
1,40.8381
1,40.7031
1,40.8381
1,40.7031
1,40.7368
1,40.8043
1,40.8381
1,45.9011
1,40.8381
1,40.9392
1,41.1078
1,41.0067
1,40.9055
1,40.9055
1,40.8381
1,40.9392
1,40.8381
1,40.9392
1,40.8718
1,40.9392
1,40.9055
1,40.8381
1,40.8381
1,40.7031
1,40.9055
1,40.9392
1,40.9392
1,40.8043
1,40.8381
1,40.9055
1,40.973
1,41.0404
1,40.9392
1,41.1751
1,41.2425
1,41.2761
1,41.1751
1,44.7137
1,44.6806
1,44.6806
1,40.9055
1,41.0067
1,41.0404
1,40.973
1,41.0404
1,41.1078
1,41.1078
1,41.0404
1,41.1078
1,40.9392
1,41.1414
1,43.2525
1,40.8043
1,44.2499
1,41.0404
1,44.2831
1,41.0067
1,40.973
1,40.9392
1,40.973
1,41.1751
1,41.1078
1,41.1751
1,41.1078
1,41.0067
1,41.0741
1,41.0404
1,40.973
1,41.0404
1,41.0404
1,41.1078
1,41.1414
1,41.2761
1,41.2425
1,41.2425
1,41.2425
1,41.1751
1,41.1078
1,41.1751
1,41.1414
1,41.1751
1,41.1751
1,41.1414
1,41.2425
1,41.2088
1,41.1751
1,41.2088
1,41.3771
1,41.3098
1,41.1414
1,41.1414
1,41.1751
1,41.1751
1,41.2425
1,41.3098
1,41.3435
1,41.3435
1,41.2425
1,41.2425
1,41.0404
1,41.3098
1,41.2425
1,41.3435
1,41.2425
1,41.4108
1,41.2761
1,41.3771
1,43.6853
1,41.4444
1,43.7186
1,41.3771
1,41.3098
1,41.3771
1,41.2088
1,41.3098
1,41.3435
1,41.4444
1,41.4444
1,41.4108
1,41.3771
1,41.3098
1,41.5116
1,41.4108
1,41.5116
1,41.5789
1,41.5116
1,41.6461
1,41.7805
1,41.7805
1,43.6521
1,43.6853
1,42.0489
1,41.9818
1,42.0489
1,42.0489
1,42.0489
1,43.519
1,42.0154
1,42.183
1,42.0489
1,42.0824
1,42.0154
1,42.0154
1,42.0824
1,41.8476
1,42.0489
1,42.0489
1,41.9818
1,42.1495
1,43.3858
1,43.4191
1,42.1495
1,42.116
1,43.5855
1,42.0824
1,42.116
1,42.1495
1,43.7186
1,42.317
1,42.25
1,43.3858
1,42.2165
1,42.116
1,43.2525
1,42.2165
1,42.25
1,42.25
1,42.384
1,42.183
1,42.384
1,42.25
1,42.3505
1,43.2858
1,42.384
1,42.4509
1,42.384
1,42.5178
1,42.4509
1,42.4844
1,43.519
1,42.4509
1,43.4524
1,42.5178
1,42.4509
1,43.4191
1,43.519
1,42.4509
1,42.3505
1,42.5178
1,42.384
1,42.25
1,42.3505
1,43.2191
1,43.2191
1,42.9189
1,42.7519
1,42.6182
1,42.6516
1,42.6182
1,42.4509
1,42.5847
1,42.7519
1,43.2191
1,42.9523
1,42.8187
1,42.7185
1,42.7185
1,42.5847
1,43.0524
1,42.6516
1,42.685
1,42.6182
1,42.7185
1,42.7853
1,42.6516
1,42.6516
1,42.5847
1,42.9523
1,42.7185
1,42.9189
1,42.5847
1,43.1191
1,42.7185
1,42.7185
1,42.685
1,42.6182
1,42.6516
1,42.8187
1,42.6516
1,42.8521
1,42.4174
1,42.7519
1,43.1191
1,42.8187
1,42.8521
1,42.8521
1,42.8521
1,42.8187
1,42.8521
1,42.9856
1,42.7185
1,42.8855
1,42.8855
1,42.9189
1,42.9189
1,42.9189
1,42.8855
1,42.9523
1,42.7519
1,42.7519
1,42.8521
1,42.7185
1,42.8855
1,42.8521
1,42.9189
1,43.019
1,42.9856
1,42.9856
1,43.1191
1,42.7853
1,42.9856
1,43.0524
1,43.019
1,42.9523
1,42.9856
1,43.0858
1,43.0524
1,42.9856
1,43.1191
1,43.0524
1,43.019
1,43.0524
1,42.9189
1,42.9523
1,42.9856
1,43.0858
1,42.9523
1,42.9523
1,42.6516
1,42.5513
1,42.0489
1,41.7133
1,41.4444
1,41.0404
1,40.7706
1,40.7031
1,40.6693
1,40.6355
1,40.568
1,40.4328
1,40.4328
1,42.5178
1,40.399
1,40.2976
1,40.2976
1,42.5847
1,40.2638
1,40.1622
1,40.1622
1,40.1284
1,40.0607
1,40.0945
1,40.1284
1,40.2299
1,42.5513
1,40.2299
1,42.5178
1,40.2638
1,40.2638
1,40.2299
1,40.2638
1,42.0489
1,40.3314
1,40.399
1,40.4328
1,40.399
1,41.9147
1,40.4328
1,40.4328
1,40.4328
1,40.5004
1,41.8476
1,40.568
1,40.6018
1,40.6355
1,40.6018
1,40.568
1,40.5004
1,40.5342
1,41.9147
1,40.5004
1,42.317
1,40.568
1,40.5342
1,42.25
1,40.5004
1,40.4666
1,42.1495
1,40.568
1,40.6355
1,40.568
1,40.6355
1,40.6693
1,40.7031
1,42.183
1,40.7706
1,40.7706
1,40.8043
1,40.8381
1,40.7031
1,41.7133
1,41.478
1,41.6125
1,41.7805
1,41.9147
1,42.0489
1,41.8476
1,41.8812
1,42.25
1,42.2835
1,42.3505
1,42.3505
1,42.4844
1,42.5178
1,42.5178
1,42.7185
1,42.5847
1,41.5116
1,42.6516
1,42.5847
1,41.5789
1,42.4509
1,42.6516
1,42.7519
1,42.6182
1,42.183
1,42.4844
1,42.4509
1,42.5847
1,42.5847
1,42.7185
1,41.3098
1,42.7853
1,42.7519
1,42.8187
1,42.8521
1,42.7853
1,42.9856
1,42.9856
1,42.9523
1,42.9856
1,42.8521
1,42.9189
1,42.8855
1,42.7185
1,41.1078
1,42.9856
1,41.3098
1,42.9189
1,42.9523
1,42.8521
1,42.9189
1,42.8855
1,43.0524
1,43.0524
1,43.0524
1,43.1191
1,42.9856
1,43.0524
1,40.9055
1,43.0524
1,42.9856
1,42.8855
1,42.8521
1,42.9523
1,40.9055
1,42.9523
1,42.8855
1,42.8521
1,41.1078
1,40.973
1,41.1414
1,42.4509
1,42.5847
1,42.5847
1,42.7185
1,42.5847
1,42.2165
1,42.4509
1,42.4509
1,42.25
1,42.4509
1,40.8718
1,42.384
1,42.7519
1,42.685
1,42.7853
1,42.7853
1,42.8521
1,40.9392
1,43.0524
1,40.7031
1,42.9856
1,42.8521
1,42.685
1,40.8381
1,42.4174
1,42.5847
1,42.6516
1,42.6516
1,42.6182
1,42.9856
1,42.8855
1,40.7368
1,42.6182
1,42.4509
1,42.4509
1,42.7185
1,42.7853
1,42.7185
1,42.5847
1,42.384
1,42.0489
1,42.9856
1,42.2835
1,40.6693
1,40.3652
1,42.7185
1,40.5004
1,42.4844
1,42.5847
1,42.5178
1,42.25
1,42.2835
1,42.116
1,42.0824
1,42.0824
1,42.3505
1,42.7185
1,42.5178
1,42.317
1,42.25
1,42.4509
1,42.2165
1,42.25
1,41.9483
1,42.116
1,42.0154
1,42.5513
1,41.9147
1,41.6797
1,41.7805
1,41.5789
1,41.5116
1,41.3098
1,41.4108
1,41.2425
1,41.1078
1,40.2976
1,41.1078
1,41.0067
1,40.4328
1,41.1078
1,41.3771
1,41.3098
1,41.3435
1,41.1414
1,41.4444
1,41.4444
1,40.973
1,41.1078
1,40.9392
1,40.8043
1,40.8718
1,41.4108
1,41.3098
1,41.1078
1,41.2425
1,41.1414
1,41.1414
1,40.9055
1,40.973
1,41.1751
1,40.2299
1,40.568
1,40.4328
1,40.9055
1,40.0945
1,40.568
1,40.9055
1,40.9055
1,41.1751
1,41.0404
1,41.0741
1,41.1751
1,40.973
1,40.9392
1,40.7706
1,41.1751
1,41.0404
1,40.9055
1,41.1751
1,40.9055
1,41.1078
1,41.1751
1,41.3435
1,41.0067
1,41.0741
1,41.5116
1,40.973
1,41.2425
1,41.1751
1,41.0404
1,41.1414
1,41.0404
1,39.7217
1,41.0404
1,40.9392
1,41.1078
1,39.586
1,41.3098
1,41.2088
1,41.2761
1,41.3435
1,41.2425
1,41.2425
1,41.2425
1,41.1751
1,41.0404
1,41.1078
1,41.2425
1,40.9055
1,40.8718
1,40.8718
1,40.9055
1,40.973
1,41.0067
1,41.2425
1,41.3771
1,41.3771
1,41.2425
1,39.2803
1,41.1751
1,41.0741
1,39.2803
1,40.973
1,39.1443
1,41.0067
1,41.0404
1,41.0404
1,41.1078
1,41.0404
1,40.9055
1,40.9055
1,39.3143
1,41.3098
1,41.5116
1,41.3098
1,41.1751
1,41.2761
1,41.4108
1,41.2761
1,41.2425
1,41.1078
1,41.0741
1,41.0404
1,41.1078
1,41.1414
1,41.1751
1,40.8043
1,40.8381
1,40.8718
1,41.0067
1,40.9392
1,38.8039
1,40.7706
1,40.7706
1,40.7031
1,40.7031
1,40.6355
1,40.5004
1,38.5311
1,40.7706
1,40.9392
1,40.7706
1,40.8381
1,40.7706
1,40.7031
1,40.7031
1,40.7031
1,40.6355
1,40.5004
1,40.5342
1,38.2239
1,40.1961
1,40.1284
1,38.0871
1,39.8913
1,40.5004
1,40.399
1,40.3652
1,40.1622
1,40.2976
1,40.2638
1,40.1622
1,40.2299
1,40.2299
1,40.2976
1,40.1284
1,40.0268
1,40.0945
1,40.1622
1,40.2299
1,40.0945
1,40.0607
1,40.0268
1,37.7792
1,40.0945
1,37.6422
1,40.1284
1,40.1622
1,40.4328
1,40.5004
1,37.7107
1,40.7706
1,40.973
1,41.1078
1,41.3098
1,41.2425
1,41.0741
1,41.0067
1,41.0404
1,41.1078
1,41.1078
1,37.5737
1,41.2425
1,37.265
1,41.5116
1,41.1751
1,41.2088
1,41.4444
1,41.3098
1,37.2307
1,41.3098
1,41.3771
1,41.6125
1,41.5116
1,41.5789
1,41.4444
1,41.4108
1,41.2425
1,41.2425
1,41.6125
1,37.162
1,41.5116
1,36.9559
1,41.6461
1,41.5789
1,41.7133
1,41.5453
1,41.5116
1,41.4108
1,36.8871
1,41.5116
1,41.5789
1,41.6797
1,41.7133
1,41.7469
1,41.8476
1,41.7133
1,41.6797
1,41.5116
1,41.5116
1,41.6461
1,41.478
1,41.5116
1,36.6807
1,41.5453
1,41.4444
1,41.5116
1,41.5789
1,41.7133
1,41.7805
1,41.8476
1,36.3362
1,41.814
1,41.8476
1,41.814
1,41.814
1,41.7805
1,42.0489
1,42.0489
1,41.9147
1,41.8476
1,41.9483
1,42.1495
1,36.0603
1,41.9147
1,41.9483
1,41.9483
1,42.0154
1,42.116
1,42.2165
1,42.2835
1,42.4509
1,42.4844
1,42.5847
1,42.6182
1,42.7185
1,42.5847
1,42.6516
1,42.6516
1,35.8185
1,42.7519
1,35.7148
1,42.6516
1,42.8521
1,42.9189
1,35.6456
1,42.8521
1,42.6182
1,42.8521
1,35.4726
1,42.7853
1,42.7519
1,42.8855
1,42.9189
1,42.8855
1,35.4034
1,42.9189
1,42.8855
1,42.9523
1,43.1858
1,42.9856
1,43.0524
1,35.438
1,42.7853
1,42.8187
1,42.8521
1,43.2525
1,43.519
1,43.5855
1,35.4034
1,43.2525
1,42.9189
1,42.9189
1,43.019
1,43.1525
1,43.1858
1,35.2302
1,43.2525
1,43.3191
1,35.1609
1,43.2858
1,43.3858
1,43.3525
1,34.9528
1,43.4524
1,43.6521
1,43.7851
1,43.5855
1,34.8834
1,43.5522
1,34.675
1,43.4524
1,43.3525
1,43.3191
1,34.5708
1,43.519
1,43.3858
1,43.519
1,43.3525
1,43.2858
1,34.675
1,43.3191
1,43.2525
1,34.675
1,43.3191
1,43.5522
1,43.1191
1,43.3191
1,43.2191
1,43.3858
1,34.0836
1,43.1858
1,43.2858
1,43.2525
1,43.3858
1,43.5522
1,43.4524
1,43.5855
1,43.519
1,43.6188
1,43.4191
1,43.4524
1,43.3858
1,34.3969
1,43.6188
1,43.6188
1,43.5522
1,43.4524
1,43.3858
1,34.3273
1,34.4664
1,43.4524
1,43.3525
1,43.3858
1,43.2858
1,43.3191
1,34.2577
1,43.4191
1,34.1184
1,43.519
1,43.4524
1,43.4191
1,43.3858
1,43.2525
1,43.1858
1,33.8744
1,43.4191
1,34.1184
1,43.3191
1,43.2525
1,33.979
1,43.3858
1,43.3191
1,43.4524
1,43.2525
1,43.3858
1,43.4857
1,43.3525
1,33.7
1,43.4191
1,43.2858
1,34.4664
1,43.519
1,33.9093
1,43.4524
1,43.3858
1,43.4524
1,43.2525
1,34.188
1,43.3191
1,43.3858
1,43.5855
1,34.0139
1,43.7186
1,43.519
1,43.4524
1,33.979
1,43.3858
1,43.4191
1,43.4524
1,33.979
1,43.4524
1,43.5855
1,43.4524
1,43.4524
1,33.7698
1,43.4524
1,43.4524
1,33.8047
1,43.5855
1,43.519
1,43.4524
1,43.5522
1,43.5855
1,43.5522
1,33.7
1,43.5855
1,43.519
1,43.6188
1,33.7
1,43.6521
1,33.4905
1,43.6521
1,33.7
1,43.6853
1,43.6853
1,43.6853
1,43.6521
1,43.6188
1,43.5855
1,43.6853
1,43.5522
1,43.5855
1,33.5604
1,43.6521
1,43.6521
1,33.4905
1,43.519
1,43.519
1,43.519
1,43.4857
1,43.519
1,43.6188
1,43.6521
1,43.6521
1,43.5855
1,43.519
1,33.4905
1,43.4524
1,33.4206
1,43.6521
1,43.6521
1,43.6521
1,43.6853
1,43.6521
1,33.3507
1,43.7518
1,43.7186
1,43.8183
1,43.7851
1,43.7518
1,43.7851
1,43.7851
1,43.7851
1,43.8183
1,43.7851
1,43.7518
1,43.7186
1,43.7186
1,32.7557
1,43.7851
1,43.7851
1,43.7518
1,33.0009
1,43.7186
1,43.8515
1,32.7206
1,32.7557
1,43.8848
1,43.6853
1,43.6521
1,43.5855
1,43.5855
1,43.5855
1,43.519
1,43.519
1,43.519
1,43.519
1,43.4524
1,43.2525
1,43.1525
1,43.1191
1,43.1858
1,43.2525
1,43.1525
1,43.2191
1,43.1191
1,43.1191
1,43.1191
1,32.44
1,43.1191
1,43.2525
1,32.2293
1,32.4049
1,42.9856
1,32.2995
1,43.0524
1,42.9189
1,32.1941
1,42.8855
1,42.9189
1,42.8521
1,42.8521
1,42.8521
1,42.9189
1,43.019
1,42.9189
1,31.6664
1,42.8855
1,31.8424
1,42.7519
1,31.5959
1,31.5959
1,43.1191
1,43.0858
1,43.2191
1,43.1191
1,43.019
1,43.1525
1,43.2525
1,27.3991
1,43.1858
1,43.2191
1,43.1858
1,31.2433
1,43.2858
1,31.2786
1,43.1525
1,43.2525
1,43.2191
1,43.2191
1,31.3139
1,43.2525
1,43.2525
1,30.9961
1,43.2858
1,43.3191
1,43.3191
1,30.7486
1,43.2525
1,31.0314
1,43.2525
1,43.4191
1,31.4549
1,31.3139
1,43.4191
1,43.519
1,43.5522
1,43.4857
1,43.519
1,31.6664
1,43.4857
1,31.4549
1,43.519
1,31.3139
1,43.4524
1,26.608
1,43.4191
1,43.4524
1,43.4524
1,43.4524
1,31.6664
1,43.5855
1,43.5855
1,31.7016
1,43.6521
1,43.6853
1,43.8183
1,31.3844
1,43.7851
1,43.7186
1,31.1021
1,43.5855
1,43.4524
1,43.6188
1,43.6521
1,43.6521
1,31.1727
1,43.6521
1,43.7851
1,43.7851
1,43.7851
1,43.7186
1,43.7186
1,43.6853
1,43.7186
1,43.7851
1,43.8183
1,43.7851
1,43.9844
1,43.9844
1,43.9844
1,43.918
1,43.918
1,43.918
1,44.0176
1,43.8848
1,43.8515
1,30.5363
1,30.6071
1,43.5855
1,30.3238
1,43.5855
1,43.3858
1,43.4191
1,43.5855
1,30.6071
1,43.918
1,43.9512
1,30.6779
1,30.3238
1,43.9844
1,44.0508
1,44.2168
1,44.3494
1,44.3825
1,44.2499
1,44.0176
1,30.3947
1,44.1504
1,43.8515
1,43.9844
1,43.7851
1,43.7851
1,43.7851
1,43.3191
1,43.519
1,43.7186
1,43.8183
1,43.7518
1,43.7186
1,43.5855
1,29.8981
1,43.5855
1,30.1111
1,43.5855
1,43.4524
1,43.2525
1,43.2525
1,43.4191
1,30.6779
1,43.7186
1,29.8271
1,43.918
1,43.8515
1,43.6853
1,43.6521
1,43.5855
1,43.519
1,43.6188
1,43.3858
1,43.5522
1,28.9731
1,43.6853
1,43.7186
1,43.7186
1,28.8305
1,43.9512
1,28.7591
1,43.9844
1,43.9844
1,28.6877
1,44.1172
1,44.1172
1,44.2499
1,44.2831
1,44.2831
1,28.7948
1,44.5151
1,44.5151
1,28.7234
1,44.4488
1,28.7591
1,44.2831
1,28.7234
1,28.9018
1,28.8661
1,28.652
1,44.1836
1,44.1504
1,44.1504
1,28.259
1,44.084
1,28.1875
1,44.0176
1,44.1504
1,44.1504
1,44.2831
1,44.3162
1,44.1836
1,44.1836
1,43.9844
1,43.918
1,43.9512
1,43.9844
1,27.9011
1,27.8294
1,43.9844
1,43.9512
1,43.8848
1,43.8515
1,27.7578
1,43.8515
1,43.8515
1,43.918
1,43.8515
1,43.8515
1,43.8848
1,43.918
1,43.8848
1,43.918
1,43.8848
1,27.3991
1,28.0085
1,44.1172
1,27.6861
1,44.084
1,44.1172
1,44.084
1,27.9369
1,44.1172
1,44.0176
1,44.2499
1,44.1836
1,44.1172
1,28.3305
1,28.1875
1,44.1172
1,28.9731
1,44.0508
1,28.6877
1,44.0508
1,28.8661
1,44.0508
1,44.084
1,44.0508
1,44.0508
1,44.1172
1,44.084
1,44.1504
1,44.1504
1,44.1504
1,44.1836
1,44.1836
1,44.1504
1,44.1836
1,27.0398
1,44.1172
1,27.1836
1,27.6861
1,26.4278
1,44.084
1,44.084
1,44.084
1,44.0508
1,26.68
1,44.1836
1,44.3494
1,26.031
1,27.3632
1,44.0176
1,44.0176
1,43.9512
1,43.918
1,43.8848
1,43.7851
1,43.7851
1,43.6853
1,43.6521
1,43.5522
1,43.4524
1,43.6188
1,43.5855
1,43.5522
1,43.4524
1,43.4524
1,43.4857
1,43.519
1,43.519
1,25.6696
1,43.4524
1,43.4191
1,43.3191
1,43.519
1,24.8726
1,43.519
1,43.4524
1,43.3858
1,25.5249
1,43.2525
1,43.2525
1,43.2525
1,43.2191
1,43.1858
1,43.2191
1,43.1525
1,24.5821
1,43.1858
1,43.1858
1,43.2858
1,43.2858
1,43.2525
1,43.2525
1,43.2858
1,43.1191
1,43.2525
1,43.2525
1,43.3191
1,24.1821
1,23.8908
1,43.4191
1,43.4191
1,43.4524
1,43.4857
1,43.4524
1,43.5522
1,43.4191
1,43.4857
1,43.4191
1,43.4857
1,43.3525
1,23.4166
1,43.3191
1,43.2858
1,43.2525
1,43.3191
1,43.3525
1,23.0511
1,43.3191
1,23.1974
1,43.3858
1,22.795
1,22.8682
1,23.1974
1,22.6486
1,22.5386
1,44.1172
1,22.502
1,22.282
1,43.8515
1,22.7584
1,43.7851
1,43.6521
1,22.978
1,43.6853
1,22.0985
1,43.5855
1,43.6188
1,22.6852
1,22.025
1,43.4524
1,43.6521
1,43.6521
1,43.6853
1,43.7851
1,43.7186
1,43.6521
1,21.3631
1,43.918
1,22.2453
1,43.6521
1,43.6853
1,21.5103
1,43.8515
1,20.4776
1,43.6853
1,20.6254
1,21.0314
1,43.7186
1,43.5855
1,43.5855
1,43.6521
1,43.4857
1,43.2525
1,43.2191
1,43.0858
1,43.0524
1,43.0524
1,43.0524
1,19.5147
1,43.2191
1,43.4857
1,19.1434
1,43.5855
1,19.0691
1,43.6188
1,43.2525
1,43.2525
1,43.1525
1,43.1191
1,43.2525
1,17.6898
1,43.3191
1,17.5776
1,17.9513
1,43.1858
1,17.615
1,43.0524
1,17.9513
1,18.026
1,18.2126
1,17.8766
1,17.5028
1,17.5402
1,18.3245
1,17.5776
1,17.2034
1,43.1191
1,43.1858
1,43.3858
1,43.4191
1,43.4524
1,43.3858
1,43.4524
1,43.3858
1,43.3191
1,43.4524
1,43.2525
1,43.2525
1,43.2525
1,43.2525
1,43.519
1,16.3029
1,43.4191
1,43.3858
1,43.4191
1,43.519
1,16.1525
1,43.2858
1,43.2858
1,43.2525
1,15.2482
1,43.3858
1,43.3858
1,43.3858
1,43.3858
1,43.2525
1,15.8514
1,43.1525
1,43.1858
1,43.1858
1,15.55
1,43.2525
1,43.3191
1,43.3525
1,43.3191
1,43.3858
1,43.4524
1,43.3858
1,15.2105
1,43.3191
1,15.3237
1,43.1525
1,43.1191
1,43.2191
1,43.3191
1,14.8327
1,43.4857
1,14.8327
1,43.1858
1,43.0858
1,43.1858
1,14.4922
1,14.9461
1,15.0972
1,43.1191
1,14.9461
1,43.2525
1,43.2525
1,43.1525
1,15.3992
1,43.0858
1,43.1191
1,43.1525
1,15.3992
1,43.2858
1,43.3191
1,43.2858
1,43.2525
1,43.1858
1,43.1525
1,43.1191
1,43.1858
1,43.1525
1,43.1858
1,43.3858
1,43.4524
1,43.2858
1,43.2525
1,43.2191
1,43.1858
1,17.2783
1,43.0858
1,43.1191
1,43.0858
1,43.1191
1,43.2191
1,18.1753
1,43.1525
1,18.399
1,43.1525
1,43.1191
1,18.8459
1,43.0524
1,43.0524
1,19.1434
1,43.1858
1,19.0319
1,43.1858
1,43.2525
1,43.2525
1,43.2191
1,43.1525
1,43.1191
1,43.1191
1,43.0524
1,43.0524
1,43.019
1,43.0858
1,43.1525
1,43.2191
1,43.2525
1,20.3667
1,20.9207
1,42.9856
1,20.4776
1,43.0524
1,42.9856
1,43.0524
1,20.6993
1,21.142
1,42.9189
1,42.9189
1,42.8855
1,21.2157
1,42.9189
1,42.9189
1,42.9856
1,43.0524
1,43.019
1,22.4287
1,22.7584
1,42.8521
1,42.9189
1,42.8855
1,42.8855
1,23.4896
1,43.0524
1,42.9856
1,23.5626
1,42.8521
1,42.9189
1,24.0
1,42.9189
1,42.8855
1,42.8187
1,42.8187
1,42.8187
1,42.7853
1,42.9189
1,42.8521
1,24.8726
1,43.0524
1,42.9856
1,24.5458
1,42.9523
1,42.8855
1,42.8855
1,42.8521
1,42.8855
1,25.1627
1,25.3801
1,42.9189
1,43.0524
1,43.0524
1,42.9856
1,42.9523
1,42.9856
1,42.9523
1,42.9189
1,42.8521
1,42.8855
1,42.9189
1,42.9189
1,42.9189
1,25.8865
1,43.1191
1,43.0858
1,42.9189
1,42.9189
1,27.1836
1,42.8855
1,42.8521
1,43.0524
1,42.9856
1,43.1191
1,42.9856
1,43.0524
1,42.9523
1,42.9523
1,42.9189
1,42.9856
1,42.9189
1,28.259
1,42.9856
1,42.9856
1,43.1191
1,43.019
1,43.0524
1,43.0524
1,28.4735
1,42.9856
1,42.9856
1,42.9856
1,42.9189
1,42.9523
1,42.9856
1,42.9856
1,42.9856
1,29.1157
1,42.9856
1,42.9856
1,42.9523
1,42.9523
1,42.9523
1,28.8305
1,42.9856
1,29.0088
1,29.0088
1,42.9523
1,43.0524
1,43.019
1,42.9856
1,43.0858
1,43.1191
1,43.0858
1,43.0524
1,29.8271
1,43.0858
1,43.0524
1,29.8981
1,43.1191
1,43.1191
1,43.1525
1,43.1525
1,43.1191
1,30.3947
1,43.0858
1,42.9856
1,43.0524
1,42.9856
1,42.9856
1,43.0858
1,43.0524
1,43.1191
1,42.9856
1,43.019
1,42.9523
1,42.9856
1,43.0524
1,30.7486
1,43.019
1,43.1858
1,43.1858
1,43.1525
1,43.1191
1,43.1191
1,43.0524
1,43.0858
1,43.0524
1,43.0858
1,43.1858
1,43.2525
1,43.2525
1,43.2525
1,43.1858
1,31.8072
1,31.8776
1,43.0524
1,43.0524
1,31.3139
1,43.019
1,31.8072
1,43.1191
1,31.1727
1,43.1858
1,43.1191
1,32.0535
1,32.2644
1,43.0858
1,32.159
1,43.1858
1,43.2525
1,43.2525
1,43.2525
1,30.7486
1,43.2191
1,43.1858
1,43.1525
1,43.1191
1,43.1191
1,43.1191
1,43.1191
1,43.2525
1,43.2525
1,43.2858
1,43.2525
1,43.1858
1,43.1525
1,32.6855
1,43.1191
1,43.1525
1,32.159
1,43.1525
1,43.2525
1,32.5803
1,43.2525
1,43.2525
1,43.2858
1,43.1858
1,43.1858
1,32.5102
1,43.2525
1,32.5803
1,43.3191
1,43.2525
1,43.1858
1,43.3191
1,32.0887
1,43.3191
1,32.6505
1,43.3191
1,43.2191
1,33.5254
1,43.2525
1,43.1858
1,43.3525
1,43.4191
1,33.7
1,43.3191
1,34.188
1,33.7
1,43.3191
1,33.7
1,43.2525
1,33.1409
1,43.3191
1,43.3858
1,43.3525
1,43.4191
1,33.8047
1,43.3858
1,43.3858
1,43.3191
1,43.3191
1,43.3525
1,43.3191
1,34.1184
1,43.3858
1,33.9093
1,43.4191
1,34.536
1,33.4206
1,43.4857
1,43.3858
1,43.3858
1,43.3191
1,33.8396
1,43.4191
1,43.3858
1,43.4191
1,43.4524
1,43.4524
1,43.3858
1,33.4556
1,43.4191
1,43.3191
1,33.6302
1,33.5604
1,43.4191
1,33.8744
1,43.3858
1,33.979
1,43.4524
1,43.519
1,34.3273
1,43.4191
1,43.3858
1,43.4191
1,34.0487
1,43.4524
1,43.4524
1,43.519
1,43.5855
1,43.4857
1,43.5855
1,43.519
1,43.519
1,43.5855
1,43.519
1,43.6188
1,43.5855
1,43.519
1,43.5855
1,34.3969
1,43.5522
1,34.0487
1,43.5855
1,33.979
1,43.5855
1,43.519
1,43.5522
1,34.3969
1,43.6521
1,43.5522
1,43.6188
1,34.0487
1,43.519
1,43.519
1,43.5522
1,43.519
1,33.8396
1,43.5522
1,34.0487
1,43.5855
1,43.6188
1,43.6521
1,33.5953
1,43.5855
1,43.5522
1,43.519
1,43.519
1,33.979
1,43.519
1,33.9093
1,43.7186
1,43.6521
1,43.6853
1,43.6521
1,43.6188
1,43.5522
1,43.519
1,43.5855
1,43.519
1,43.5855
1,33.5604
1,43.6521
1,33.9442
1,33.2808
1,43.7186
1,33.1409
1,33.2808
1,33.1759
1,43.5855
1,43.5522
1,43.6188
1,43.6853
1,33.0009
1,43.7186
1,43.7851
1,43.7851
1,32.44
1,43.6521
1,43.6521
1,32.5803
1,32.6505
1,43.6521
1,43.6521
1,31.948
1,31.8072
1,43.7851
1,31.8072
1,43.7186
1,43.6853
1,43.5855
1,31.6312
1,43.5855
1,31.9128
1,43.6853
1,43.6853
1,32.7206
1,43.7518
1,32.0183
1,43.5855
1,31.8776
1,31.8072
1,43.6521
1,43.6521
1,43.6853
1,43.7851
1,43.7851
1,31.8776
1,31.9128
1,43.8515
1,43.8183
1,43.6521
1,43.6521
1,31.5254
1,43.6853
1,31.5959
1,31.948
1,43.7186
1,43.7186
1,43.7518
1,31.9832
1,43.5855
1,31.948
1,43.6521
1,31.4197
1,31.3844
1,43.6853
1,31.3139
1,43.7186
1,31.5959
1,43.7518
1,31.2786
1,43.8183
1,43.8515
1,31.208
1,43.7186
1,31.4549
1,43.6521
1,43.6188
1,31.7368
1,43.7851
1,31.3844
1,31.3844
1,31.3844
1,43.7518
1,31.5254
1,43.7186
1,43.519
1,31.7368
1,43.519
1,31.8072
1,43.5855
1,43.6521
1,31.5254
1,43.6188
1,31.2786
1,43.6521
1,31.208
1,43.6853
1,31.3491
1,43.6853
1,43.5855
1,43.7186
1,43.7851
1,31.1021
1,43.7851
1,31.208
1,43.6853
1,43.6188
1,30.8901
1,43.6521
1,30.8194
1,43.519
1,30.9254
1,43.5855
1,30.9608
1,43.5855
1,30.4655
1,43.6188
1,43.6521
1,43.6188
1,43.4524
1,30.7486
1,43.519
1,43.4857
1,43.5522
1,30.2529
1,30.5363
1,30.2175
1,43.6521
1,43.519
1,30.3947
1,43.5855
1,43.519
1,43.519
1,43.6188
1,43.6521
1,43.6521
1,30.8901
1,31.0667
1,30.0401
1,31.2786
1,43.6188
1,43.6521
1,43.6521
1,30.3238
1,43.6188
1,29.6139
1,43.5855
1,43.5855
1,43.5855
1,43.5522
1,43.5855
1,43.519
1,43.5855
1,28.9731
1,32.3698
1,43.5855
1,30.4301
1,30.182
1,43.519
1,29.685
1,43.5855
1,31.6312
1,30.2175
1,43.6521
1,31.0667
1,29.9336
1,30.0401
1,43.4524
1,43.3858
1,43.4191
1,43.4191
1,43.4857
1,43.519
1,43.5855
1,43.5522
1,43.5855
1,28.5449
1,43.5855
1,29.6139
1,43.4857
1,43.4524
1,43.3858
1,43.3858
1,43.5855
1,43.5522
1,43.6188
1,29.08
1,28.9018
1,28.652
1,43.4524
1,28.7591
1,43.519
1,43.519
1,43.5855
1,43.5855
1,28.9731
1,43.5855
1,43.4857
1,43.519
1,29.4005
1,43.3858
1,43.4191
1,43.519
1,43.519
1,43.4857
1,43.5855
1,43.5522
1,30.8194
1,29.0444
1,43.4524
1,43.4524
1,30.8547
1,43.519
1,43.519
1,30.182
1,43.3525
1,43.3858
1,43.519
1,43.519
1,43.5522
1,31.8072
1,31.1727
1,43.5522
1,43.5522
1,43.4191
1,30.0756
1,43.4524
1,43.4524
1,43.519
1,30.3947
1,29.6139
1,43.519
1,28.9731
1,43.4191
1,43.3191
1,43.3525
1,43.2525
1,43.519
1,29.1869
1,43.519
1,28.9731
1,28.8305
1,28.3305
1,28.9731
1,28.5449
1,43.5522
1,43.4524
1,28.259
1,27.7578
1,43.4524
1,43.519
1,43.5855
1,28.402
1,43.4524
1,43.4191
1,28.3305
1,43.4191
1,43.4524
1,43.5522
1,43.4857
1,28.5092
1,43.5522
1,28.259
1,28.259
1,43.5522
1,28.4735
1,43.519
1,43.3191
1,27.6144
1,28.0443
1,43.3191
1,28.0085
1,27.7578
1,27.8294
1,27.1117
1,43.519
1,27.5426
1,43.4524
1,43.4191
1,27.7578
1,43.3858
1,43.4524
1,43.4524
1,43.4191
1,26.896
1,43.4524
1,43.4857
1,43.4857
1,43.519
1,27.7578
1,27.6861
1,43.3858
1,43.3191
1,27.3991
1,43.4191
1,43.4191
1,43.4524
1,43.4524
1,43.4524
1,27.2914
1,43.4191
1,27.3632
1,43.4191
1,26.788
1,43.3191
1,43.3858
1,43.3191
1,43.3858
1,43.3858
1,26.896
1,43.4191
1,26.608
1,43.3525
1,43.3191
1,26.031
1,43.3525
1,43.2525
1,43.2525
1,43.2525
1,43.3191
1,26.68
1,43.3858
1,43.4191
1,43.4191
1,26.031
1,43.3858
1,43.3525
1,43.1858
1,43.2525
1,25.8503
1,43.3525
1,25.3077
1,25.0902
1,25.1627
1,43.4524
1,25.8142
1,43.4191
1,43.4524
1,43.4191
1,25.7781
1,43.3858
1,25.8865
1,25.8503
1,25.5249
1,43.3191
1,43.3525
1,43.4524
1,43.4524
1,43.4524
1,43.4524
1,25.5249
1,43.3858
1,43.2858
1,43.3191
1,43.3525
1,25.7419
1,43.3858
1,43.3858
1,25.5972
1,43.4524
1,43.4524
1,25.7419
1,25.9226
1,25.9587
1,43.3858
1,25.6696
1,43.4524
1,43.4524
1,43.4524
1,43.4524
1,43.4524
1,43.3858
1,43.3858
1,43.2525
1,43.2525
1,43.2525
1,24.5821
1,43.3525
1,43.3858
1,43.3858
1,43.3858
1,43.3191
1,43.2525
1,43.2191
1,43.1525
1,43.2525
1,24.8
1,43.2525
1,43.2858
1,43.3191
1,43.3191
1,43.2525
1,43.2525
1,43.2191
1,43.2525
1,43.2858
1,43.3191
1,43.3191
1,24.4367
1,43.3191
1,24.0
1,43.3191
1,24.0
1,43.1525
1,43.1858
1,23.1243
1,23.3435
1,43.1858
1,43.2191
1,43.1191
1,43.1191
1,43.1858
1,23.2705
1,43.2525
1,43.1858
1,43.1191
1,43.1191
1,43.0524
1,43.0524
1,43.0858
1,43.1191
1,22.6852
1,43.1191
1,22.6852
1,43.1191
1,43.0524
1,22.978
1,43.0524
1,43.0524
1,43.0524
1,43.0858
1,22.3187
1,43.1191
1,22.025
1,22.0985
1,43.0858
1,43.0524
1,22.025
1,22.2453
1,43.0524
1,43.0858
1,43.0858
1,21.8046
1,43.0524
1,42.9856
1,42.9856
1,21.4367
1,21.4367
1,21.5103
1,43.0524
1,43.0524
1,43.0524
1,42.9856
1,21.5103
1,42.9856
1,21.5103
1,42.9856
1,43.019
1,43.019
1,43.019
1,43.019
1,43.019
1,43.0524
1,42.9856
1,42.9856
1,42.9856
1,42.9523
1,42.9189
1,42.8521
1,42.8521
1,42.9856
1,42.9856
1,42.9856
1,42.9856
1,42.9189
1,20.2557
1,42.9189
1,19.8114
1,42.9189
1,42.9523
1,42.9856
1,42.9856
1,19.7373
1,42.9523
1,42.8521
1,42.8855
1,19.1434
1,42.9523
1,19.0319
1,42.9856
1,43.019
1,42.9856
1,42.9856
1,18.399
1,18.6226
1,42.8855
1,42.8521
1,18.697
1,42.8855
1,42.8855
1,18.3245
1,42.9189
1,42.9189
1,42.8855
1,42.8521
1,42.8521
1,42.8521
1,17.6524
1,42.8855
1,42.9189
1,42.8855
1,17.6524
1,42.8855
1,42.8855
1,42.8521
1,42.8521
1,42.8521
1,42.8855
1,42.9189
1,42.9189
1,42.8855
1,42.8855
1,42.7853
1,42.7853
1,42.8187
1,16.7535
1,16.8286
1,42.7853
1,42.7853
1,16.8661
1,42.7853
1,42.7853
1,42.7853
1,16.6034
1,42.7853
1,42.7853
1,42.7853
1,42.8187
1,42.8521
1,42.8187
1,15.9267
1,15.3992
1,42.7853
1,42.8187
1,42.8521
1,15.1727
1,42.7853
1,42.8187
1,42.7853
1,42.7519
1,42.7853
1,42.685
1,42.6516
1,42.7185
1,42.7185
1,14.7192
1,42.7185
1,14.4543
1,42.7519
1,42.7185
1,42.6516
1,42.685
1,42.7185
1,42.7185
1,42.7185
1,42.7185
1,42.7185
1,13.658
1,42.685
1,42.6516
1,42.7185
1,42.7185
1,42.7185
1,12.9735
1,42.6516
1,12.5924
1,42.6516
1,12.5924
1,42.6182
1,42.5847
1,42.5847
1,42.5513
1,42.5513
1,42.5178
1,42.5178
1,11.752
1,11.1391
1,42.9189
1,42.9856
1,11.2158
1,10.0246
1,9.87054
1,42.9523
1,42.8521
1,42.8855
1,42.9189
1,9.5235
1,42.9189
1,9.832
1,42.7853
1,42.685
1,42.5847
1,42.5513
1,42.4509
1,9.13737
1,9.06008
1,42.317
1,42.183
1,42.0489
1,42.0489
1,8.59585
1,41.9818
1,41.8476
1,8.13082
1,41.814
1,8.44093
1,41.7133
1,41.6797
1,41.478
1,41.4444
1,41.3771
1,41.2761
1,41.1751
1,41.1414
1,7.58726
1,41.1078
1,40.973
1,7.35397
1,40.9392
1,7.19833
1,40.7031
1,40.6355
1,40.5004
1,40.3652
1,40.3652
1,6.88679
1,40.1961
1,6.88679
1,6.1845
1,40.2299
1,6.65289
1,40.2299
1,40.1622
1,40.0268
1,40.0607
1,5.40205
1,39.9591
1,6.4188
1,40.0268
1,5.7153
1,39.8235
1,5.55872
1,39.6878
1,39.7557
1,4.06675
1,39.62
1,4.14548
1,39.5521
1,39.5521
1,39.4502
1,4.46016
1,39.2803
1,39.2803
1,39.1783
1,4.14548
1,39.3143
1,39.1783
1,39.0082
1,4.06675
1,38.9401
1,38.9401
1,38.9401
1,38.8039
1,3.67278
1,38.9401
1,38.6675
1,38.7357
1,2.72497
1,38.4629
1,38.5993
1,38.4629
1,2.40832
1,38.4287
1,2.24986
1,38.3946
1,38.1897
1,38.3605
1,38.3605
1,38.3263
1,38.2922
1,38.2239
1,1.45621
1,38.0529
1,37.9845
1,38.0871
1,37.9845
1,1.13812
1,1.29721
1,1.13812
1,0.580611
1,38.0871
1,0.341341
1,0.42112
1,-0.297699
1,0.580611
1,0.42112
1,-0.137805
1,-0.137805
1,37.6422
1,0.101869
1,37.5737
1,37.3679
1,37.4365
1,37.5051
1,37.3336
1,37.2307
1,37.2993
1,37.2993
1,-2.30394
1,-1.3392
1,37.0246
1,-0.457683
1,37.162
1,37.3679
1,37.0933
1,37.2307
1,37.0246
1,37.0246
1,-2.62624
1,36.8871
1,36.7495
1,36.8183
1,36.7151
1,36.7151
1,-3.43355
1,36.4741
1,36.2673
1,36.4741
1,-3.59528
1,36.4052
1,36.5085
1,36.4396
1,36.4741
1,36.4741
1,36.4052
1,36.0603
1,36.1983
1,36.1293
1,-3.83804
1,35.9912
1,36.0603
1,36.0603
1,35.9221
1,-3.83804
1,35.9221
1,35.6802
1,-3.83804
1,35.4034
1,35.3687
1,-3.83804
1,35.3687
1,-3.83804
1,-3.83804
1,35.2302
1,35.1609
1,35.1609
1,35.0915
1,35.0915
1,35.0222
1,-3.83804
1,34.9181
1,34.9528
1,34.9528
1,34.8139
1,-3.83804
1,34.9528
1,34.8834
1,34.8834
1,34.8139
1,34.7097
1,-3.83804
1,34.675
1,34.6403
1,34.6055
1,34.6403
1,34.536
1,-3.83804
1,-3.83804
1,34.536
1,34.536
1,-3.83804
1,-3.83804
1,34.3969
1,34.3969
1,34.3969
1,34.3273
1,34.3273
1,34.2577
1,34.2229
1,34.1184
1,34.1184
1,34.1184
1,-3.91901
1,34.0487
1,-3.91901
1,34.0487
1,34.0139
1,-3.91901
1,33.979
1,-3.91901
1,33.979
1,34.0139
1,33.979
1,34.0139
1,33.9442
1,33.8396
1,33.6302
1,33.7349
1,33.7
1,33.6302
1,33.6302
1,-3.91901
1,-3.91901
1,33.4905
1,-3.91901
1,-3.91901
1,-3.91901
1,33.3158
1,33.3507
1,33.3507
1,33.2808
1,33.2458
1,33.2108
1,33.1759
1,33.1409
1,33.1409
1,-3.91901
1,33.1059
1,33.1059
1,33.1409
1,-3.91901
1,33.1059
1,-3.91901
1,33.0009
1,32.9308
1,32.9308
1,32.8608
1,-3.91901
1,-3.91901
1,-3.91901
1,32.7206
1,32.7206
1,-3.91901
1,32.6505
1,32.6154
1,32.5803
1,32.5452
1,-3.91901
1,32.5102
1,-3.91901
1,-3.91901
1,-3.91901
1,32.44
1,32.44
1,-3.91901
1,32.4049
1,-3.91901
1,-3.91901
1,-3.91901
1,-3.91901
1,-3.91901
1,-3.91901
1,-3.91901
1,-3.91901
1,-3.91901
1,-3.91901
1,32.2995
1,32.2644
1,-3.91901
1,-3.91901
1,32.0183
1,-3.91901
1,-3.91901
1,32.0183
1,-3.91901
1,-3.91901
1,-3.91901
1,31.8072
1,-3.91901
1,-3.91901
1,31.7368
1,31.7368
1,-3.91901
1,31.7016
1,-3.91901
1,31.6664
1,-3.91901
1,31.7368
1,-3.91901
1,31.6664
1,-3.91901
1,31.6312
1,31.5959
1,-3.91901
1,-3.91901
1,31.4902
1,31.5254
1,-3.91901
1,31.5959
1,-3.91901
1,-3.91901
1,-3.91901
1,-3.91901
1,31.4902
1,-3.91901
1,31.3491
1,31.4549
1,31.5254
1,31.5607
1,31.5254
1,31.5254
1,31.5254
1,31.5254
1,31.4549
1,31.4902
1,31.4549
1,-3.91901
1,31.4549
1,-3.91901
1,31.5254
1,31.5254
1,31.5254
1,31.5254
1,31.4549
1,31.4549
1,31.3844
1,-3.91901
1,-3.91901
1,-3.91901
1,-3.91901
1,-3.91901
1,31.208
1,31.1727
1,31.2433
1,31.2433
1,31.2433
1,31.2786
1,31.2433
1,31.3139
1,31.3491
1,-3.91901
1,31.2433
1,-3.91901
1,31.2433
1,31.2433
1,31.2433
1,31.2433
1,31.2433
1,-3.91901
1,31.1021
1,31.1727
1,31.1727
1,31.1727
1,-3.91901
1,31.208
1,31.2433
1,31.1727
1,31.2433
1,-3.91901
1,31.2433
1,31.1727
1,-3.91901
1,-3.91901
1,31.1727
1,31.1727
1,31.1374
1,31.1727
1,31.1727
1,31.1021
1,-3.91901
1,-3.91901
1,-3.91901
1,30.9608
1,30.9961
1,31.0314
1,31.0314
1,-3.91901
1,31.1021
1,31.1021
1,31.1727
1,31.1727
1,31.1727
1,31.1727
1,31.1021
1,-3.91901
1,31.1374
1,31.0314
1,-3.91901
1,31.0314
1,30.9608
1,30.9608
1,30.8901
1,30.8901
1,30.8901
1,30.8194
1,30.8194
1,-3.91901
1,30.8194
1,30.9608
1,-3.91901
1,30.8901
1,30.8901
1,30.9608
1,30.9254
1,-3.91901
1,-3.91901
1,31.0314
1,30.9608
1,30.9608
1,-3.91901
1,31.0314
1,-3.91901
1,30.9961
1,30.8901
1,-3.91901
1,30.8901
1,30.8194
1,30.8194
1,-3.91901
1,30.8194
1,30.8194
1,-3.91901
1,30.8194
1,-3.91901
1,30.9608
1,30.9608
1,30.9608
1,30.9608
1,-3.91901
1,-3.91901
1,-3.91901
1,30.7486
1,30.7486
1,30.6779
1,30.6425
1,30.8194
1,30.8194
1,-3.91901
1,31.0314
1,-3.91901
1,31.1374
1,31.2786
1,31.3139
1,31.2786
1,31.2433
1,31.1727
1,31.1374
1,31.1374
1,31.0667
1,31.1021
1,31.1021
1,-3.91901
1,31.1021
1,31.0667
1,31.0314
1,-3.91901
1,31.1374
1,-3.91901
1,-3.91901
1,-3.91901
1,-3.91901
1,31.1727
1,31.1374
1,31.1727
1,31.1727
1,31.1374
1,31.1727
1,31.208
1,-3.91901
1,-3.91901
1,31.1727
1,31.208
1,31.1727
1,-3.91901
1,-3.91901
1,31.3139
1,-3.91901
1,31.5254
1,31.4902
1,-3.91901
1,31.5254
1,31.5607
1,31.5959
1,-3.91901
1,-3.91901
1,31.5607
1,-3.91901
1,31.5254
1,-3.91901
1,31.5254
1,-3.91901
1,31.4549
1,-3.91901
1,31.6312
1,31.6664
1,31.8072
1,31.8776
1,31.9128
1,31.948
1,32.0183
1,32.0887
1,-3.91901
1,32.0887
1,32.0887
1,32.0887
1,32.0887
1,32.159
1,32.2293
1,32.3346
1,-3.91901
1,32.3698
1,32.3698
1,32.2995
1,32.3698
1,32.1941
1,-3.91901
1,32.159
1,32.2995
1,32.2995
1,32.2995
1,32.4049
1,32.2995
1,-3.91901
1,32.2293
1,-3.91901
1,32.2995
1,32.44
1,-3.91901
1,32.2995
1,32.5803
1,-3.91901
1,-3.91901
1,32.8608
1,33.0009
1,-3.91901
1,33.1409
1,-3.91901
1,-3.91901
1,32.9308
1,-3.91901
1,32.8608
1,32.8608
1,32.9308
1,32.9308
1,-3.91901
1,33.0009
1,33.0709
1,-3.91901
1,33.0009
1,-3.91901
1,32.9308
1,-3.91901
1,32.9308
1,-3.91901
1,32.9308
1,32.7907
1,32.9308
1,-3.91901
1,-3.91901
1,32.9308
1,32.8608
1,-3.91901
1,32.8257
1,-3.91901
1,-3.91901
1,32.7907
1,32.7907
1,32.7557
1,32.5803
1,32.6505
1,-3.91901
1,32.7206
1,-3.91901
1,32.7206
1,32.7907
1,-3.91901
1,32.7907
1,32.7206
1,-3.91901
1,32.7206
1,-3.91901
1,32.6855
1,-3.91901
1,-3.91901
1,-3.91901
1,33.0709
1,-3.91901
1,33.0359
1,-3.91901
1,33.4206
1,-3.91901
1,33.7
1,33.8396
1,-3.91901
1,33.9093
1,-3.91901
1,34.0487
1,34.1184
1,-3.91901
1,-3.91901
1,33.9093
1,33.8396
1,-3.91901
1,-3.91901
1,33.8396
1,-3.91901
1,33.979
1,34.0836
1,34.188
1,33.9093
1,-3.91901
1,33.5604
1,33.7698
1,33.7698
1,33.8047
1,-3.91901
1,-3.91901
1,33.9442
1,-3.91901
1,-3.91901
1,-3.91901
1,33.9093
1,34.0487
1,-3.91901
1,-3.91901
1,33.8744
1,-3.91901
1,33.9093
1,33.9093
1,34.0487
1,34.0487
1,33.979
1,34.0836
1,33.9442
1,34.1184
1,34.0836
1,34.188
1,34.2229
1,34.2577
1,-3.91901
1,34.3969
1,34.2577
1,34.188
1,34.2577
1,34.2577
1,34.2229
1,34.2577
1,34.2577
1,34.2577
1,-3.91901
1,34.3273
1,34.2577
1,34.3273
1,-3.91901
1,34.2229
1,-3.91901
1,-3.91901
1,34.2925
1,34.2925
1,-3.91901
1,-3.91901
1,34.2577
1,34.2229
1,34.2577
1,-3.91901
1,34.188
1,-3.91901
1,-3.91901
1,-3.91901
1,34.2229
1,34.2577
1,-3.91901
1,34.2577
1,34.2925
1,34.3621
1,34.3969
1,-3.91901
1,34.4664
1,-3.91901
1,34.4664
1,-3.91901
1,-3.91901
1,34.3969
1,-3.91901
1,34.3273
1,34.3273
1,34.3621
1,34.3273
1,34.5012
1,-3.91901
1,34.536
1,34.675
1,34.5708
1,34.7097
1,34.536
1,-3.91901
1,34.675
1,-3.91901
1,34.6403
1,34.675
1,-3.91901
1,-3.91901
1,34.7445
1,-3.91901
1,34.8139
1,-3.91901
1,-3.91901
1,34.8834
1,34.8834
1,34.9528
1,34.9528
1,34.7445
1,34.8139
1,34.8139
1,34.8139
1,34.8834
1,-3.91901
1,-3.91901
1,34.7792
1,34.675
1,-3.91901
1,34.8834
1,34.7792
1,34.9528
1,-3.91901
1,34.7445
1,34.7792
1,34.8139
1,34.7792
1,34.9528
1,34.8139
1,-3.91901
1,34.8139
1,34.8834
1,34.8834
1,-3.91901
1,34.9528
1,34.8139
1,34.8834
1,-3.91901
1,34.8834
1,34.8834
1,34.8834
1,34.9528
1,-3.91901
1,-3.91901
1,35.0222
1,34.9181
1,-3.91901
1,-3.91901
1,34.8834
1,-3.91901
1,35.0222
1,-3.91901
1,-3.91901
1,-3.91901
1,34.9528
1,34.9528
1,35.0222
1,34.9528
1,35.0568
1,35.0568
1,35.0915
1,-3.91901
1,35.0915
1,-3.91901
1,35.0915
1,-3.91901
1,35.1609
1,35.1955
1,-3.91901
1,35.2648
1,35.2995
1,35.2302
1,35.3341
1,-3.91901
1,35.3687
1,35.2995
1,-3.91901
1,-3.91901
1,35.3687
1,-3.91901
1,35.2995
1,35.438
1,-3.91901
1,35.438
1,35.438
1,35.438
1,35.5072
1,35.438
1,35.5072
1,35.5418
1,-3.91901
1,35.5764
1,35.5764
1,35.5764
1,35.6456
1,35.6456
1,35.6456
1,35.6802
1,35.6802
1,35.7148
1,-3.91901
1,35.7839
1,-3.91901
1,35.7839
1,-3.91901
1,-3.91901
1,35.7839
1,-3.91901
1,35.7839
1,35.8185
1,-3.91901
1,35.8185
1,35.853
1,-3.91901
1,35.853
1,35.7839
1,35.9221
1,35.853
1,35.853
1,-3.91901
1,35.9221
1,35.853
1,-3.91901
1,-3.91901
1,-3.91901
1,-3.91901
1,35.9912
1,-3.91901
1,36.0603
1,-3.91901
1,-3.91901
1,36.0603
1,36.1983
1,-3.91901
1,36.2328
1,-3.91901
1,36.4052
1,36.4052
1,-3.91901
1,-3.91901
1,-3.91901
1,36.3362
1,-3.91901
1,36.4052
1,36.4741
1,-3.91901
1,36.543
1,36.6118
1,36.4741
1,-3.91901
1,-3.91901
1,-3.91901
1,36.7495
1,36.7495
1,36.7495
1,36.8183
1,36.8871
1,36.8871
1,36.8527
1,36.8871
1,-3.91901
1,36.8871
1,36.9559
1,36.8871
1,36.9559
1,-3.91901
1,-3.91901
1,36.9559
1,-3.91901
1,36.9902
1,37.0246
1,36.9559
1,-3.91901
1,-3.91901
1,-3.91901
1,37.0933
1,37.0246
1,-3.91901
1,37.2307
1,37.3679
1,37.2993
1,37.3336
1,37.3336
1,37.2993
1,-3.91901
1,37.4022
1,37.4365
1,37.4365
1,37.4365
1,37.3679
1,37.5051
1,-3.91901
1,37.5737
1,-3.91901
1,-3.91901
1,-3.91901
1,-3.91901
1,37.6422
1,37.6765
1,37.6765
1,-3.91901
1,37.745
1,-3.91901
1,37.8477
1,-3.91901
1,-3.91901
1,-3.91901
1,-3.91901
1,37.8819
1,37.9845
1,38.0187
1,38.0529
1,38.0529
1,-3.91901
1,-3.91901
1,38.1213
1,-3.91901
1,-3.91901
1,38.1213
1,-3.91901
1,-3.91901
1,-3.91901
1,-3.91901
1,38.1897
1,38.258
1,38.258
1,-3.91901
1,38.1897
1,38.3605
1,-3.91901
1,38.3263
1,38.3263
1,38.3946
1,38.3946
1,-3.91901
1,-3.91901
1,38.4629
1,38.497
1,-3.91901
1,38.6675
1,38.6334
1,38.5993
1,38.6334
1,-3.91901
1,-3.91901
1,38.6675
1,38.6675
1,38.7357
1,38.7357
1,38.8039
1,38.8379
1,38.9061
1,-3.91901
1,38.9061
1,38.9401
1,38.9401
1,39.0763
1,39.0763
1,39.0422
1,39.0082
1,39.1103
1,39.0763
1,39.0763
1,-3.91901
1,39.1443
1,39.1443
1,-3.91901
1,39.1443
1,39.1443
1,-3.91901
1,39.1783
1,39.2123
1,39.2123
1,39.2803
1,39.3143
1,39.2803
1,-3.91901
1,39.2803
1,39.2803
1,-3.91901
1,39.2803
1,39.2803
1,39.3483
1,39.3483
1,39.3823
1,39.3483
1,39.3483
1,39.3483
1,39.3483
1,-3.91901
1,-3.91901
1,39.3483
1,39.3483
1,39.3483
1,-3.91901
1,-3.91901
1,39.4842
1,39.4842
1,-3.91901
1,39.5521
1,39.5521
1,39.5521
1,39.5521
1,39.5521
1,39.5521
1,-3.91901
1,39.5521
1,-3.91901
1,39.5521
1,-3.91901
1,39.62
1,39.6539
1,39.62
1,39.62
1,39.6539
1,39.62
1,-3.91901
1,39.6539
1,-3.91901
1,39.6539
1,39.6878
1,39.6878
1,39.6539
1,39.62
1,39.5521
1,39.62
1,39.6878
1,39.7557
1,-3.91901
1,39.8235
1,-3.91901
1,-3.91901
1,39.8235
1,39.8235
1,39.8235
1,39.8235
1,39.8235
1,39.8235
1,-3.91901
1,-3.91901
1,39.8913
1,39.8913
1,39.8913
1,39.8913
1,39.8913
1,39.9591
1,-3.91901
1,39.9252
1,39.9591
1,39.9252
1,-3.91901
1,39.9252
1,39.8913
1,-3.91901
1,39.8913
1,39.8913
1,-3.91901
1,39.8913
1,39.8913
1,39.9252
1,39.9252
1,-3.91901
1,39.9591
1,-3.91901
1,-3.91901
1,-3.91901
1,40.0268
1,40.0268
1,-3.91901
1,-3.91901
1,40.0268
1,40.0268
1,39.9929
1,39.9929
1,40.0268
1,40.0268
1,40.0268
1,-3.91901
1,40.0268
1,40.0268
1,-3.91901
1,-3.91901
1,40.0945
1,40.0945
1,40.0945
1,-3.91901
1,-3.91901
1,40.0268
1,40.0945
1,40.0945
1,40.1622
1,40.2299
1,-3.91901
1,40.2299
1,40.1961
1,40.1961
1,-3.91901
1,-3.91901
1,40.1961
1,40.1622
1,40.1622
1,40.1622
1,-3.91901
1,40.1622
1,40.1622
1,40.1622
1,40.1961
1,-3.91901
1,40.1622
1,40.2299
1,40.1961
1,40.0945
1,-3.91901
1,40.0945
1,-3.91901
1,40.0945
1,40.1622
1,-3.91901
1,-3.91901
1,40.2976
1,-3.91901
1,-3.91901
1,40.2976
1,40.2976
1,40.3652
1,40.3652
1,40.3652
1,40.2976
1,40.3314
1,40.3314
1,-3.91901
1,40.2976
1,-3.91901
1,40.2976
1,-3.91901
1,-3.91901
1,40.1622
1,39.9591
1,-3.91901
1,-3.91901
1,40.1622
1,-3.91901
1,-3.91901
1,-3.91901
1,-3.91901
1,40.2976
1,40.1622
1,40.0268
1,40.1284
1,40.0268
1,40.2299
1,40.1961
1,40.2976
1,-3.91901
1,40.2976
1,40.3314
1,-3.91901
1,-3.91901
1,40.3314
1,40.3652
1,-3.91901
1,40.3652
1,40.3652
1,40.3652
1,-3.91901
1,40.3652
1,40.2976
1,-3.91901
1,40.0268
1,40.0268
1,-3.91901
1,40.2299
1,40.3652
1,40.4666
1,40.4328
1,40.4666
1,-3.91901
1,40.4666
1,40.3314
1,40.3652
1,40.1961
1,40.2976
1,40.0945
1,40.0945
1,40.399
1,40.5004
1,-3.91901
1,40.5004
1,40.5004
1,40.5004
1,40.5004
1,-3.91901
1,-3.91901
1,-3.91901
1,-3.91901
1,40.3314
1,-3.91901
1,40.5004
1,40.5342
1,40.5342
1,-3.91901
1,40.5342
1,40.3652
1,40.399
1,40.4328
1,40.0945
1,40.0945
1,-3.91901
1,40.1284
1,40.568
1,40.6355
1,40.6355
1,-3.91901
1,-3.91901
1,40.5342
1,40.2976
1,40.3652
1,40.5342
1,40.4328
1,-3.91901
1,40.0945
1,40.2299
1,40.4328
1,40.3652
1,40.6355
1,40.4328
1,-3.91901
1,40.6355
1,40.2638
1,40.0945
1,-3.91901
1,-3.91901
1,40.4666
1,40.4328
1,-3.91901
1,40.3652
1,40.2299
1,40.1622
1,40.2299
1,40.2299
1,40.2638
1,40.399
1,-3.91901
1,40.4328
1,-3.91901
1,40.6018
1,40.5004
1,40.5342
1,40.3652
1,40.3652
1,40.2299
1,-3.91901
1,40.1622
1,-3.91901
1,40.3314
1,40.2638
1,40.4328
1,-3.91901
1,40.5004
1,-3.91901
1,40.6355
1,40.5342
1,40.5004
1,40.3652
1,-3.91901
1,-3.91901
1,40.6355
1,-3.91901
1,-3.91901
1,40.3652
1,40.5004
1,-3.91901
1,-3.91901
1,40.6693
1,-3.91901
1,40.5342
1,-3.91901
1,-3.91901
1,40.399
1,-3.91901
1,40.2976
1,-3.91901
1,40.2299
1,-3.91901
1,-3.91901
1,40.399
1,40.5004
1,40.5004
1,40.4328
1,40.4328
1,40.1961
1,40.1622
1,40.1284
1,40.3314
1,-3.91901
1,40.5004
1,-3.91901
1,40.6355
1,40.7706
1,40.7031
1,40.7031
1,40.4328
1,40.5004
1,40.3652
1,40.4328
1,40.4328
1,-3.91901
1,40.3652
1,-3.91901
1,40.5004
1,-3.91901
1,-3.91901
1,-3.91901
1,-3.91901
1,-3.91901
1,-3.91901
1,40.4328
1,40.2976
1,40.3314
1,-3.91901
1,40.3652
1,40.3652
1,40.4666
1,40.4328
1,-3.91901
1,-3.91901
1,40.3652
1,40.568
1,40.5004
1,40.5004
1,40.6355
1,-3.91901
1,40.7031
1,-3.91901
1,40.7031
1,40.8043
1,40.6355
1,-3.91901
1,40.6355
1,40.3652
1,40.568
1,-3.91901
1,40.399
1,40.5342
1,40.568
1,40.6355
1,40.4666
1,40.568
1,40.5004
1,-3.91901
1,40.568
1,-3.91901
1,40.7031
1,40.5004
1,-3.91901
1,40.5004
1,40.4328
1,40.568
1,-3.91901
1,-3.91901
1,40.7031
1,40.7031
1,40.6355
1,-3.91901
1,-3.91901
1,-3.91901
1,-3.91901
1,40.3652
1,40.399
1,-3.91901
1,40.4328
1,40.5004
1,40.568
1,40.5342
1,40.568
1,-3.91901
1,40.5004
1,40.568
1,40.568
1,-3.91901
1,40.6355
1,-3.91901
1,40.6355
1,-3.91901
1,40.6355
1,-3.91901
1,40.7706
1,40.6693
1,40.6355
1,-3.91901
1,-3.91901
1,-3.91901
1,40.568
1,-3.91901
1,40.568
1,-3.91901
1,-3.91901
1,40.6018
1,-3.91901
1,40.568
1,-3.91901
1,40.4328
1,-3.91901
1,-3.91901
1,40.5004
1,-3.91901
1,-3.91901
1,-3.91901
1,40.568
1,-3.91901
1,40.6693
1,-3.91901
1,40.7368
1,40.7031
1,40.7368
1,40.8381
1,-3.91901
1,40.8381
1,40.8381
1,40.8043
1,40.6693
1,40.7031
1,40.7031
1,-3.91901
1,40.6693
1,40.7031
1,-3.91901
1,40.6355
1,40.6355
1,40.568
1,40.6355
1,40.6355
1,40.6355
1,40.7031
1,40.7031
1,-3.91901
1,40.8043
1,-3.91901
1,40.8718
1,40.8718
1,40.7706
1,40.7031
1,40.8381
1,-3.91901
1,40.9055
1,40.8381
1,-3.91901
1,-3.91901
1,40.7706
1,40.6693
1,40.7031
1,40.7706
1,40.7031
1,40.6693
1,40.7706
1,-3.91901
1,40.7368
1,40.7031
1,40.8381
1,40.8381
1,40.9055
1,40.7706
1,40.7706
1,40.7706
1,40.8718
1,-3.91901
1,-3.91901
1,-3.91901
1,40.9392
1,-3.91901
1,40.9392
1,40.9392
1,40.973
1,40.8718
1,40.8043
1,-3.91901
1,40.9055
1,40.9392
1,40.9392
1,-3.91901
1,40.9055
1,40.973
1,40.9392
1,-3.91901
1,40.7706
1,-3.91901
1,40.7706
1,40.7706
1,40.8043
1,-3.91901
1,40.9055
1,-3.91901
1,40.9055
1,-3.91901
1,40.973
1,40.973
1,41.0404
1,-3.91901
1,40.8381
1,40.8381
1,40.8381
1,40.9055
1,40.973
1,40.973
1,40.973
1,-3.91901
1,-3.91901
1,40.973
1,40.973
1,-3.91901
1,40.973
1,-3.91901
1,40.8718
1,40.9055
1,40.973
1,-3.91901
1,41.0404
1,-3.91901
1,-3.91901
1,41.0404
1,-3.91901
1,40.9392
1,40.9055
1,-3.91901
1,40.9055
1,-3.91901
1,41.0404
1,41.0404
1,40.973
1,40.973
1,41.0404
1,40.9392
1,40.973
1,-3.91901
1,40.973
1,41.0067
1,41.0404
1,41.0404
1,41.0741
1,40.973
1,41.1078
1,41.1078
1,-3.91901
1,40.9055
1,-3.91901
1,-3.91901
1,41.0404
1,40.973
1,41.0067
1,-3.91901
1,41.1078
1,-3.91901
1,41.1078
1,41.1414
1,41.1414
1,-3.91901
1,41.1078
1,41.0067
1,-3.91901
1,41.1078
1,41.1078
1,41.1078
1,41.1078
1,41.1414
1,41.1414
1,41.1751
1,41.1078
1,41.1078
1,41.1078
1,41.1078
1,41.1414
1,41.1751
1,41.1751
1,41.1751
1,-3.91901
1,-3.91901
1,41.2088
1,41.1751
1,41.1078
1,41.1078
1,41.0404
1,-3.91901
1,41.1751
1,41.1078
1,41.2425
1,41.2425
1,41.2425
1,-3.91901
1,41.2425
1,41.1751
1,41.0404
1,41.1078
1,41.1078
1,-3.91901
1,-3.91901
1,41.1751
1,41.1414
1,41.2425
1,41.1751
1,41.1751
1,41.2088
1,-3.91901
1,41.2425
1,41.1078
1,41.1078
1,-3.91901
1,41.1078
1,41.1414
1,-3.91901
1,41.2761
1,-3.91901
1,41.2761
1,41.2425
1,-3.91901
1,41.3098
1,41.3098
1,41.3098
1,41.2761
1,41.1751
1,41.2425
1,41.3098
1,-3.91901
1,41.3098
1,41.3098
1,41.3435
1,41.3098
1,41.2425
1,41.2425
1,41.2088
1,-3.91901
1,41.1751
1,41.2761
1,41.2425
1,41.3098
1,-3.91901
1,41.2425
1,41.3098
1,41.3771
1,41.3771
1,41.2088
1,-3.91901
1,41.1751
1,41.2425
1,-3.91901
1,41.3098
1,-3.91901
1,-3.91901
1,41.4444
1,41.4444
1,41.4108
1,41.5116
1,41.5116
1,41.5453
1,41.478
1,41.5789
1,41.478
1,41.4444
1,41.5116
1,41.5116
1,41.4444
1,41.4444
1,41.4444
1,-3.91901
1,41.4444
1,-3.91901
1,41.4108
1,-3.91901
1,41.4108
1,-3.91901
1,41.3435
1,-3.91901
1,41.4444
1,-3.91901
1,-3.91901
1,41.4108
1,-3.91901
1,-3.91901
1,41.6461
1,41.6461
1,-3.91901
1,41.5789
1,41.6797
1,41.5116
1,41.5789
1,41.6461
1,41.5789
1,-3.91901
1,41.7133
1,41.814
1,41.7805
1,41.6797
1,41.7133
1,41.9818
1,42.183
1,-3.91901
1,42.116
1,42.0824
1,-3.91901
1,42.183
1,42.2165
1,42.116
1,42.183
1,-3.91901
1,41.9147
1,-3.91901
1,42.0489
1,-3.91901
1,41.9818
1,41.9818
1,41.9818
1,42.0154
1,-3.91901
1,41.7805
1,-3.91901
1,-3.91901
1,41.6797
1,41.7133
1,41.9147
1,42.0824
1,42.116
1,-3.91901
1,42.183
1,42.116
1,42.183
1,42.0824
1,-3.91901
1,42.1495
1,41.9483
1,-3.91901
1,41.9483
1,-3.91901
1,42.183
1,42.183
1,42.183
1,41.9818
1,42.183
1,42.1495
1,42.0154
1,42.0154
1,42.0489
1,-3.91901
1,-3.91901
1,42.116
1,-3.91901
1,42.1495
1,42.116
1,41.9818
1,-3.91901
1,42.0489
1,42.116
1,42.0489
1,-3.91901
1,42.0489
1,-3.91901
1,42.25
1,-3.91901
1,42.1495
1,-3.91901
1,-3.91901
1,42.25
1,-3.91901
1,42.1495
1,41.9147
1,-3.91901
1,42.2835
1,-3.91901
1,42.0824
1,-3.91901
1,-3.91901
1,-3.91901
1,-3.91901
1,41.8812
1,42.116
1,42.0489
1,-3.91901
1,42.183
1,42.2165
1,42.2165
1,42.116
1,41.9147
1,42.183
1,42.0489
1,-3.91901
1,-3.91901
1,41.9818
1,-3.91901
1,41.9818
1,-3.91901
1,42.183
1,-3.91901
1,41.9147
1,42.116
1,-3.91901
1,42.25
1,-3.91901
1,42.1495
1,-3.91901
1,42.116
1,-3.91901
1,42.116
1,-3.91901
1,42.0154
1,-3.91901
1,-3.91901
1,42.0489
1,42.2165
1,-3.91901
1,42.116
1,42.1495
1,42.1495
1,42.116
1,-3.91901
1,42.1495
1,42.317
1,42.2165
1,42.317
1,-3.91901
1,42.183
1,-3.91901
1,-3.91901
1,42.384
1,-3.91901
1,42.183
1,42.0489
1,-3.91901
1,-3.91901
1,42.0489
1,-3.91901
1,42.0489
1,-3.91901
1,42.0489
1,-3.91901
1,42.116
1,-3.91901
1,42.1495
1,-3.91901
1,-3.91901
1,42.116
1,-3.91901
1,42.116
1,-3.91901
1,-3.91901
1,42.116
1,42.0154
1,-3.91901
1,-3.91901
1,42.1495
1,42.116
1,42.183
1,42.25
1,42.0824
1,42.0824
1,42.0489
1,42.116
1,42.116
1,41.9147
1,-3.91901
1,42.0824
1,42.25
1,42.1495
1,42.183
1,42.0824
1,-3.91901
1,42.0154
1,42.116
1,42.0154
1,42.0154
1,42.2165
1,42.25
1,42.25
1,-3.91901
1,42.116
1,42.116
1,42.1495
1,42.116
1,42.1495
1,41.9818
1,41.9818
1,42.0489
1,42.0824
1,42.0824
1,42.116
1,42.116
1,42.183
1,42.0489
1,-3.91901
1,41.9818
1,42.116
1,42.25
1,42.0154
1,42.25
1,42.116
1,42.183
1,42.25
1,-3.91901
1,42.183
1,42.183
1,42.2835
1,42.183
1,-3.91901
1,42.2165
1,-3.91901
1,42.116
1,-3.91901
1,42.183
1,42.116
1,42.25
1,42.0824
1,42.25
1,42.116
1,-3.91901
1,42.317
1,42.25
1,-3.91901
1,-3.91901
1,42.25
1,-3.91901
1,-3.91901
1,42.2835
1,42.25
1,-3.91901
1,-3.91901
1,42.3505
1,42.183
1,42.116
1,41.9483
1,-3.91901
1,42.2835
1,42.2165
1,42.2165
1,-3.91901
1,-3.91901
1,42.183
1,-3.91901
1,42.2165
1,-3.91901
1,42.183
1,-3.91901
1,42.25
1,-3.91901
1,42.25
1,-3.91901
1,42.25
1,-3.91901
1,-3.91901
1,42.116
1,-3.91901
1,42.116
1,-3.91901
1,-3.91901
1,-3.91901
1,-3.91901
1,-3.91901
1,-3.91901
1,42.384
1,42.317
1,42.25
1,-3.91901
1,42.183
1,-3.91901
1,42.4174
1,-3.91901
1,42.317
1,42.183
1,-3.91901
1,42.4844
1,-3.91901
1,-3.91901
1,-3.91901
1,-3.91901
1,42.25
1,-3.91901
1,42.384
1,42.317
1,42.384
1,42.384
1,42.5513
1,-3.91901
1,-3.91901
1,42.4509
1,42.384
1,42.384
1,-3.91901
1,42.2835
1,-3.91901
1,-3.91901
1,42.5847
1,42.4844
1,-3.91901
1,42.4509
1,42.384
1,42.4509
1,42.4509
1,42.5847
1,42.4174
1,42.4509
1,-3.91901
1,-3.91901
1,-3.91901
1,-3.91901
1,42.5513
1,42.5847
1,-3.91901
1,42.5178
1,42.5513
1,-3.91901
1,42.5847
1,-3.91901
1,42.5847
1,42.5847
1,42.5847
1,-3.91901
1,42.685
1,42.7185
1,-3.91901
1,42.7185
1,42.5847
1,42.6516
1,-3.91901
1,-3.91901
1,-3.91901
1,42.6182
1,42.6182
1,42.5847
1,42.6182
1,42.6516
1,42.685
1,-3.91901
1,-3.91901
1,-3.91901
1,-3.91901
1,42.5513
1,42.7185
1,-3.91901
1,-3.91901
1,42.685
1,-3.91901
1,42.6516
1,-3.91901
1,-3.91901
1,-3.91901
1,-3.91901
1,42.7519
1,-3.91901
1,-3.91901
1,-3.91901
1,42.7185
1,-3.91901
1,42.7185
1,42.7185
1,-3.91901
1,42.7519
1,42.7853
1,42.7185
1,42.6182
1,42.7185
1,42.7853
1,42.7519
1,42.6516
1,42.7185
1,42.685
1,42.5847
1,42.7185
1,-3.91901
1,42.7519
1,42.685
1,-3.91901
1,-3.91901
1,42.7185
1,42.5847
1,-3.91901
1,-3.91901
1,-3.91901
1,42.7519
1,-3.91901
1,42.7185
1,-3.91901
1,42.8187
1,42.6516
1,42.6516
1,-3.91901
1,42.6182
1,-3.91901
1,42.6182
1,42.5847
1,42.685
1,-3.91901
1,-3.91901
1,42.6516
1,42.7853
1,-3.91901
1,-3.91901
1,-3.91901
1,-3.91901
1,-3.91901
1,42.6182
1,42.685
1,42.6516
1,-3.91901
1,-3.91901
1,-3.91901
1,42.6516
1,-3.91901
1,42.7185
1,42.6516
1,42.7853
1,-3.91901
1,-3.91901
1,-3.91901
1,42.6516
1,42.7185
1,-3.91901
1,-3.91901
1,42.6516
1,-3.91901
1,-3.91901
1,42.6516
1,42.7519
1,42.7185
1,-3.91901
1,-3.91901
1,-3.91901
1,-3.91901
1,42.5847
1,42.7185
1,-3.91901
1,42.6516
1,42.6516
1,42.6516
1,-3.91901
1,42.5847
1,42.7185
1,-3.91901
1,42.6182
1,42.5847
1,-3.91901
1,-3.91901
1,42.6516
1,-3.91901
1,42.6516
1,42.5513
1,-3.91901
1,-3.91901
1,42.6182
1,-3.91901
1,42.6516
1,-3.91901
1,42.685
1,42.5847
1,42.685
1,42.685
1,-3.91901
1,-3.91901
1,42.7185
1,-3.91901
1,-3.91901
1,-3.91901
1,42.5513
1,42.4844
1,-3.91901
1,42.5513
1,42.7185
1,-3.91901
1,-3.91901
1,42.5847
1,42.5513
1,42.5847
1,-3.91901
1,42.6516
1,42.5847
1,-3.91901
1,-3.91901
1,-3.91901
1,42.6516
1,-3.91901
1,42.5847
1,-3.91901
1,42.5178
1,42.5847
1,42.5847
1,42.5847
1,-3.91901
1,42.5847
1,-3.91901
1,42.5847
1,42.4509
1,-3.91901
1,-3.91901
1,-3.91901
1,42.5847
1,-3.91901
1,42.4509
1,42.4509
1,-3.91901
1,42.2165
1,-3.91901
1,-3.91901
1,-3.91901
1,42.4174
1,42.384
1,42.4844
1,-3.91901
1,42.384
1,42.317
1,-3.91901
1,-3.91901
1,42.25
1,-3.91901
1,-3.91901
1,42.1495
1,42.25
1,42.183
1,-3.91901
1,42.384
1,42.6516
1,42.6516
1,-3.91901
1,42.6516
1,-3.91901
1,42.8187
1,42.5847
1,42.6516
1,-3.91901
1,42.9856
1,42.7185
1,-3.91901
1,42.8187
1,-3.91901
1,42.9523
1,42.7853
1,-3.91901
1,-3.91901
1,42.384
1,42.5847
1,-3.91901
1,-3.91901
1,-3.91901
1,42.4509
1,-3.91901
1,42.3505
1,42.25
1,-3.91901
1,-3.91901
1,42.116
1,42.0489
1,41.9818
1,41.9147
1,-3.91901
1,41.7805
1,-3.91901
1,-3.91901
1,-3.91901
1,41.6461
1,41.4444
1,-3.91901
1,41.4444
1,41.3771
1,-3.91901
1,41.2425
1,41.1414
1,41.0741
1,41.1078
1,41.0404
1,-3.91901
1,-3.91901
1,40.973
1,40.8718
1,-3.91901
1,-3.91901
1,40.6355
1,40.6355
1,40.5342
1,-3.91901
1,40.4328
1,-3.91901
1,40.5004
1,-3.91901
1,-3.91901
1,40.2299
1,-3.91901
1,40.1961
1,-3.91901
1,40.1622
1,40.0268
1,39.8913
1,-3.91901
1,39.9591
1,39.8913
1,-3.91901
1,39.8574
1,39.8235
1,39.6878
1,39.7557
1,-3.91901
1,39.6539
1,39.5521
1,39.3823
1,-3.91901
1,-3.91901
1,39.2123
1,-3.91901
1,39.3823
1,-3.91901
1,39.3143
1,-3.91901
1,-3.91901
1,39.1783
1,-3.91901
1,-3.91901
1,-3.91901
1,38.8039
1,38.7357
1,-3.91901
1,38.7016
1,38.6334
1,-3.91901
1,38.5993
1,38.5311
1,38.4629
1,38.3263
1,38.3605
1,38.258
1,-3.91901
1,38.2239
1,38.1213
1,-3.91901
1,38.0187
1,-3.91901
1,38.0187
1,-3.91901
1,38.0529
1,-3.91901
1,38.0871
1,-3.91901
1,38.1213
1,38.1213
1,38.0529
1,37.9845
1,-3.91901
1,37.9845
1,37.9845
1,37.8477
1,37.745
1,-3.91901
1,-3.91901
1,37.6079
1,-3.91901
1,37.4365
1,37.2993
1,37.3336
1,37.265
1,37.2307
1,-3.91901
1,37.265
1,-3.91901
1,37.2307
1,-3.91901
1,37.1963
1,-3.91901
1,-3.91901
1,-3.91901
1,37.059
1,-3.91901
1,36.9559
1,-3.91901
1,36.9559
1,36.9559
1,36.9559
1,36.8871
1,36.8183
1,36.8183
1,36.8183
1,-3.91901
1,36.6118
1,-3.91901
1,36.4741
1,-3.91901
1,36.4741
1,-3.91901
1,36.3362
1,-3.91901
1,36.3362
1,-3.91901
1,36.3362
1,-3.91901
1,36.2673
1,-3.91901
1,-3.91901
1,-3.91901
1,36.0603
1,-3.91901
1,36.0948
1,-3.91901
1,35.9912
1,35.9912
1,-3.91901
1,35.9567
1,-3.91901
1,35.9221
1,-3.91901
1,-3.91901
1,-3.91901
1,35.853
1,-3.91901
1,35.7839
1,35.853
1,-3.91901
1,35.7839
1,35.7839
1,-3.91901
1,35.6802
1,-3.91901
1,35.853
1,-3.91901
1,35.5418
1,-3.91901
1,35.5072
1,-3.91901
1,-3.91901
1,35.3687
1,-3.91901
1,-3.91901
1,35.2302
1,35.1609
1,35.2302
1,-3.91901
1,35.0222
1,-3.91901
1,35.0222
1,-3.91901
1,-3.91901
1,34.9528
1,34.9528
1,-3.91901
1,35.0222
1,-3.91901
1,34.9875
1,-3.91901
1,-3.91901
1,-3.91901
1,-3.91901
1,34.7097
1,34.6055
1,34.5708
1,-3.91901
1,34.536
1,34.536
1,34.6055
1,34.6403
1,34.675
1,34.7445
1,34.7445
1,-3.91901
1,-3.91901
1,34.675
1,34.675
1,34.536
1,34.536
1,-3.91901
1,34.536
1,34.536
1,-3.91901
1,34.536
1,-3.91901
1,34.6055
1,-3.91901
1,-3.91901
1,34.675
1,34.7445
1,34.675
1,34.6403
1,34.6055
1,-3.91901
1,34.536
1,34.675
1,-3.91901
1,34.6055
1,-3.91901
1,-3.91901
1,34.536
1,34.4317
1,-3.91901
1,34.3273
1,-3.91901
1,-3.91901
1,-3.91901
1,-3.91901
1,34.1184
1,-3.91901
1,-3.91901
1,-3.91901
1,33.979
1,33.979
1,-3.91901
1,33.9093
1,-3.91901
1,33.7349
1,-3.91901
1,33.6651
1,33.6302
1,-3.91901
1,-3.91901
1,33.4905
1,-3.91901
1,33.5254
1,33.5604
1,-3.91901
1,33.5604
1,33.4905
1,33.5254
1,33.5604
1,33.4556
1,-3.91901
1,33.4206
1,33.3507
1,33.2808
1,-3.91901
1,33.2808
1,33.2458
1,33.2108
1,33.2108
1,-3.91901
1,33.2458
1,33.2808
1,33.2458
1,33.2458
1,-3.91901
1,33.2808
1,33.2808
1,33.2808
1,33.3507
1,33.3857
1,33.4206
1,33.4206
1,33.3158
1,33.2458
1,33.2808
1,33.2108
1,33.2108
1,33.1409
1,33.2108
1,-3.91901
1,33.2808
1,33.0009
1,-3.91901
1,32.9308
1,-3.91901
1,-3.91901
1,-3.91901
1,32.9308
1,-3.91901
1,33.1409
1,33.1409
1,-3.91901
1,33.1409
1,-3.91901
1,33.1409
1,33.1409
1,33.1409
1,-3.91901
1,33.1059
1,-3.91901
1,32.7557
1,-3.91901
1,-3.91901
1,-3.91901
1,32.6505
1,32.6505
1,-3.91901
1,32.6505
1,-3.91901
1,32.6505
1,32.7206
1,32.7206
1,32.6505
1,32.6154
1,32.5803
1,32.5102
1,32.5102
1,32.5102
1,-3.91901
1,32.5102
1,32.5102
1,32.44
1,32.44
1,32.44
1,32.4049
1,32.44
1,-3.91901
1,32.4751
1,32.5102
1,-3.91901
1,32.5452
1,-3.91901
1,32.6154
1,-3.91901
1,32.5803
1,32.5803
1,32.5803
1,-3.91901
1,32.5803
1,-3.91901
1,32.6855
1,32.6505
1,32.5803
1,32.5803
1,32.6855
1,32.7206
1,32.8257
1,32.7206
1,-3.91901
1,32.7206
1,32.7907
1,32.9659
1,32.9308
1,32.8608
1,-3.91901
1,32.8257
1,32.7907
1,32.7907
1,32.7907
1,-3.91901
1,32.8958
1,32.8608
1,-3.91901
1,32.8608
1,32.6505
1,-3.91901
1,-3.91901
1,-3.91901
1,-3.91901
1,-3.91901
1,-3.91901
1,32.5102
1,32.3698
1,32.3698
1,32.3698
1,32.3346
1,32.3346
1,32.2995
1,32.2995
1,-3.91901
1,32.2995
1,32.2293
1,32.159
1,32.1941
1,32.2293
1,-3.91901
1,32.2293
1,-3.91901
1,32.159
1,32.159
1,32.159
1,32.159
1,-3.91901
1,32.0183
1,31.948
1,-3.91901
1,31.9832
1,-3.91901
1,32.0183
1,-3.91901
1,31.948
1,-3.91901
1,-3.91901
1,-3.91901
1,32.0887
1,-3.91901
1,-3.91901
1,32.44
1,32.3698
1,32.2293
1,-3.91901
1,-3.91901
1,-3.91901
1,32.1941
1,32.159
1,32.159
1,-3.91901
1,-3.91901
1,-3.91901
1,32.0535
1,32.0887
1,32.2293
1,-3.91901
1,-3.91901
1,32.0535
1,32.0535
1,32.0183
1,31.948
1,31.9128
1,31.8776
1,-3.91901
1,31.8072
1,-3.91901
1,31.948
1,31.948
1,32.0183
1,32.0887
1,32.0887
1,-3.91901
1,32.1238
1,32.159
1,-3.91901
1,32.159
1,32.159
1,32.1238
1,-3.91901
1,32.1238
1,32.0887
1,32.0887
1,32.0887
1,-3.91901
1,32.1238
1,-3.91901
1,-3.91901
1,32.2644
1,-3.91901
1,32.2644
1,32.2995
1,32.2293
1,32.1238
1,-3.91901
1,-3.91901
1,-3.91901
1,32.2293
1,-3.91901
1,32.1238
1,-3.91901
1,-3.91901
1,32.159
1,32.2293
1,-3.91901
1,32.2995
1,-3.91901
1,-3.91901
1,-3.91901
1,-3.91901
1,32.2995
1,32.2293
1,32.2293
1,-3.91901
1,-3.91901
1,-3.91901
1,32.3698
1,32.44
1,32.44
1,32.44
1,32.44
1,-3.91901
1,-3.91901
1,32.4751
1,32.5102
1,-3.91901
1,32.5102
1,-3.91901
1,-3.91901
1,32.44
1,32.44
1,32.2995
1,-3.91901
1,32.44
1,32.44
1,32.2995
1,32.2644
1,32.3698
1,-3.91901
1,32.5452
1,32.7907
1,-3.91901
1,-3.91901
1,33.0009
1,-3.91901
1,32.7907
1,32.9308
1,33.0009
1,32.7907
1,32.7206
1,33.0009
1,32.8958
1,33.0709
1,-3.91901
1,-3.91901
1,33.0709
1,33.0709
1,33.2108
1,-3.91901
1,33.3857
1,33.4556
1,-3.91901
1,33.5953
1,33.4206
1,-3.91901
1,-3.91901
1,33.3158
1,33.2108
1,33.2108
1,33.2808
1,33.3507
1,33.3158
1,-3.91901
1,33.4556
1,33.6302
1,33.6651
1,-3.91901
1,-3.91901
1,-3.91901
1,33.979
1,33.8396
1,-3.91901
1,33.6302
1,33.7
1,-3.91901
1,33.6302
1,33.5604
1,33.5254
1,-3.91901
1,33.5953
1,33.5604
1,33.5254
1,-3.91901
1,33.7
1,33.7349
1,33.8744
1,33.8744
1,-3.91901
1,-3.91901
1,-3.91901
1,-3.91901
1,-3.91901
1,34.2577
1,34.536
1,-3.91901
1,34.188
1,34.2925
1,-3.91901
1,-3.91901
1,34.3969
1,-3.91901
1,34.3273
1,34.3273
1,-3.91901
1,-3.91901
1,-3.91901
1,34.536
1,34.6055
1,34.536
1,34.6055
1,34.536
1,-3.91901
1,34.675
1,-3.91901
1,34.6403
1,34.536
1,-3.91901
1,34.536
1,34.536
1,-3.91901
1,-3.91901
1,34.536
1,-3.91901
1,34.3273
1,-3.91901
1,34.6403
1,34.536
1,34.7445
1,34.536
1,34.536
1,34.536
1,34.536
1,-3.91901
1,34.7445
1,34.8139
1,34.9528
1,34.9528
1,34.8139
1,34.8834
1,34.9528
1,-3.91901
1,34.8834
1,34.675
1,34.675
1,35.0222
1,35.0222
1,34.9181
1,-3.91901
1,-3.91901
1,34.9528
1,-3.91901
1,-3.91901
1,34.9528
1,-3.91901
1,35.2302
1,-3.91901
1,35.0915
1,35.1262
1,-3.91901
1,35.2995
1,-3.91901
1,-3.91901
1,-3.91901
1,-3.91901
1,-3.91901
1,35.6456
1,35.6456
1,35.6456
1,-3.91901
1,35.5418
1,-3.91901
1,35.6456
1,-3.91901
1,-3.91901
1,-3.91901
1,35.6802
1,35.6456
1,-3.91901
1,35.5764
1,-3.91901
1,35.4034
1,-3.91901
1,-3.91901
1,-3.91901
1,-3.91901
1,35.5764
1,-3.91901
1,-3.91901
1,35.7148
1,-3.91901
1,-3.91901
1,-3.91901
1,35.853
1,-3.91901
1,35.7839
1,35.9567
1,-3.91901
1,35.9567
1,35.9912
1,35.9221
1,35.8876
1,35.9567
1,35.9567
1,36.0603
1,36.1293
1,-3.91901
1,35.853
1,35.9912
1,35.9221
1,35.9221
1,-3.91901
1,-3.91901
1,-3.91901
1,-3.91901
1,35.9567
1,35.9221
1,36.0603
1,35.9912
1,-3.91901
1,-3.91901
1,35.9567
1,35.9912
1,36.0948
1,-3.91901
1,-3.91901
1,-3.91901
1,-3.91901
1,36.0603
1,35.8876
1,35.9567
1,35.9221
1,-3.91901
1,35.9221
1,35.9221
1,35.9221
1,-3.91901
1,-3.91901
1,35.853
1,-3.91901
1,-3.91901
1,36.0257
1,35.9912
1,35.9221
1,35.9912
1,36.0257
1,36.0603
1,-3.91901
1,-3.91901
1,36.1983
1,-3.91901
1,36.3018
1,36.2673
1,36.4052
1,36.3362
1,36.3362
1,36.543
1,36.4052
1,36.4052
1,-3.91901
1,-3.91901
1,36.5085
1,-3.91901
1,36.4052
1,36.3362
1,36.4741
1,36.543
1,36.4741
1,36.543
1,36.4052
1,36.4741
1,36.4741
1,-3.91901
1,36.5085
1,36.6118
1,36.543
1,-3.91901
1,36.6118
1,36.6807
1,36.6118
1,36.6807
1,-3.91901
1,36.543
1,36.5774
1,36.543
1,36.5774
1,36.543
1,-3.91901
1,36.6118
1,-3.91901
1,36.5774
1,36.543
1,-3.91901
1,36.6463
1,-3.91901
1,36.6118
1,-3.91901
1,-3.91901
1,-3.91901
1,36.7151
1,-3.91901
1,-3.91901
1,-3.91901
1,36.8871
1,36.8527
1,36.9559
1,36.8871
1,36.7151
1,36.8527
1,36.8183
1,36.7495
1,36.8183
1,-3.91901
1,-3.91901
1,36.7151
1,36.6807
1,-3.91901
1,35.7148
1,35.2302
1,35.2302
1,35.2302
1,35.2302
1,-3.91901
1,35.2995
1,35.3687
1,35.5072
1,-3.91901
1,-3.91901
1,35.2302
1,35.5418
1,-3.91901
1,-3.91901
1,36.4741
1,-3.91901
1,-3.91901
1,-3.91901
1,-3.91901
1,40.1622
1,40.4328
1,-3.91901
1,40.7031
1,-3.91901
1,41.2425
1,41.5116
1,41.5789
1,-3.91901
1,41.9818
1,42.0824
1,42.25
1,-3.91901
1,-3.91901
1,-3.91901
1,-3.91901
1,43.1191
1,-3.91901
1,-3.91901
1,43.3858
1,-3.91901
1,43.5855
1,-3.91901
1,-3.91901
1,43.6521
1,43.6853
1,43.918
1,-3.91901
1,44.9121
1,44.3162
1,-3.91901
1,44.9121
1,45.3413
1,45.3083
1,-3.91901
1,44.7467
1,-3.91901
1,45.1763
1,-3.91901
1,-3.91901
1,-3.91901
1,-3.91901
1,46.1312
1,-3.91901
1,-3.91901
1,-3.91901
1,-3.91901
1,-3.91901
1,45.9669
1,46.5577
1,-3.91901
1,46.2625
1,46.0655
1,46.4265
1,-3.91901
1,-3.91901
1,46.0983
1,-3.91901
1,46.1968
1,46.3281
1,46.2953
1,-3.91901
1,46.6232
1,47.1467
1,47.0486
1,46.9505
1,-3.91901
1,47.3426
1,-3.91901
1,47.2447
1,47.2447
1,47.1467
1,47.1467
1,47.114
1,47.1467
1,47.31
1,47.0159
1,-3.91901
1,46.8197
1,-3.91901
1,46.8197
1,46.5577
1,46.656
1,46.4593
1,-3.91901
1,-3.91901
1,46.2953
1,-3.91901
1,46.2297
1,-3.91901
1,46.0655
1,-3.91901
1,-3.91901
1,46.0326
1,46.164
1,46.0326
1,45.9669
1,45.7037
1,-3.91901
1,-3.91901
1,-3.91901
1,46.0655
1,46.0655
1,45.9669
1,46.0655
1,45.8353
1,45.572
1,45.7037
1,45.572
1,45.6379
1,45.6049
1,45.8024
1,45.9011
1,45.934
1,45.7037
1,46.0655
1,45.934
1,45.9997
1,45.7037
1,46.0655
1,46.0655
1,45.8353
1,-3.91901
1,46.0655
1,-3.91901
1,-3.91901
1,46.0655
1,45.9669
1,-3.91901
1,45.9011
1,-3.91901
1,46.0655
1,-3.91901
1,46.0655
1,46.0655
1,45.8353
1,45.9997
1,45.7695
1,46.0655
1,46.2297
1,-3.91901
1,46.0655
1,-3.91901
1,45.9997
1,46.0655
1,46.0655
1,-3.91901
1,45.9011
1,46.164
1,-3.91901
1,45.9011
1,-3.91901
1,-3.91901
1,-3.91901
1,46.0655
1,46.0655
1,45.9997
1,46.0655
1,46.0655
1,-3.91901
1,46.2297
1,-3.91901
1,-3.91901
1,46.0655
1,-3.91901
1,46.0655
1,46.1312
1,46.0655
1,-3.91901
1,46.6887
1,45.9011
1,46.7215
1,-3.91901
1,-3.91901
1,45.6708
1,-3.91901
1,45.9997
1,46.0655
1,46.0655
1,45.8024
1,-3.91901
1,-3.91901
1,-3.91901
1,45.7037
1,-3.91901
1,45.4732
1,45.2423
1,45.572
1,45.4072
1,45.572
1,45.3743
1,45.1763
1,44.846
1,44.8129
1,-3.91901
1,44.5482
1,44.7798
1,-3.91901
1,43.7186
1,-3.91901
1,43.519
1,43.6521
1,-3.91901
1,43.0524
1,42.6182
1,-3.91901
1,42.8521
1,41.9818
1,42.4509
1,42.0824
1,-3.91901
1,41.814
1,-3.91901
1,42.116
1,-3.91901
1,-3.91901
1,42.2835
1,42.1495
1,42.5178
1,-3.91901
1,43.3191
1,-3.91901
1,42.8521
1,42.0489
1,41.7133
1,-3.91901
1,42.0489
1,41.9147
1,-3.91901
1,42.317
1,-3.91901
1,42.183
1,42.4509
1,-3.91901
1,-3.91901
1,-3.91901
1,-3.91901
1,42.9856
1,-3.91901
1,-3.91901
1,-3.91901
1,42.0824
1,-3.91901
1,-3.91901
1,-3.91901
1,-3.91901
1,-3.91901
1,42.317
1,-3.91901
1,-3.91901
1,41.7805
1,42.317
1,-3.91901
1,42.5847
1,-3.91901
1,42.116
1,-3.91901
1,-3.91901
1,-3.91901
1,43.3858
1,43.3191
1,-3.91901
1,43.9844
1,44.1172
1,-3.91901
1,-3.91901
1,44.1836
1,-3.91901
1,44.1836
1,-3.91901
1,44.0508
1,-3.91901
1,-3.91901
1,-3.91901
1,-3.91901
1,-3.91901
1,-3.91901
1,43.4524
1,-3.91901
1,-3.91901
1,43.1525
1,-3.91901
1,43.4191
1,-3.91901
1,-3.91901
1,-3.91901
1,-3.91901
1,42.5847
1,42.7185
1,42.5847
1,42.4844
1,-3.91901
1,-3.91901
1,42.8521
1,-3.91901
1,42.6516
1,-3.91901
1,-3.91901
1,42.5847
1,-3.91901
1,42.685
1,-3.91901
1,42.7185
1,-3.91901
1,42.7185
1,-3.91901
1,-3.91901
1,-3.91901
1,42.7185
1,-3.91901
1,-3.91901
1,-3.91901
1,42.4844
1,-3.91901
1,-3.91901
1,42.384
1,-3.91901
1,-3.91901
1,-3.91901
1,42.4844
1,-3.91901
1,42.3505
1,-3.91901
1,42.25
1,42.183
1,-3.91901
1,42.2835
1,42.25
1,-3.91901
1,-3.91901
1,42.4174
1,42.5847
1,-3.91901
1,42.5178
1,-3.91901
1,42.4509
1,-3.91901
1,42.4174
1,-3.91901
1,42.4509
1,42.5847
1,42.7519
1,-3.91901
1,-3.91901
1,-3.91901
1,43.1858
1,-3.91901
1,43.1858
1,43.1858
1,43.2525
1,-3.91901
1,-3.91901
1,43.2525
1,-3.91901
1,43.2525
1,43.2525
1,43.2858
1,43.2858
1,43.519
1,43.2858
1,-3.91901
1,-3.91901
1,43.2858
1,-3.91901
1,43.2858
1,43.2525
1,43.1525
1,43.2525
1,-3.91901
1,-3.91901
1,-3.91901
1,-3.91901
1,43.1191
1,43.2191
1,43.2525
1,-3.91901
1,43.3858
1,43.4524
1,43.519
1,43.4191
1,43.3858
1,-3.91901
1,-3.91901
1,43.3858
1,-3.91901
1,43.4524
1,-3.91901
1,-3.91901
1,43.5522
1,-3.91901
1,43.6188
1,-3.91901
1,43.6521
1,43.7186
1,-3.91901
1,43.7186
1,-3.91901
1,43.7186
1,43.7186
1,43.7518
1,43.7518
1,-3.91901
1,-3.91901
1,-3.91901
1,-3.91901
1,43.7851
1,-3.91901
1,43.7186
1,-3.91901
1,43.7851
1,43.8183
1,43.7851
1,43.7851
1,-3.91901
1,43.7851
1,-3.91901
1,-3.91901
1,43.8183
1,43.7851
1,-3.91901
1,-3.91901
1,43.7851
1,43.7186
1,-3.91901
1,-3.91901
1,43.7186
1,-3.91901
1,-3.91901
1,43.7186
1,-3.91901
1,-3.91901
1,-3.91901
1,-3.91901
1,-3.91901
1,43.6188
1,43.6521
1,-3.91901
1,43.6521
1,-3.91901
1,-3.91901
1,-3.91901
1,43.5855
1,-3.91901
1,43.6521
1,-3.91901
1,-3.91901
1,43.6853
1,43.6188
1,-3.91901
1,-3.91901
1,-3.91901
1,-3.91901
1,43.5522
1,43.4524
1,-3.91901
1,43.519
1,43.4191
1,-3.91901
1,-3.91901
1,-3.91901
1,-3.91901
1,43.4857
1,-3.91901
1,43.4857
1,-3.91901
1,-3.91901
1,43.519
1,43.4191
1,43.3858
1,43.2858
1,-3.91901
1,43.2525
1,-3.91901
1,-3.91901
1,43.2191
1,-3.91901
1,-3.91901
1,-3.91901
1,43.2191
1,-3.91901
1,43.2525
1,43.2191
1,-3.91901
1,43.1858
1,42.9856
1,-3.91901
1,-3.91901
1,42.5847
1,-3.91901
1,42.5847
1,-3.91901
1,-3.91901
1,43.3191
1,-3.91901
1,43.3191
1,43.1858
1,-3.91901
1,43.5522
1,-3.91901
1,-3.91901
1,41.5789
1,-3.91901
1,42.116
1,43.3858
1,43.4524
1,-3.91901
1,-3.91901
1,-3.91901
1,-3.91901
1,-3.91901
1,-3.91901
1,42.2165
1,43.2191
1,-3.91901
1,-3.91901
1,42.8855
1,42.7853
1,-3.91901
1,42.8187
1,42.6516
1,42.9856
1,42.8187
1,42.8521
1,-3.91901
1,42.7853
1,-3.91901
1,42.8187
1,42.8521
1,42.9189
1,-3.91901
1,42.5847
1,42.5847
1,42.7853
1,-3.91901
1,-3.91901
1,-3.91901
1,-3.91901
1,42.9189
1,42.7519
1,-3.91901
1,42.7185
1,-3.91901
1,-3.91901
1,42.7185
1,-3.91901
1,-3.91901
1,-3.91901
1,42.8187
1,42.7185
1,-3.91901
1,42.2835
1,-3.91901
1,42.6516
1,-3.91901
1,-3.91901
1,-3.91901
1,42.4509
1,-3.91901
1,-3.91901
1,-3.91901
1,42.5178
1,-3.91901
1,-3.91901
1,-3.91901
1,-3.91901
1,-3.91901
1,-3.91901
1,-3.91901
1,-3.91901
1,42.384
1,-3.91901
1,-3.91901
1,-3.91901
1,42.4509
1,-3.91901
1,-3.91901
1,-3.91901
1,42.5847
1,42.4509
1,42.3505
1,-3.91901
1,-3.91901
1,-3.91901
1,-3.91901
1,-3.91901
1,-3.91901
1,-3.91901
1,-3.91901
1,-3.91901
1,-3.91901
1,-3.91901
1,42.3505
1,42.5847
1,-3.91901
1,-3.91901
1,-3.91901
1,-3.91901
1,-3.91901
1,-3.91901
1,-3.91901
1,-3.91901
1,-3.91901
1,-3.91901
1,-3.91901
1,-3.91901
1,-3.91901
1,-3.91901
1,-3.91901
1,42.6182
1,-3.91901
1,-3.91901
1,-3.91901
1,-3.91901
1,-3.91901
1,-3.91901
1,-3.91901
1,-3.91901
1,-3.91901
1,-3.91901
1,42.7519
1,-3.91901
1,-3.91901
1,42.9856
1,-3.91901
1,42.8521
1,-3.91901
1,42.8187
1,-3.91901
1,-3.91901
1,-3.91901
1,-3.91901
1,-3.91901
1,-3.91901
1,-3.91901
1,42.8855
1,-3.91901
1,42.8521
1,-3.91901
1,-3.91901
1,-3.91901
1,42.8521
1,-3.91901
1,43.019
1,-3.91901
1,-3.91901
1,-3.91901
1,-3.91901
1,-3.91901
1,42.9189
1,-3.91901
1,-3.91901
1,42.8855
1,-3.91901
1,-3.91901
1,-3.91901
1,-3.91901
1,-3.91901
1,-3.91901
1,42.9856
1,-3.91901
1,-3.91901
1,-3.91901
1,-3.91901
1,-3.91901
1,-3.91901
1,43.1525
1,-3.91901
1,-3.91901
1,-3.91901
1,-3.91901
1,-3.91901
1,-3.91901
1,-3.91901
1,-3.91901
1,-3.91901
1,-3.91901
1,-3.91901
1,-3.91901
1,-3.91901
1,43.2525
1,-3.91901
1,-3.91901
1,-3.91901
1,43.019
1,-3.91901
1,-3.91901
1,-3.91901
1,42.9189
1,-3.91901
1,-3.91901
1,-3.91901
1,-3.91901
1,42.9523
1,-3.91901
1,-3.91901
1,-3.91901
1,-3.91901
1,-3.91901
1,-3.91901
1,-3.91901
1,-3.91901
1,-3.91901
1,-3.91901
1,42.6182
1,-3.91901
1,-3.91901
1,42.7853
1,-3.91901
1,-3.91901
1,-3.91901
1,-3.91901
1,-3.91901
1,42.6182
1,-3.91901
1,-3.91901
1,-3.91901
1,42.5178
1,-3.91901
1,-3.91901
1,-3.91901
1,42.384
1,-3.91901
1,-3.91901
1,-3.91901
1,-3.91901
1,42.384
1,-3.91901
1,42.4509
1,-3.91901
1,42.384
1,42.384
1,-3.91901
1,-3.91901
1,-3.91901
1,-3.91901
1,42.384
1,-3.91901
1,-3.91901
1,-3.91901
1,-3.91901
1,42.317
1,42.25
1,-3.91901
1,42.2835
1,-3.91901
1,-3.91901
1,-3.91901
1,-3.91901
1,-3.91901
1,-3.91901
1,42.5847
1,-3.91901
1,42.6516
1,-3.91901
1,-3.91901
1,-3.91901
1,42.4509
1,-3.91901
1,42.4509
1,-3.91901
1,42.5178
1,-3.91901
1,-3.91901
1,-3.91901
1,42.6516
1,-3.91901
1,-3.91901
1,-3.91901
1,-3.91901
1,-3.91901
1,-3.91901
1,-3.91901
1,-3.91901
1,-3.91901
1,-3.91901
1,42.5178
1,-3.91901
1,-3.91901
1,-3.91901
1,-3.91901
1,-3.91901
1,42.6182
1,-3.91901
1,-3.91901
1,42.8521
1,-3.91901
1,-3.91901
1,42.8521
1,-3.91901
1,-3.91901
1,42.7853
1,-3.91901
1,-3.91901
1,42.7185
1,-3.91901
1,-3.91901
1,42.8187
1,-3.91901
1,-3.91901
1,-3.91901
1,-3.91901
1,42.7853
1,-3.91901
1,-3.91901
1,-3.91901
1,42.8521
1,42.7185
1,-3.91901
1,42.8187
1,-3.91901
1,42.8521
1,-3.91901
1,42.8521
1,-3.91901
1,42.8521
1,-3.91901
1,42.8521
1,-3.91901
1,42.7853
1,-3.91901
1,-3.91901
1,-3.91901
1,-3.91901
1,-3.91901
1,42.7185
1,-3.91901
1,-3.91901
1,-3.91901
1,-3.91901
1,-3.91901
1,-3.91901
1,42.8187
1,-3.91901
1,-3.91901
1,-3.91901
1,-3.91901
1,42.5847
1,42.6516
1,-3.91901
1,42.7185
1,42.7185
1,-3.91901
1,-3.91901
1,-3.91901
1,-3.91901
1,42.6182
1,42.7185
1,42.7185
1,42.6516
1,-3.91901
1,-3.91901
1,-3.91901
1,42.6182
1,-3.91901
1,-3.91901
1,-3.91901
1,-3.91901
1,-3.91901
1,42.5847
1,-3.91901
1,-3.91901
1,42.7185
1,42.6516
1,-3.91901
1,-3.91901
1,-3.91901
1,-3.91901
1,-3.91901
1,42.6182
1,-3.91901
1,42.6182
1,-3.91901
1,-3.91901
1,-3.91901
1,-3.91901
1,-3.91901
1,-3.91901
1,42.7853
1,-3.91901
1,-3.91901
1,42.6182
1,42.6182
1,-3.91901
1,42.6516
1,42.6516
1,42.7185
1,42.4174
1,-3.91901
1,-3.91901
1,-3.91901
1,-3.91901
1,-3.91901
1,-3.91901
1,-3.91901
1,-3.91901
1,-3.91901
1,42.7519
1,42.7853
1,-3.91901
1,-3.91901
1,-3.91901
1,42.5847
1,-3.91901
1,42.7853
1,42.5847
1,42.4509
1,-3.91901
1,42.7185
1,42.5513
1,42.685
1,42.685
1,-3.91901
1,-3.91901
1,42.685
1,-3.91901
1,-3.91901
1,-3.91901
1,-3.91901
1,42.5847
1,-3.91901
1,-3.91901
1,42.4509
1,-3.91901
1,42.685
1,-3.91901
1,-3.91901
1,-3.91901
1,-3.91901
1,-3.91901
1,-3.91901
1,-3.91901
1,42.7185
1,42.5847
1,-3.91901
1,-3.91901
1,42.6182
1,-3.91901
1,-3.91901
1,42.7853
1,42.7853
1,-3.91901
1,42.6516
1,42.7185
1,-3.91901
1,42.7185
1,42.7519
1,-3.91901
1,42.6516
1,-3.91901
1,-3.91901
1,42.5847
1,-3.91901
1,42.5847
1,-3.91901
1,42.5847
1,-3.91901
1,42.5847
1,-3.91901
1,-3.91901
1,42.6182
1,-3.91901
1,42.6516
1,-3.91901
1,-3.91901
1,42.7519
1,-3.91901
1,42.5513
1,42.7185
1,42.8521
1,-3.91901
1,42.5847
1,-3.91901
1,42.6182
1,-3.91901
1,42.5178
1,-3.91901
1,42.384
1,-3.91901
1,-3.91901
1,42.5178
1,-3.91901
1,-3.91901
1,42.6182
1,42.7853
1,-3.91901
1,-3.91901
1,42.7185
1,42.5847
1,-3.91901
1,42.6516
1,42.7853
1,-3.91901
1,42.7185
1,-3.91901
1,42.7185
1,-3.91901
1,42.5513
1,-3.91901
1,-3.91901
1,42.685
1,-3.91901
1,-3.91901
1,-3.91901
1,42.7853
1,-3.91901
1,42.7853
1,42.9189
1,-3.91901
1,-3.91901
1,42.5847
1,42.4844
1,-3.91901
1,42.4509
1,-3.91901
1,42.5178
1,-3.91901
1,42.8187
1,-3.91901
1,42.7185
1,42.7185
1,42.6516
1,42.5847
1,42.6516
1,42.7185
1,42.6516
1,-3.91901
1,-3.91901
1,-3.91901
1,42.7185
1,-3.91901
1,-3.91901
1,-3.91901
1,-3.91901
1,42.5178
1,-3.91901
1,-3.91901
1,-3.91901
1,-3.91901
1,-3.91901
1,-3.91901
1,-3.91901
1,-3.91901
1,-3.91901
1,-3.91901
1,42.7185
1,42.7853
1,42.5847
1,-3.91901
1,42.7853
1,42.4509
1,-3.91901
1,-3.91901
1,-3.91901
1,-3.91901
1,-3.91901
1,-3.91901
1,-3.91901
1,-3.91901
1,-3.91901
1,-3.91901
1,-3.91901
1,-3.91901
1,-3.91901
1,-3.91901
1,-3.91901
1,-3.91901
1,-3.91901
1,-3.91901
1,42.5178
1,-3.91901
1,42.8855
1,-3.91901
1,-3.91901
1,-3.91901
1,42.9856
1,-3.91901
1,42.8521
1,42.9856
1,-3.91901
1,-3.91901
1,-3.91901
1,-3.91901
1,43.2525
1,43.2525
1,-3.91901
1,42.8521
1,-3.91901
1,-3.91901
1,42.7519
1,42.7185
1,-3.91901
1,-3.91901
1,-3.91901
1,42.7185
1,-3.91901
1,-3.91901
1,42.6516
1,-3.91901
1,-3.91901
1,-3.91901
1,-3.91901
1,-3.91901
1,42.9189
1,-3.91901
1,-3.91901
1,-3.91901
1,43.519
1,42.6516
1,41.9483
1,-3.91901
1,41.2425
1,-3.91901
1,41.0067
1,40.7368
1,40.7031
1,-3.91901
1,40.4666
1,-3.91901
1,40.4328
1,40.399
1,-3.91901
1,-3.91901
1,-3.91901
1,-3.91901
1,-3.91901
1,-3.91901
1,-3.91901
1,42.0154
1,42.4509
1,42.5178
1,-3.91901
1,42.7185
1,-3.91901
1,42.7853
1,42.8521
1,-3.91901
1,42.9856
1,-3.91901
1,43.1525
1,-3.91901
1,43.2525
1,43.1858
1,-3.91901
1,43.1858
1,-3.91901
1,-3.91901
1,43.1858
1,-3.91901
1,43.1191
1,43.2525
1,43.2525
1,-3.91901
1,-3.91901
1,43.1858
1,-3.91901
1,43.1858
1,-3.91901
1,43.2525
1,-3.91901
1,43.1525
1,-3.91901
1,43.1525
1,-3.91901
1,-3.91901
1,-3.91901
1,-3.91901
1,-3.91901
1,42.9189
1,-3.91901
1,-3.91901
1,-3.91901
1,-3.91901
1,42.9856
1,42.9856
1,-3.91901
1,43.0524
1,42.9523
1,-3.91901
1,42.9523
1,42.9189
1,-3.91901
1,-3.91901
1,-3.91901
1,-3.91901
1,42.8187
1,-3.91901
1,42.7185
1,42.7185
1,42.7853
1,-3.91901
1,-3.91901
1,-3.91901
1,-3.91901
1,-3.91901
1,-3.91901
1,-3.91901
1,42.6182
1,-3.91901
1,42.5847
1,42.4844
1,42.5847
1,-3.91901
1,-3.91901
1,42.317
1,-3.91901
1,-3.91901
1,42.116
1,42.25
1,42.25
1,-3.91901
1,42.317
1,-3.91901
1,42.384
1,-3.91901
1,42.317
1,42.3505
1,42.3505
1,-3.91901
1,42.317
1,-3.91901
1,-3.91901
1,42.2835
1,-3.91901
1,-3.91901
1,42.2165
1,-3.91901
1,-3.91901
1,-3.91901
1,-3.91901
1,-3.91901
1,41.5116
1,-3.91901
1,41.6125
1,-3.91901
1,41.6125
1,41.5116
1,-3.91901
1,41.5116
1,41.5789
1,41.6125
1,41.6125
1,-3.91901
1,41.7133
1,-3.91901
1,41.5116
1,-3.91901
1,-3.91901
1,41.3435
1,41.1751
1,-3.91901
1,-3.91901
1,41.0404
1,-3.91901
1,-3.91901
1,-3.91901
1,40.9055
1,-3.91901
1,41.0741
1,41.0404
1,-3.91901
1,-3.91901
1,40.8718
1,-3.91901
1,-3.91901
1,-3.91901
1,-3.91901
1,-3.91901
1,40.7031
1,-3.91901
1,40.6355
1,-3.91901
1,40.7368
1,40.5342
1,-3.91901
1,-3.91901
1,40.5004
1,-3.91901
1,40.3314
1,-3.91901
1,40.2638
1,40.3652
1,-3.91901
1,40.7706
1,-3.91901
1,-3.91901
1,40.9392
1,-3.91901
1,-3.91901
1,40.568
1,41.0404
1,-3.91901
1,41.0404
1,-3.91901
1,-3.91901
1,-3.91901
1,40.7706
1,-3.91901
1,40.9392
1,-3.91901
1,-3.91901
1,-3.91901
1,-3.91901
1,-3.91901
1,41.5789
1,-3.91901
1,-3.91901
1,-3.91901
1,41.4444
1,-3.91901
1,-3.91901
1,-3.91901
1,-3.91901
1,-3.91901
1,-3.91901
1,-3.91901
1,-3.91901
1,-3.91901
1,41.7133
1,41.6461
1,-3.91901
1,-3.91901
1,41.6461
1,-3.91901
1,-3.91901
1,-3.91901
1,-3.91901
1,41.5789
1,-3.91901
1,-3.91901
1,41.6797
1,-3.91901
1,-3.91901
1,41.5116
1,-3.91901
1,-3.91901
1,-3.91901
1,-3.91901
1,-3.91901
1,42.1495
1,-3.91901
1,42.116
1,-3.91901
1,43.2858
1,-3.91901
1,43.0858
1,43.3191
1,-3.91901
1,43.0524
1,43.4857
1,43.7518
1,43.7851
1,-3.91901
1,-3.91901
1,-3.91901
1,-3.91901
1,-3.91901
1,-3.91901
1,-3.91901
1,43.2525
1,43.2858
1,43.1525
1,43.519
1,-3.91901
1,-3.91901
1,42.9856
1,-3.91901
1,-3.91901
1,-3.91901
1,-3.91901
1,43.2858
1,-3.91901
1,-3.91901
1,-3.91901
1,-3.91901
1,43.519
1,-3.91901
1,-3.91901
1,43.5855
1,-3.91901
1,-3.91901
1,-3.91901
1,-3.91901
1,-3.91901
1,43.519
1,-3.91901
1,-3.91901
1,-3.91901
1,-3.91901
1,43.5855
1,43.6853
1,43.3858
1,-3.91901
1,-3.91901
1,43.0524
1,43.1191
1,43.1858
1,-3.91901
1,42.9523
1,42.7853
1,-3.91901
1,-3.91901
1,-3.91901
1,-3.91901
1,42.25
1,42.25
1,-3.91901
1,-3.91901
1,41.9818
1,-3.91901
1,-3.91901
1,41.6797
1,-3.91901
1,41.6797
1,41.6125
1,41.3771
1,-3.91901
1,41.0067
1,-3.91901
1,-3.91901
1,-3.91901
1,-3.91901
1,40.6018
1,-3.91901
1,-3.91901
1,-3.91901
1,-3.91901
1,41.4444
1,-3.91901
1,-3.91901
1,-3.91901
1,41.4108
1,-3.91901
1,-3.91901
1,-3.91901
1,-3.91901
1,-3.91901
1,40.7706
1,-3.91901
1,40.5004
1,-3.91901
1,-3.91901
1,-3.91901
1,39.9591
1,39.7557
1,39.8235
1,-3.91901
1,40.0268
1,-3.91901
1,39.9591
1,39.8913
1,-3.91901
1,39.9591
1,-3.91901
1,-3.91901
1,39.5521
1,-3.91901
1,39.5521
1,39.4842
1,-3.91901
1,-3.91901
1,39.8235
1,39.9929
1,39.8235
1,39.62
1,-3.91901
1,-3.91901
1,39.4162
1,39.62
1,-3.91901
1,-3.91901
1,39.3143
1,-3.91901
1,-3.91901
1,-3.91901
1,39.5521
1,39.4842
1,-3.91901
1,39.3143
1,-3.91901
1,-3.91901
1,-3.91901
1,38.9742
1,38.9401
1,38.8379
1,-3.91901
1,38.6334
1,38.5652
1,-3.91901
1,-3.91901
1,-3.91901
1,-3.91901
1,-3.91901
1,-3.91901
1,37.8477
1,-3.91901
1,-3.91901
1,-3.91901
1,-3.91901
1,-3.91901
1,-3.91901
1,-3.91901
1,-3.91901
1,-3.91901
1,-3.91901
1,-3.91901
1,-3.91901
1,-3.91901
1,38.1897
1,-3.91901
1,38.2922
1,-3.91901
1,-3.91901
1,38.3263
1,-3.91901
1,-3.91901
1,38.4629
1,-3.91901
1,38.6675
1,38.5993
1,-3.91901
1,-3.91901
1,-3.91901
1,-3.91901
1,-3.91901
1,-3.91901
1,-3.91901
1,-3.91901
1,-3.91901
1,-3.91901
1,-3.91901
1,38.1555
1,-3.91901
1,-3.91901
1,-3.91901
1,38.4629
1,-3.91901
1,-3.91901
1,-3.91901
1,38.5993
1,-3.91901
1,-3.91901
1,-3.91901
1,38.6675
1,-3.91901
1,-3.91901
1,38.4629
1,-3.91901
1,38.3946
1,-3.91901
1,-3.91901
1,38.2922
1,-3.91901
1,38.4287
1,-3.91901
1,-3.91901
1,37.9845
1,-3.91901
1,38.0871
1,-3.91901
1,38.2239
1,38.1897
1,-3.91901
1,38.3263
1,38.3605
1,-3.91901
1,38.4629
1,38.4629
1,-3.91901
1,38.7016
1,-3.91901
1,-3.91901
1,-3.91901
1,-3.91901
1,-3.91901
1,-3.91901
1,-3.91901
1,38.7016
1,-3.91901
1,38.7357
1,38.5993
1,-3.91901
1,38.8039
1,-3.91901
1,38.7357
1,-3.91901
1,38.5993
1,38.5311
1,38.6675
1,-3.91901
1,38.2922
1,-3.91901
1,-3.91901
1,-3.91901
1,-3.91901
1,38.7357
1,38.7357
1,-3.91901
1,38.9401
1,-3.91901
1,-3.91901
1,-3.91901
1,-3.91901
1,39.1783
1,-3.91901
1,-3.91901
1,-3.91901
1,-3.91901
1,-3.91901
1,39.2803
1,39.2803
1,39.1443
1,-3.91901
1,-3.91901
1,-3.91901
1,-3.91901
1,39.0763
1,-3.91901
1,-3.91901
1,-3.91901
1,39.586
1,39.5521
1,-3.91901
1,39.4162
1,39.2463
1,-3.91901
1,-3.91901
1,-3.91901
1,-3.91901
1,-3.91901
1,-3.91901
1,-3.91901
1,40.6018
1,-3.91901
1,-3.91901
1,39.8235
1,-3.91901
1,-3.91901
1,40.0945
1,-3.91901
1,-3.91901
1,-3.91901
1,-3.91901
1,39.586
1,-3.91901
1,-3.91901
1,-3.91901
1,-3.91901
1,-3.91901
1,39.6878
1,-3.91901
1,-3.91901
1,-3.91901
1,-3.91901
1,-3.91901
1,-3.91901
1,-3.91901
1,-3.91901
1,39.9591
1,40.0945
1,-3.91901
1,-3.91901
1,-3.91901
1,-3.91901
1,-3.91901
1,-3.91901
1,-3.91901
1,-3.91901
1,40.1622
1,-3.91901
1,-3.91901
1,-3.91901
1,-3.91901
1,-3.91901
1,-3.91901
1,40.9055
1,-3.91901
1,-3.91901
1,40.8381
1,-3.91901
1,40.8043
1,-3.91901
1,40.9055
1,-3.91901
1,-3.91901
1,-3.91901
1,41.0404
1,-3.91901
1,-3.91901
1,41.3771
1,-3.91901
1,41.3435
1,-3.91901
1,-3.91901
1,-3.91901
1,41.5116
1,-3.91901
1,-3.91901
1,-3.91901
1,-3.91901
1,-3.91901
1,-3.91901
1,41.7469
1,-3.91901
1,41.6125
1,41.7469
1,-3.91901
1,-3.91901
1,41.6797
1,-3.91901
1,-3.91901
1,41.6125
1,41.5789
1,-3.91901
1,-3.91901
1,-3.91901
1,-3.91901
1,-3.91901
1,41.9818
1,-3.91901
1,-3.91901
1,41.8476
1,-3.91901
1,-3.91901
1,-3.91901
1,-3.91901
1,-3.91901
1,42.0489
1,-3.91901
1,41.9818
1,-3.91901
1,41.9818
1,-3.91901
1,-3.91901
1,-3.91901
1,42.4509
1,-3.91901
1,42.5178
1,-3.91901
1,-3.91901
1,42.317
1,-3.91901
1,42.384
1,42.5178
1,-3.91901
1,-3.91901
1,-3.91901
1,42.2835
1,-3.91901
1,42.384
1,-3.91901
1,42.317
1,-3.91901
1,42.116
1,-3.91901
1,42.116
1,42.183
1,-3.91901
1,-3.91901
1,42.4509
1,-3.91901
1,42.384
1,-3.91901
1,42.4509
1,42.25
1,-3.91901
1,-3.91901
1,42.25
1,-3.91901
1,42.0824
1,-3.91901
1,-3.91901
1,-3.91901
1,-3.91901
1,-3.91901
1,-3.91901
1,-3.91901
1,41.7805
1,-3.91901
1,41.7469
1,-3.91901
1,-3.91901
1,-3.91901
1,41.6125
1,41.5116
1,41.4444
1,41.5116
1,-3.91901
1,-3.91901
1,39.3483
1,-3.91901
1,-3.91901
1,-3.91901
1,37.8134
1,37.8819
1,-3.91901
1,-3.91901
1,-3.91901
1,36.4396
1,-3.91901
1,-3.91901
1,-3.91901
1,-3.91901
1,-3.91901
1,-3.91901
1,-3.91901
1,-3.91901
1,-3.91901
1,-3.91901
1,-3.91901
1,-3.91901
1,-3.91901
1,-3.91901
1,-3.91901
1,-3.91901
1,-3.91901
1,-3.91901
1,-3.91901
1,-3.91901
1,-3.91901
1,-3.91901
1,-3.91901
1,-3.91901
1,-3.91901
1,-3.91901
1,-3.91901
1,-3.91901
1,-3.91901
1,-3.91901
1,-3.91901
1,-3.91901
1,-3.91901
1,-3.91901
1,-3.91901
1,-3.91901
1,-3.91901
1,-3.91901
1,-3.91901
1,-3.91901
1,-3.91901
1,-3.91901
1,-3.91901
1,-3.91901
1,-3.91901
1,-3.91901
1,-3.91901
1,-3.91901
1,-3.91901
1,-3.91901
1,-3.91901
1,-3.91901
1,-3.91901
1,-3.91901
1,-3.91901
1,-3.91901
1,-3.91901
1,-3.91901
1,-3.91901
1,-3.91901
1,-3.91901
1,-3.91901
1,-3.91901
1,-3.91901
1,-3.91901
1,-3.91901
1,-3.91901
1,-3.91901
1,-3.91901
1,-3.91901
1,-3.91901
1,-3.91901
1,-3.91901
1,-3.91901
1,-3.91901
1,-3.91901
1,-3.91901
1,-3.91901
1,-3.91901
1,-3.91901
1,-3.91901
1,-3.91901
1,-3.91901
1,-3.91901
1,-3.91901
1,-3.91901
1,-3.91901
1,-3.91901
1,-3.91901
1,-3.91901
1,-3.91901
1,-3.91901
1,-3.91901
1,-3.91901
1,-3.91901
1,-3.91901
1,-3.91901
1,-3.91901
1,-3.91901
1,-3.91901
1,-3.91901
1,-3.91901
1,-3.91901
1,-4.0
1,-4.0
1,-3.91901
1,-3.91901
1,-3.91901
1,-4.0
1,-4.0
1,-4.0
1,-4.0
1,-4.0
1,-4.0
1,-4.0
1,-4.0
1,-4.0
1,-4.0
1,-4.0
1,-4.0
1,-4.0
1,-4.0
1,-4.0
1,-4.0
1,-4.0
1,-4.0
1,-4.0
1,-4.0
1,-4.0
1,-4.0
1,-4.0
1,-4.0
1,-4.0
1,-4.0
1,-4.0
1,-4.0
1,-4.0
1,-4.0
1,-4.0
1,-4.0
1,-4.0
1,-4.0
1,-4.0
1,-4.0
1,-4.0
1,-4.0
1,-4.0
1,-4.0
1,-4.0
1,-4.0
1,-4.0
1,-4.0
1,-4.0
1,-4.0
1,-4.0
1,-4.0
1,-4.0
1,-4.0
1,-4.0
1,-4.0
1,-4.0
1,-4.0
1,-4.0
1,-4.0
1,-4.0
1,-4.0
1,-4.0
1,-4.0
1,-4.0
1,-4.0
1,-4.0
1,-4.0
1,-4.0
1,-4.0
1,-4.0
1,-4.0
1,-4.0
1,-4.0
1,-4.0
1,-4.0
1,-4.0
1,-4.0
1,-4.0
1,-4.0
1,-4.0
1,-3.91901
1,-3.91901
1,-3.91901
1,-3.91901
1,-3.91901
1,-3.91901
1,-3.91901
1,-3.91901
1,-3.91901
1,-3.91901
1,-3.91901
1,-3.91901
1,-3.91901
1,-3.91901
1,-3.91901
1,-3.91901
1,-3.91901
1,-3.91901
1,-3.91901
1,-3.91901
1,-3.91901
1,-3.91901
1,-3.91901
1,-3.91901
1,-3.91901
1,-3.91901
1,-3.91901
1,-3.91901
1,-3.91901
1,-3.91901
1,-3.91901
1,-3.91901
1,-3.91901
1,-3.91901
1,-3.91901
1,-3.91901
1,-3.91901
1,-3.91901
1,-3.91901
1,-3.91901
1,-3.91901
1,-3.91901
1,-3.91901
1,-3.91901
1,-3.91901
1,-3.91901
1,-3.91901
1,-3.91901
1,-3.91901
1,-3.91901
1,-3.91901
1,-3.91901
1,-3.91901
1,-3.91901
1,-3.91901
1,-3.91901
1,-3.91901
1,-3.91901
1,-3.91901
1,-3.91901
1,-3.91901
1,-3.91901
1,-3.91901
1,-3.91901
1,-3.91901
1,-3.91901
1,-3.91901
1,-3.91901
1,-3.91901
1,-3.91901
1,-3.91901
1,-3.91901
1,-3.91901
1,-3.91901
1,-3.91901
1,-3.91901
1,-3.91901
1,-3.91901
1,-3.91901
1,-3.91901
1,-3.91901
1,-3.91901
1,-4.0
1,-3.91901
1,-4.0
1,-4.0
1,-4.0
1,-4.0
1,-4.0
1,-4.0
1,-4.0
1,-4.0
1,-4.0
1,-4.0
1,-4.0
1,-4.0
1,-4.0
1,-4.0
1,-4.0
1,-4.0
1,-4.0
1,-4.0
1,-4.0
1,-4.0
1,-4.0
1,-4.0
1,-4.0
1,-4.0
1,-4.0
1,-4.0
1,-4.0
1,-4.0
1,-4.0
1,-4.0
1,-4.0
1,-4.0
1,-4.0
1,-4.0
1,-4.0
1,-4.0
1,-4.0
1,-4.0
1,-4.0
1,-4.0
1,-4.0
1,-4.0
1,-4.0
1,-4.0
1,-4.0
1,-4.0
1,-4.0
1,-4.0
1,-4.0
1,-4.0
1,-4.0
1,-4.0
1,-4.0
1,-4.0
1,-4.0
1,-4.0
1,-4.0
1,-4.0
1,-4.0
1,-4.0
1,-4.0
1,-4.0
1,-4.0
1,-4.0
1,-4.0
1,-4.0
1,-4.0
1,-4.0
1,-4.0
1,-4.0
1,-4.0
1,-4.0
1,-4.0
1,-4.0
1,-4.0
1,-4.0
1,-4.0
1,-4.0
1,-4.0
1,-4.0
1,-4.0
1,-4.0
1,-4.0
1,-4.0
1,-4.0
1,-4.0
1,-4.0
1,-4.0
1,-4.0
1,-4.0
1,-4.0
1,-4.0
1,-4.0
1,-4.0
1,-4.0
1,-4.0
1,-4.0
1,-4.0
1,-4.0
1,-4.0
1,-4.0
1,-4.0
1,-4.0
1,-4.0
1,-4.0
1,-4.0
1,-4.0
1,-4.0
1,-4.0
1,-4.0
1,-4.0
1,-4.0
1,-4.0
1,-4.0
1,-4.0
1,-4.0
1,-4.0
1,-4.0
1,-4.0
1,-4.0
1,-4.0
1,-4.0
1,-4.0
1,-4.0
1,-4.0
1,-4.0
1,-4.0
1,-4.0
1,-4.0
1,-4.0
1,-4.0
1,-4.0
1,-4.0
1,-4.0
1,-4.0
1,-4.0
1,-4.0
1,-4.0
1,-4.0
1,-4.0
1,-4.0
1,-4.0
1,-4.0
1,-4.0
1,-4.0
1,-4.0
1,-4.0
1,-4.0
1,-4.0
1,-4.0
1,-4.0
1,-4.0
1,-4.0
1,-3.91901
1,-3.91901
1,-4.0
1,-3.91901
1,-3.91901
1,-3.91901
1,-3.91901
1,-3.91901
1,-3.91901
1,-3.91901
1,-3.91901
1,-3.91901
1,-3.91901
1,-3.91901
1,-3.91901
1,-3.91901
1,-3.91901
1,-3.91901
1,-3.91901
1,-3.91901
1,-3.91901
1,-3.91901
1,-3.91901
1,-3.91901
1,-3.91901
1,-3.91901
1,-3.91901
1,-3.91901
1,-3.91901
1,-3.91901
1,-3.91901
1,-3.91901
1,-3.91901
1,-3.91901
1,-3.91901
1,-3.91901
1,-3.91901
1,-3.91901
1,-3.91901
1,-4.0
1,-3.91901
1,-4.0
1,-3.91901
1,-3.91901
1,-4.0
1,-4.0
1,-4.0
1,-4.0
1,-4.0
1,-3.91901
1,-4.0
1,-4.0
1,-3.91901
1,-4.0
1,-4.0
1,-4.0
1,-3.91901
1,-3.91901
1,-4.0
1,-4.0
1,-3.91901
1,-4.0
1,-4.0
1,-4.0
1,-4.0
1,-3.91901
1,-3.91901
1,-4.0
1,-4.0
1,-3.91901
1,-3.91901
1,-4.0
1,-3.91901
1,-3.91901
1,-4.0
1,-3.91901
1,-3.91901
1,-3.91901
1,-4.0
1,-3.91901
1,-3.91901
1,-3.91901
1,-3.91901
1,-3.91901
1,-4.0
1,-3.91901
1,-3.91901
1,-3.91901
1,-3.91901
1,-4.0
1,-3.91901
1,-4.0
1,-4.0
1,-3.91901
1,-4.0
1,-3.91901
1,-4.0
1,-3.91901
1,-4.0
1,-3.91901
1,-4.0
1,-4.0
1,-4.0
1,-4.0
1,-4.0
1,-4.0
1,-4.0
1,-4.0
1,-4.0
1,-4.0
1,-4.0
1,-4.0
1,-4.0
1,-4.0
1,-4.0
1,-4.0
1,-4.0
1,-4.0
1,-4.0
1,-4.0
1,-4.0
1,-4.0
1,-4.0
1,-4.0
1,-4.0
1,-4.0
1,-4.0
1,-4.0
1,-4.0
1,-4.0
1,-4.0
1,-4.0
1,-4.0
1,-4.0
1,-3.91901
1,-4.0
1,-4.0
1,-4.0
1,-4.0
1,-3.91901
1,-3.91901
1,-3.91901
1,-3.91901
1,-4.0
1,-4.0
1,-4.0
1,-4.0
1,-4.0
1,-4.0
1,-4.0
1,-4.0
1,-4.0
1,-4.0
1,-4.0
1,-4.0
1,-4.0
1,-4.0
1,-4.0
1,-4.0
1,-4.0
1,-4.0
1,-4.0
1,-4.0
1,-4.0
1,-4.0
1,-4.0
1,-4.0
1,-4.0
1,-4.0
1,-4.0
1,-4.0
1,-4.0
1,-4.0
1,-4.0
1,-4.0
1,-4.0
1,-4.0
1,-4.0
1,-4.0
1,-4.0
1,-4.0
1,-4.0
1,-4.0
1,-4.0
1,-4.0
1,-4.0
1,-4.0
1,-4.0
1,-4.0
1,-3.91901
1,-3.91901
1,-4.0
1,-4.0
1,-4.0
1,-4.0
1,-4.0
1,-4.0
1,-4.0
1,-4.0
1,-4.0
1,-4.0
1,-4.0
1,-3.91901
1,-4.0
1,-3.91901
1,-4.0
1,-4.0
1,-3.91901
1,-3.91901
1,-3.91901
1,-4.0
1,-3.91901
1,-3.91901
1,-3.91901
1,-3.91901
1,-3.91901
1,-3.91901
1,-3.91901
1,-3.91901
1,-3.91901
1,-3.91901
1,-3.91901
1,-3.91901
1,-3.91901
1,-3.91901
1,-3.91901
1,-3.91901
1,-3.91901
1,-3.91901
1,-3.91901
1,-3.91901
1,-3.91901
1,-3.91901
1,-3.91901
1,-3.91901
1,-3.91901
1,-3.91901
1,-3.91901
1,-3.91901
1,-3.91901
1,-3.91901
1,-3.91901
1,-3.91901
1,-3.91901
1,-3.91901
1,-3.91901
1,-3.91901
1,-3.91901
1,-3.91901
1,-3.91901
1,-3.91901
1,-3.91901
1,-3.91901
1,-3.91901
1,-3.91901
1,-3.91901
1,-3.91901
1,-3.91901
1,-3.91901
1,-3.91901
1,-3.91901
1,-3.91901
1,-3.91901
1,-3.91901
1,-3.91901
1,-3.91901
1,-3.91901
1,-3.91901
1,-3.91901
1,-3.91901
1,-3.91901
1,-3.91901
1,-3.91901
1,-3.91901
1,-3.91901
1,-3.91901
1,-3.91901
1,-3.91901
1,-3.91901
1,-3.91901
1,-3.91901
1,-3.91901
1,-3.91901
1,-3.91901
1,-3.91901
1,-3.91901
1,-3.91901
1,-3.91901
1,-3.91901
1,-3.91901
1,-3.91901
1,-3.91901
1,-3.91901
1,-3.91901
1,-3.91901
1,-3.91901
1,-3.91901
1,-3.91901
1,-3.91901
1,-3.91901
1,-3.91901
1,-3.91901
1,-3.91901
1,-3.91901
1,-3.91901
1,-3.91901
1,-3.91901
1,-3.91901
1,-3.91901
1,-3.91901
1,-3.91901
1,-3.91901
1,-3.91901
1,-3.91901
1,-3.91901
1,-3.91901
1,-3.91901
1,-3.91901
1,-3.91901
1,-3.91901
1,-3.91901
1,-3.91901
1,-3.91901
1,-3.91901
1,-3.91901
1,-3.91901
1,-3.91901
1,-3.91901
1,-3.91901
1,-3.91901
1,-3.91901
1,-3.91901
1,-3.91901
1,-3.91901
1,-3.91901
1,-3.91901
1,-3.91901
1,-3.91901
1,-3.91901
1,-3.91901
1,-3.91901
1,-3.91901
1,-3.91901
1,-3.91901
1,-3.91901
1,-3.91901
1,-3.91901
1,-3.91901
1,-3.91901
1,-3.91901
1,-3.91901
1,-3.91901
1,-3.91901
1,-3.91901
1,-3.91901
1,-3.91901
1,-3.91901
1,-3.91901
1,-3.91901
1,-3.91901
1,-3.91901
1,-3.91901
1,-3.91901
1,-3.91901
1,-3.91901
1,-3.91901
1,-3.91901
1,-3.91901
1,-3.91901
1,-3.91901
1,-3.91901
1,-3.91901
1,-3.91901
1,-3.91901
1,-3.91901
1,-3.91901
1,-3.91901
1,-3.91901
1,-3.91901
1,-3.91901
1,-3.91901
1,-3.91901
1,-3.91901
1,-3.91901
1,-3.91901
1,-3.91901
1,-3.91901
1,-3.91901
1,-3.91901
1,-3.91901
1,-3.91901
1,-3.91901
1,-3.91901
1,-3.91901
1,-3.91901
1,-3.91901
1,-3.91901
1,-3.91901
1,-3.91901
1,-3.91901
1,-3.91901
1,-3.91901
1,-3.91901
1,-3.91901
1,-3.91901
1,-3.91901
1,-3.91901
1,-3.91901
1,-3.91901
1,-3.91901
1,-3.91901
1,-3.91901
1,-3.91901
1,-3.91901
1,-3.91901
1,-3.91901
1,-3.91901
1,-3.91901
1,-3.91901
1,-3.91901
1,-3.91901
1,-3.91901
1,-3.91901
1,-3.91901
1,-3.91901
1,-3.91901
1,-3.91901
1,-3.91901
1,-3.91901
1,-3.91901
1,-3.91901
1,-3.91901
1,-3.91901
1,-3.91901
1,-3.91901
1,-3.91901
1,-3.91901
1,-3.91901
1,-3.91901
1,-3.91901
1,-3.91901
1,-3.91901
1,-3.91901
1,-3.91901
1,-3.91901
1,-3.91901
1,-3.91901
1,-3.91901
1,-3.91901
1,-3.91901
1,-3.91901
1,-3.91901
1,-3.91901
1,-3.91901
1,-3.91901
1,-3.91901
1,-3.91901
1,-3.91901
1,-3.91901
1,-3.91901
1,-3.91901
1,-3.91901
1,-3.91901
1,-3.91901
1,-3.91901
1,-3.91901
1,-3.91901
1,-3.91901
1,-3.91901
1,-3.91901
1,-3.91901
1,-3.91901
1,-3.91901
1,-3.91901
1,-3.91901
1,-3.91901
1,-3.91901
1,-3.91901
1,-3.91901
1,-3.91901
1,-3.91901
1,-3.91901
1,-3.91901
1,-3.91901
1,-3.91901
1,-3.91901
1,-3.91901
1,-3.91901
1,-3.91901
1,-3.91901
1,-3.91901
1,-3.91901
1,-3.91901
1,-3.91901
1,-3.91901
1,-3.91901
1,-3.91901
1,-3.91901
1,-3.91901
1,-3.91901
1,-3.91901
1,-3.91901
1,-3.91901
1,-3.91901
1,-3.91901
1,-3.91901
1,-3.91901
1,-3.91901
1,-3.91901
1,-3.91901
1,-3.91901
1,-3.91901
1,-3.91901
1,-3.91901
1,-3.91901
1,-3.91901
1,-3.91901
1,-3.91901
1,-3.91901
1,-3.91901
1,-3.91901
1,-3.91901
1,-3.91901
1,-3.91901
1,-3.91901
1,-3.91901
1,-3.91901
1,-3.91901
1,-3.91901
1,-3.91901
1,-3.91901
1,-3.91901
1,-3.91901
1,-3.91901
1,-3.91901
1,-3.91901
1,-3.91901
1,-3.91901
1,-3.91901
1,-3.91901
1,-3.91901
1,-3.91901
1,-3.91901
1,-3.91901
1,-3.91901
1,-3.91901
1,-3.91901
1,-3.91901
1,-3.91901
1,-3.91901
1,-3.91901
1,-3.91901
1,-3.91901
1,-3.91901
1,-3.91901
1,-3.91901
1,-3.91901
1,-3.91901
1,-3.91901
1,-3.91901
1,-3.91901
1,-3.91901
1,-3.91901
1,-3.91901
1,-3.91901
1,-3.91901
1,-3.91901
1,-3.91901
1,-3.91901
1,-3.91901
1,-3.91901
1,-3.91901
1,-3.91901
1,-3.91901
1,-3.91901
1,-3.91901
1,-3.91901
1,-3.91901
1,-3.91901
1,-3.91901
1,-3.91901
1,-3.91901
1,-3.91901
1,-3.91901
1,-3.91901
1,-3.91901
1,-3.91901
1,-3.91901
1,-3.91901
1,-3.91901
1,-3.91901
1,-3.91901
1,-3.91901
1,-3.91901
1,-3.91901
1,-3.91901
1,-3.91901
1,-3.91901
1,-3.91901
1,-3.91901
1,-3.91901
1,-3.91901
1,-3.91901
1,-3.91901
1,-3.91901
1,-3.91901
1,-3.91901
1,-3.91901
1,-3.91901
1,-3.91901
1,-3.91901
1,-3.91901
1,-3.91901
1,-3.91901
1,-3.91901
1,-3.91901
1,-3.91901
1,-3.91901
1,-3.91901
1,-3.91901
1,-3.91901
1,-3.91901
1,-3.91901
1,-3.91901
1,-3.91901
1,-3.91901
1,-3.91901
1,-3.91901
1,-3.91901
1,-3.91901
1,-3.91901
1,-3.91901
1,-3.91901
1,-3.91901
1,-3.91901
1,-3.91901
1,-3.91901
1,-3.91901
1,-3.91901
1,-3.91901
1,-3.91901
1,-3.91901
1,-3.91901
1,-3.91901
1,-3.91901
1,-3.91901
1,-3.91901
1,-3.91901
1,-3.91901
1,-3.91901
1,-3.91901
1,-3.91901
1,-3.91901
1,-3.91901
1,-3.91901
1,-3.91901
1,-3.91901
1,34.2577
1,-3.91901
1,-3.91901
1,-3.91901
1,-3.91901
1,-3.91901
1,-3.91901
1,-3.91901
1,-3.91901
1,-3.91901
1,-3.91901
1,34.6403
1,-3.91901
1,34.5708
1,-3.91901
1,34.3969
1,34.536
1,34.536
1,34.536
1,34.536
1,-3.91901
1,34.536
1,34.6055
1,34.536
1,-3.91901
1,-3.91901
1,-3.91901
1,34.3969
1,34.4317
1,-3.91901
1,-3.91901
1,34.536
1,34.536
1,34.536
1,34.4664
1,-3.91901
1,-3.91901
1,34.536
1,-3.91901
1,-3.91901
1,34.2229
1,-3.91901
1,-3.91901
1,34.2577
1,-3.91901
1,-3.91901
1,-3.91901
1,34.188
1,34.188
1,34.2229
1,-3.91901
1,-3.91901
1,34.2577
1,34.2229
1,-3.91901
1,-3.91901
1,34.0836
1,34.0139
1,34.1184
1,-3.91901
1,34.1184
1,-3.91901
1,-3.91901
1,-3.91901
1,34.188
1,34.0836
1,-3.91901
1,-3.91901
1,33.9442
1,-3.91901
1,-3.91901
1,-3.91901
1,-3.91901
1,33.7698
1,-3.91901
1,33.7349
1,-3.91901
1,-3.91901
1,-3.91901
1,33.7698
1,-3.91901
1,33.5604
1,-3.91901
1,33.6651
1,33.6302
1,33.5953
1,-3.91901
1,-3.91901
1,-3.91901
1,-3.91901
1,-3.91901
1,33.7349
1,33.7698
1,-3.91901
1,33.6302
1,-3.91901
1,33.4206
1,33.4905
1,33.4206
1,-3.91901
1,33.4905
1,-3.91901
1,-3.91901
1,-3.91901
1,33.5254
1,33.4206
1,-3.91901
1,33.4206
1,33.2458
1,33.3158
1,-3.91901
1,33.7698
1,-3.91901
1,-3.91901
1,-3.91901
1,-3.91901
1,-3.91901
1,-3.91901
1,33.3158
1,-3.91901
1,33.2808
1,-3.91901
1,-3.91901
1,-3.91901
1,33.2108
1,-3.91901
1,33.1409
1,33.2108
1,33.2808
1,33.2458
1,33.2108
1,33.2108
1,-3.91901
1,33.5604
1,33.6302
1,-3.91901
1,-3.91901
1,33.7
1,33.5604
1,-3.91901
1,33.4905
1,-3.91901
1,33.6302
1,33.5604
1,-3.91901
1,33.6302
1,-3.91901
1,33.1409
1,33.2108
1,-3.91901
1,-3.91901
1,-3.91901
1,-3.91901
1,33.4206
1,-3.91901
1,-3.91901
1,33.8047
1,-3.91901
1,-3.91901
1,33.7
1,-3.91901
1,-3.91901
1,33.2108
1,33.2108
1,33.2808
1,-3.91901
1,-3.91901
1,-3.91901
1,-3.91901
1,33.2808
1,-3.91901
1,-3.91901
1,33.4206
1,-3.91901
1,33.4905
1,33.5604
1,-3.91901
1,33.4905
1,33.4556
1,-3.91901
1,-3.91901
1,33.3857
1,-3.91901
1,33.4556
1,-3.91901
1,33.4905
1,-3.91901
1,33.3857
1,33.3507
1,-3.91901
1,-3.91901
1,33.2108
1,33.3507
1,-3.91901
1,33.5604
1,-3.91901
1,33.4905
1,33.3507
1,-3.91901
1,-3.91901
1,33.4905
1,-3.91901
1,33.4905
1,33.5604
1,33.4206
1,33.4206
1,-3.91901
1,33.2808
1,33.2808
1,33.3158
1,33.7
1,33.6302
1,33.6302
1,33.6302
1,33.5604
1,33.5953
1,33.6302
1,-3.91901
1,33.6302
1,33.4905
1,33.4905
1,33.6302
1,33.7
1,-3.91901
1,-3.91901
1,33.7349
1,33.8047
1,33.8396
1,33.8396
1,-3.91901
1,33.7
1,33.7698
1,33.7698
1,-3.91901
1,33.8396
1,33.8396
1,33.8744
1,-3.91901
1,33.7698
1,33.8396
1,33.8396
1,33.8047
1,33.8396
1,33.9442
1,33.9093
1,33.9442
1,34.0487
1,34.188
1,34.1184
1,34.188
1,34.2925
1,34.188
1,34.1532
1,34.188
1,34.1184
1,34.188
1,34.1532
1,-3.91901
1,-3.91901
1,34.3273
1,-3.91901
1,34.2577
1,34.2577
1,34.3273
1,34.3273
1,34.2577
1,34.188
1,34.3273
1,34.2925
1,34.3273
1,34.3273
1,34.2925
1,-3.91901
1,34.3969
1,34.3969
1,34.3273
1,34.3621
1,34.3969
1,-3.91901
1,-3.91901
1,-3.91901
1,34.3273
1,34.3969
1,34.3969
1,34.2925
1,34.3621
1,-3.91901
1,34.4664
1,34.536
1,34.4317
1,34.4664
1,34.536
1,34.536
1,34.536
1,34.536
1,34.536
1,34.536
1,34.536
1,-3.91901
1,34.5012
1,34.4664
1,34.3273
1,34.3273
1,-3.91901
1,34.3273
1,-3.91901
1,34.2925
1,34.3621
1,34.3273
1,34.3273
1,34.3273
1,34.2925
1,34.3273
1,34.4664
1,34.3621
1,-3.91901
1,34.4317
1,34.536
1,34.536
1,34.675
1,-3.91901
1,34.7445
1,-3.91901
1,34.7445
1,34.7792
1,-3.91901
1,-3.91901
1,-3.91901
1,34.6055
1,34.536
1,34.536
1,34.536
1,34.536
1,34.536
1,34.6403
1,34.6055
1,34.6403
1,34.536
1,34.536
1,34.536
1,34.536
1,34.7097
1,34.7097
1,34.7445
1,34.7445
1,34.8834
1,-3.91901
1,34.8487
1,34.8834
1,34.9528
1,34.8834
1,34.8487
1,34.7445
1,34.675
1,34.675
1,34.6403
1,34.675
1,34.7445
1,34.8834
1,34.9528
1,34.9528
1,34.8139
1,34.8139
1,34.7445
1,-3.91901
1,35.0222
1,35.1262
1,35.1262
1,35.0222
1,35.0222
1,34.9181
1,-3.91901
1,34.9528
1,-3.91901
1,34.8834
1,-3.91901
1,-3.91901
1,-3.91901
1,35.0915
1,35.0915
1,35.0915
1,-3.91901
1,35.0915
1,35.1262
1,35.2302
1,35.2302
1,35.3341
1,-3.91901
1,35.3687
1,35.2302
1,35.3687
1,-3.91901
1,35.3687
1,35.438
1,35.2995
1,35.2302
1,-3.91901
1,35.2302
1,35.2648
1,35.2995
1,-3.91901
1,35.2648
1,35.3687
1,35.3341
1,35.2995
1,-3.91901
1,35.611
1,-3.91901
1,35.6456
1,35.5764
1,35.5764
1,35.5418
1,35.4034
1,-3.91901
1,35.4034
1,35.4726
1,35.5072
1,35.5764
1,35.7148
1,-3.91901
1,35.853
1,35.7839
1,35.853
1,-3.91901
1,35.853
1,35.853
1,35.8876
1,-3.91901
1,35.853
1,35.9221
1,35.9912
1,35.9912
1,35.9221
1,35.9221
1,35.9221
1,35.9912
1,35.853
1,-3.91901
1,35.8876
1,-3.91901
1,35.853
1,-3.91901
1,35.8185
1,35.7839
1,35.7148
1,35.6456
1,35.5764
1,35.5764
1,35.6456
1,35.6456
1,-3.91901
1,35.611
1,35.5764
1,35.5764
1,35.6456
1,-3.91901
1,-3.91901
1,35.6456
1,35.7148
1,35.5764
1,-3.91901
1,35.6456
1,35.6456
1,35.6456
1,-3.91901
1,-3.91901
1,35.7148
1,35.7148
1,-3.91901
1,35.6802
1,35.7148
1,35.7148
1,35.7494
1,35.7148
1,-3.91901
1,35.7839
1,35.7148
1,35.7148
1,35.7839
1,35.7494
1,35.7494
1,-3.91901
1,35.6802
1,35.6802
1,35.7148
1,-3.91901
1,35.7839
1,-3.91901
1,35.853
1,-3.91901
1,35.853
1,35.8185
1,-3.91901
1,35.853
1,35.8876
1,35.853
1,35.9221
1,35.9221
1,35.9912
1,35.9567
1,35.9912
1,-3.91901
1,35.9912
1,-3.91901
1,35.9912
1,35.9221
1,-3.91901
1,35.9912
1,-3.91901
1,36.0257
1,35.9912
1,36.0603
1,-3.91901
1,36.0257
1,35.9912
1,35.9221
1,35.9567
1,35.9221
1,-3.91901
1,-3.91901
1,35.853
1,35.7839
1,-3.91901
1,-3.91901
1,35.7148
1,-3.91901
1,35.6802
1,35.6456
1,35.6456
1,-3.91901
1,-3.91901
1,35.611
1,-3.91901
1,-3.91901
1,35.6456
1,-3.91901
1,35.6456
1,-3.91901
1,-3.91901
1,-3.91901
1,35.6456
1,35.6456
1,-3.91901
1,35.5764
1,35.5418
1,35.5072
1,35.438
1,-3.91901
1,35.5418
1,35.7148
1,-3.91901
1,35.5764
1,35.5764
1,35.5764
1,35.5764
1,35.5764
1,35.6456
1,35.6456
1,35.5764
1,35.5764
1,35.5072
1,-3.91901
1,-3.91901
1,35.5418
1,35.438
1,-3.91901
1,35.4034
1,35.4726
1,35.5072
1,-3.91901
1,35.4726
1,35.4726
1,35.4726
1,35.5072
1,35.5072
1,35.3687
1,35.438
1,35.438
1,35.438
1,35.4034
1,35.4034
1,-3.91901
1,35.5418
1,35.438
1,35.4034
1,-3.91901
1,35.5072
1,35.5072
1,-3.91901
1,-3.91901
1,-3.91901
1,-3.91901
1,35.5764
1,-3.91901
1,-3.91901
1,-3.91901
1,35.5764
1,35.5764
1,35.5764
1,35.5072
1,35.5418
1,35.5764
1,-3.91901
1,35.7148
1,35.5764
1,35.5418
1,35.5764
1,-3.91901
1,35.6802
1,-3.91901
1,35.7148
1,35.7148
1,-3.91901
1,-3.91901
1,-3.91901
1,35.7839
1,35.7494
1,35.853
1,35.9912
1,-3.91901
1,35.9912
1,-3.91901
1,-3.91901
1,35.9912
1,36.0257
1,-3.91901
1,36.1293
1,36.0603
1,36.0603
1,-3.91901
1,36.1638
1,-3.91901
1,36.1983
1,-3.91901
1,36.1293
1,36.1638
1,36.1638
1,36.1983
1,36.1983
1,36.1983
1,36.2328
1,36.1983
1,36.2328
1,-3.91901
1,36.2673
1,-3.91901
1,36.4052
1,-3.91901
1,-3.91901
1,36.1293
1,-3.91901
1,35.8876
1,35.8185
1,35.7148
1,35.6802
1,35.5764
1,-3.91901
1,35.9912
1,-3.91901
1,-3.91901
1,-3.91901
1,35.611
1,35.7148
1,35.6802
1,35.7148
1,35.5764
1,35.5418
1,-3.91901
1,35.2995
1,35.2302
1,35.2302
1,-3.91901
1,35.0568
1,-3.91901
1,34.9528
1,-3.91901
1,34.8834
1,34.8139
1,-3.91901
1,34.7097
1,-3.91901
1,34.7445
1,34.7445
1,34.7097
1,-3.91901
1,-3.91901
1,-3.91901
1,34.675
1,34.7445
1,34.7445
1,34.7792
1,34.675
1,34.6403
1,34.536
1,34.536
1,34.5708
1,34.536
1,34.536
1,34.6055
1,34.536
1,34.5708
1,34.536
1,34.536
1,34.6055
1,34.536
1,34.536
1,34.536
1,34.5012
1,-3.91901
1,34.5012
1,-3.91901
1,34.536
1,34.536
1,34.536
1,34.536
1,-3.91901
1,34.536
1,34.536
1,34.536
1,34.3621
1,34.536
1,34.3969
1,34.4664
1,34.536
1,-3.91901
1,34.675
1,35.6456
1,-3.91901
1,35.5072
1,35.3687
1,35.7494
1,35.0915
1,34.6055
1,34.536
1,34.536
1,34.536
1,34.536
1,34.536
1,34.536
1,34.536
1,34.536
1,34.536
1,34.536
1,34.536
1,-3.91901
1,34.536
1,34.536
1,-3.91901
1,34.5708
1,34.675
1,34.7445
1,34.7445
1,-3.91901
1,34.675
1,34.6055
1,34.6403
1,34.675
1,34.6055
1,34.536
1,34.5708
1,34.536
1,34.536
1,34.675
1,34.536
1,34.536
1,34.536
1,34.536
1,34.536
1,34.536
1,34.536
1,34.536
1,34.536
1,34.536
1,34.536
1,-3.91901
1,-3.91901
1,34.536
1,-3.91901
1,34.536
1,34.536
1,34.536
1,34.536
1,-3.91901
1,34.8139
1,34.6055
1,34.536
1,34.7445
1,34.675
1,-3.91901
1,-3.91901
1,34.6403
1,34.675
1,34.6403
1,-3.91901
1,34.6403
1,-3.91901
1,-3.91901
1,-3.91901
1,-3.91901
1,34.675
1,-3.91901
1,-3.91901
1,-3.91901
1,-3.91901
1,34.8487
1,-3.91901
1,-3.91901
1,-3.91901
1,34.8139
1,34.6055
1,34.675
1,-3.91901
1,-3.91901
1,34.6403
1,34.536
1,34.6403
1,34.675
1,34.536
1,-3.91901
1,-3.91901
1,34.675
1,34.7445
1,34.7445
1,34.536
1,34.536
1,34.536
1,34.536
1,34.536
1,34.675
1,34.6403
1,34.675
1,-3.91901
1,34.7097
1,34.7445
1,34.675
1,34.675
1,34.8487
1,34.7445
1,34.6055
1,34.4664
1,34.6403
1,34.675
1,-3.91901
1,-3.91901
1,34.6055
1,34.6055
1,34.536
1,34.5708
1,-3.91901
1,34.536
1,34.8487
1,34.8139
1,34.7097
1,34.8487
1,34.536
1,-3.91901
1,34.6055
1,34.536
1,34.675
1,34.675
1,-3.91901
1,34.8834
1,34.7445
1,-3.91901
1,34.675
1,-3.91901
1,34.536
1,34.2925
1,34.536
1,34.6055
1,-3.91901
1,34.4317
1,-3.91901
1,-3.91901
1,34.3969
1,34.3969
1,-3.91901
1,34.3969
1,34.3621
1,34.3969
1,34.6403
1,34.675
1,34.6055
1,34.6055
1,-3.91901
1,-3.91901
1,34.536
1,34.4664
1,34.6403
1,34.4664
1,34.2577
1,-3.91901
1,34.675
1,-3.91901
1,-3.91901
1,34.3621
1,34.2577
1,-3.91901
1,34.3273
1,-3.91901
1,34.3273
1,34.2577
1,-3.91901
1,34.2577
1,34.2925
1,34.3621
1,34.3969
1,-3.91901
1,-3.91901
1,34.4317
1,34.4664
1,-3.91901
1,34.3273
1,-3.91901
1,34.3273
1,34.188
1,34.3621
1,34.536
1,34.536
1,-3.91901
1,34.2577
1,34.536
1,34.536
1,34.536
1,34.3969
1,-3.91901
1,34.2229
1,-3.91901
1,34.1532
1,34.1184
1,-3.91901
1,34.188
1,-3.91901
1,-3.91901
1,34.2577
1,-3.91901
1,34.3273
1,-3.91901
1,34.188
1,34.1184
1,34.1532
1,34.1184
1,34.1532
1,34.2577
1,34.2577
1,34.3273
1,34.3273
1,34.3969
1,-3.91901
1,34.3969
1,34.2925
1,34.1184
1,34.2925
1,-3.91901
1,34.2925
1,-3.91901
1,34.1184
1,34.4317
1,34.188
1,34.3273
1,34.1532
1,34.188
1,34.1184
1,34.1532
1,34.188
1,34.188
1,-3.91901
1,34.1184
1,34.1184
1,-3.91901
1,34.1184
1,34.1184
1,34.1184
1,34.0836
1,-3.91901
1,34.1184
1,34.188
1,34.2577
1,34.0487
1,34.0836
1,34.188
1,34.0836
1,34.188
1,34.1184
1,34.0836
1,34.1184
1,-3.91901
1,34.0836
1,-3.91901
1,34.0487
1,34.1184
1,34.188
1,-3.91901
1,34.188
1,34.1532
1,-3.91901
1,34.0487
1,34.0487
1,34.0487
1,34.1184
1,34.0487
1,33.979
1,34.0487
1,34.0487
1,-3.91901
1,34.0139
1,34.0139
1,34.1184
1,34.0487
1,34.0487
1,34.0487
1,34.0139
1,34.0487
1,33.979
1,-3.91901
1,-3.91901
1,33.9442
1,33.9093
1,33.9093
1,33.9093
1,33.979
1,33.9093
1,-3.91901
1,33.8744
1,33.9093
1,33.9093
1,33.8744
1,-3.91901
1,33.9093
1,33.9093
1,33.9093
1,33.9093
1,33.9442
1,33.9442
1,33.979
1,33.979
1,-3.91901
1,-3.91901
1,33.9442
1,33.9093
1,33.8744
1,33.9093
1,33.8744
1,33.8396
1,33.8396
1,-3.91901
1,33.8047
1,33.8396
1,33.8396
1,33.8396
1,33.7349
1,33.8396
1,33.8396
1,33.7698
1,-3.91901
1,33.7698
1,33.7
1,33.6651
1,33.6651
1,33.6651
1,33.6651
1,-3.91901
1,33.7
1,33.7
1,-3.91901
1,33.7698
1,33.7698
1,33.7698
1,33.8047
1,33.8047
1,33.8047
1,33.8047
1,-3.91901
1,33.7698
1,33.7
1,-3.91901
1,33.7
1,33.6651
1,33.5604
1,33.6302
1,-3.91901
1,33.5604
1,33.5604
1,33.5604
1,33.5953
1,-3.91901
1,33.5604
1,-3.91901
1,33.4905
1,33.4905
1,33.4905
1,-3.91901
1,33.4905
1,-3.91901
1,-3.91901
1,33.4905
1,33.4905
1,33.4905
1,33.4905
1,-3.91901
1,33.4905
1,33.4206
1,33.4905
1,33.4905
1,33.4905
1,33.4905
1,33.4905
1,33.4905
1,33.5604
1,33.5254
1,33.4905
1,33.4206
1,33.5254
1,33.4556
1,33.4556
1,33.4556
1,33.4556
1,33.4556
1,33.4905
1,33.4905
1,-3.91901
1,33.4556
1,33.3857
1,33.3857
1,33.3857
1,33.3507
1,-3.91901
1,33.3507
1,-3.91901
1,-3.91901
1,-3.91901
1,33.3507
1,33.3857
1,33.4206
1,33.3507
1,33.4206
1,33.4206
1,33.4206
1,33.4206
1,33.3507
1,33.3507
1,33.4905
1,33.4206
1,33.4206
1,33.4206
1,-3.91901
1,33.4206
1,33.3507
1,33.3857
1,33.3507
1,33.2808
1,33.2808
1,33.2808
1,33.2808
1,33.2458
1,33.2808
1,33.2808
1,33.2808
1,33.2808
1,33.2808
1,-3.91901
1,33.2808
1,33.2808
1,33.2808
1,33.3507
1,33.2808
1,33.2808
1,33.2108
1,33.2808
1,33.2108
1,33.2108
1,33.2808
1,-3.91901
1,33.2808
1,33.2808
1,33.2808
1,33.2808
1,-3.91901
1,33.2808
1,33.2108
1,33.1409
1,33.1059
1,33.1059
1,33.1409
1,33.0709
1,33.0709
1,33.1059
1,33.0009
1,33.1059
1,33.0709
1,33.0709
1,33.0709
1,33.0709
1,33.0709
1,-3.91901
1,-3.91901
1,33.1409
1,-3.91901
1,33.0709
1,33.0359
1,33.1409
1,33.0709
1,33.0709
1,33.0709
1,33.0709
1,33.1409
1,33.1409
1,33.0709
1,33.1059
1,33.0709
1,33.1409
1,33.1059
1,33.0359
1,33.1759
1,33.0359
1,-3.91901
1,33.0359
1,33.0359
1,33.0709
1,33.0709
1,33.0709
1,33.0709
1,33.1059
1,33.1409
1,33.1409
1,33.1409
1,33.2108
1,33.1409
1,33.1409
1,33.1409
1,33.0709
1,33.0709
1,33.0709
1,33.1409
1,33.0009
1,33.0009
1,33.0709
1,33.0009
1,33.0359
1,33.1059
1,33.0709
1,33.1059
1,32.9308
1,-3.91901
1,33.0359
1,33.0009
1,33.0009
1,33.0009
1,-3.91901
1,33.0009
1,33.0009
1,33.0009
1,32.9308
1,32.9308
1,32.9308
1,32.9308
1,33.0009
1,33.0009
1,32.9659
1,32.9659
1,33.0359
1,33.0009
1,32.9308
1,32.9308
1,33.0009
1,33.0009
1,33.0009
1,-3.91901
1,33.0009
1,32.9308
1,32.9308
1,33.0009
1,32.8608
1,32.9308
1,32.8958
1,33.0009
1,32.8608
1,32.9308
1,32.9308
1,32.9659
1,33.0709
1,33.0709
1,32.8608
1,32.9308
1,-3.91901
1,32.8608
1,32.8608
1,32.8257
1,32.8608
1,32.8608
1,32.8608
1,32.8257
1,32.9308
1,32.8608
1,33.0009
1,33.0009
1,33.0009
1,32.9659
1,32.9308
1,32.9308
1,32.9308
1,32.9308
1,32.9659
1,32.9308
1,33.0009
1,32.9308
1,32.9659
1,32.8958
1,32.8608
1,-3.91901
1,32.9308
1,32.8958
1,32.9308
1,32.8608
1,32.8608
1,32.8608
1,32.8608
1,-3.91901
1,32.8608
1,32.8257
1,32.8257
1,32.8608
1,32.8257
1,-3.91901
1,32.8608
1,32.8608
1,32.8958
1,32.9308
1,-3.91901
1,32.9308
1,32.9659
1,33.0009
1,32.9659
1,33.0009
1,-3.91901
1,33.0009
1,32.9308
1,33.0709
1,33.0709
1,32.9659
1,32.9308
1,-3.91901
1,32.9308
1,32.9308
1,-3.91901
1,32.9308
1,33.0009
1,32.9659
1,33.0709
1,33.1409
1,33.0009
1,-3.91901
1,32.9308
1,33.0009
1,32.9308
1,33.0009
1,32.9308
1,32.9308
1,32.9308
1,32.9308
1,32.9308
1,32.9659
1,32.9308
1,-3.91901
1,32.9308
1,32.9308
1,-3.91901
1,32.8608
1,32.8958
1,32.8608
1,-3.91901
1,32.8608
1,-3.91901
1,32.8608
1,32.9308
1,32.8608
1,-3.91901
1,32.8608
1,32.8608
1,-3.91901
1,32.9308
1,-3.91901
1,-3.91901
1,32.8958
1,32.8257
1,32.8257
1,32.8608
1,33.0009
1,33.0009
1,32.8608
1,32.8608
1,32.8608
1,-3.91901
1,32.8958
1,32.8958
1,32.9308
1,32.8958
1,32.8608
1,32.8608
1,-3.91901
1,32.8608
1,-3.91901
1,32.8257
1,32.8608
1,32.8608
1,32.8608
1,32.8257
1,32.8608
1,-3.91901
1,32.8608
1,32.9308
1,32.8608
1,32.7557
1,32.7907
1,32.7907
1,-3.91901
1,32.7907
1,32.7907
1,-3.91901
1,-3.91901
1,-3.91901
1,32.7907
1,32.7907
1,32.7907
1,-3.91901
1,-3.91901
1,32.7907
1,32.7907
1,32.7557
1,-3.91901
1,32.8257
1,32.7206
1,32.7206
1,-3.91901
1,32.7206
1,32.7206
1,32.7206
1,32.6505
1,32.6855
1,32.7907
1,-3.91901
1,32.6505
1,-3.91901
1,32.7206
1,-3.91901
1,32.7206
1,32.7557
1,32.7907
1,32.7907
1,-3.91901
1,32.7907
1,32.7206
1,32.6855
1,32.6855
1,-3.91901
1,32.6505
1,32.6505
1,32.7557
1,32.7206
1,32.7907
1,32.7907
1,32.7907
1,32.7907
1,32.7907
1,32.7206
1,32.6505
1,32.7206
1,32.7206
1,32.7206
1,32.7557
1,32.7557
1,32.8257
1,32.8608
1,-3.91901
1,32.8257
1,32.7206
1,32.6855
1,32.6505
1,32.7206
1,-3.91901
1,32.7907
1,32.7907
1,32.7557
1,-3.91901
1,32.6154
1,-3.91901
1,32.6505
1,32.7206
1,32.7206
1,-3.91901
1,32.7907
1,32.6855
1,32.6505
1,32.6505
1,32.6505
1,32.7206
1,32.7206
1,-3.91901
1,32.7557
1,-3.91901
1,32.8608
1,-3.91901
1,32.7206
1,32.7206
1,32.6505
1,-3.91901
1,32.7206
1,32.7206
1,32.7206
1,-3.91901
1,32.7907
1,32.7907
1,32.7206
1,32.7206
1,32.6855
1,32.5803
1,32.5803
1,32.5803
1,-3.91901
1,32.7206
1,32.7206
1,32.7206
1,32.6505
1,32.6505
1,32.6154
1,32.5803
1,32.5803
1,-3.91901
1,32.6505
1,32.6505
1,32.7206
1,32.7206
1,32.7206
1,32.6855
1,32.6505
1,32.5803
1,32.5803
1,32.6505
1,32.6505
1,-3.91901
1,32.7206
1,-3.91901
1,32.7206
1,32.7206
1,-3.91901
1,32.5803
1,-3.91901
1,32.5803
1,32.6505
1,32.6505
1,32.7206
1,-3.91901
1,-3.91901
1,32.6505
1,32.6855
1,-3.91901
1,32.5803
1,-3.91901
1,-3.91901
1,32.5803
1,32.5803
1,32.6505
1,32.6505
1,32.6505
1,32.7206
1,32.6855
1,32.7206
1,32.6505
1,-3.91901
1,32.5803
1,-3.91901
1,-3.91901
1,32.6505
1,32.6505
1,32.6505
1,32.6505
1,32.6855
1,32.6505
1,32.5803
1,-3.91901
1,32.5803
1,32.6505
1,32.6154
1,32.6505
1,32.6505
1,32.6855
1,32.7206
1,32.7206
1,32.6505
1,32.6505
1,32.7206
1,32.6505
1,32.6505
1,32.7206
1,32.6505
1,32.7907
1,32.7206
1,-3.91901
1,32.7206
1,32.7907
1,32.7206
1,32.6855
1,32.7206
1,32.7557
1,32.7206
1,-3.91901
1,-3.91901
1,-3.91901
1,32.7907
1,32.7557
1,32.7557
1,32.7907
1,32.7206
1,32.7206
1,32.7206
1,32.7206
1,32.7206
1,32.7907
1,32.7206
1,32.7907
1,32.8257
1,32.8608
1,32.8608
1,32.8608
1,32.8257
1,32.8608
1,32.8257
1,32.7557
1,-3.91901
1,32.8608
1,32.8608
1,32.9308
1,-3.91901
1,32.9308
1,-3.91901
1,32.9308
1,32.8608
1,-3.91901
1,32.9308
1,33.0009
1,-3.91901
1,-3.91901
1,33.0009
1,32.9308
1,32.8958
1,-3.91901
1,32.8608
1,32.9308
1,32.9308
1,32.9308
1,32.9659
1,32.9308
1,-3.91901
1,32.8958
1,32.8608
1,32.8608
1,32.9308
1,32.9308
1,32.8958
1,32.9308
1,33.0009
1,33.0009
1,32.9308
1,-3.91901
1,32.9659
1,-3.91901
1,-3.91901
1,32.9308
1,32.9659
1,32.9308
1,32.9308
1,32.9308
1,32.9308
1,32.9308
1,32.8608
1,32.9308
1,32.9308
1,32.8608
1,32.8608
1,32.9308
1,-3.91901
1,32.9308
1,32.9659
1,-3.91901
1,-3.91901
1,-3.91901
1,32.8958
1,32.9308
1,32.9308
1,-3.91901
1,33.0359
1,-3.91901
1,-3.91901
1,-3.91901
1,32.8608
1,32.8608
1,32.8608
1,32.8608
1,32.8608
1,32.8257
1,32.8257
1,32.8608
1,-3.91901
1,32.8608
1,32.8608
1,32.8257
1,32.8257
1,32.7907
1,32.7907
1,32.8257
1,32.7907
1,-3.91901
1,32.8608
1,32.8958
1,-3.91901
1,-3.91901
1,32.8958
1,32.8257
1,32.8257
1,32.8257
1,-3.91901
1,32.7907
1,32.7907
1,-3.91901
1,32.8608
1,32.8608
1,32.8608
1,32.8608
1,32.7907
1,-3.91901
1,-3.91901
1,32.7907
1,32.7206
1,32.7206
1,32.7907
1,32.7907
1,-3.91901
1,32.7907
1,32.7907
1,32.7907
1,32.7907
1,32.7557
1,32.7206
1,32.7206
1,-3.91901
1,32.7206
1,-3.91901
1,32.7557
1,32.7206
1,32.7206
1,-3.91901
1,32.7206
1,-3.91901
1,32.6855
1,32.6505
1,32.6154
1,32.6154
1,32.7206
1,32.6505
1,32.6505
1,32.7907
1,32.7206
1,32.6505
1,32.6505
1,32.6505
1,32.6505
1,32.7907
1,32.7206
1,32.7206
1,32.7907
1,-3.91901
1,-3.91901
1,32.5803
1,-3.91901
1,32.5803
1,32.6505
1,-3.91901
1,32.7206
1,32.7206
1,32.7206
1,32.7206
1,32.7557
1,-3.91901
1,32.7557
1,32.8608
1,32.7907
1,32.7907
1,32.8257
1,32.8608
1,-3.91901
1,32.9308
1,33.0709
1,32.8608
1,32.8958
1,32.9308
1,-3.91901
1,33.0009
1,33.0009
1,33.0009
1,32.9659
1,32.8958
1,32.8608
1,-3.91901
1,33.0359
1,33.1409
1,33.5254
1,33.2108
1,33.1409
1,33.2808
1,33.3507
1,33.2458
1,33.2808
1,33.3507
1,33.0709
1,33.1059
1,33.1059
1,33.2108
1,33.2108
1,33.1409
1,-3.91901
1,33.2108
1,33.2108
1,33.2108
1,33.3507
1,33.3507
1,33.2808
1,33.3507
1,33.2808
1,33.2808
1,33.3507
1,33.2108
1,33.2108
1,-3.91901
1,33.1409
1,33.2808
1,33.4905
1,33.4905
1,33.6302
1,33.3507
1,33.3507
1,-3.91901
1,33.3507
1,-3.91901
1,33.4206
1,33.6302
1,33.5604
1,-3.91901
1,-3.91901
1,33.3857
1,33.4905
1,33.4905
1,33.4556
1,33.4206
1,33.3507
1,33.7
1,33.7698
1,33.4206
1,33.6302
1,33.5604
1,-3.91901
1,-3.91901
1,33.7698
1,34.0487
1,33.7698
1,-3.91901
1,-3.91901
1,33.6302
1,33.7698
1,33.7698
1,-3.91901
1,33.9093
1,33.979
1,33.7698
1,33.7698
1,33.979
1,-3.91901
1,33.7698
1,-3.91901
1,33.979
1,34.0487
1,34.0836
1,33.8396
1,34.2577
1,34.4317
1,34.536
1,-3.91901
1,34.0836
1,33.979
1,33.8396
1,33.8396
1,33.8396
1,-3.91901
1,33.8396
1,33.9442
1,33.9093
1,-3.91901
1,34.1184
1,33.8396
1,33.9442
1,-3.91901
1,34.0487
1,33.9093
1,34.0487
1,34.188
1,34.188
1,34.2925
1,34.0139
1,34.536
1,34.3969
1,34.3273
1,34.0139
1,34.1184
1,33.979
1,34.1184
1,34.188
1,-3.91901
1,34.2577
1,34.188
1,34.2229
1,34.3273
1,34.2925
1,34.188
1,34.1184
1,34.0487
1,34.1184
1,34.1184
1,34.0487
1,33.9093
1,33.9442
1,33.8047
1,33.7698
1,33.8396
1,-3.91901
1,34.188
1,33.979
1,-3.91901
1,33.9093
1,33.9093
1,33.9442
1,33.979
1,34.0487
1,34.0487
1,-3.91901
1,34.1184
1,34.1184
1,34.1184
1,34.1184
1,34.1184
1,34.1532
1,34.1184
1,34.1184
1,34.1184
1,34.1532
1,-3.91901
1,34.1184
1,34.1184
1,-3.91901
1,34.188
1,34.188
1,34.2229
1,34.2229
1,-3.91901
1,34.2577
1,34.3273
1,34.3273
1,34.4317
1,-3.91901
1,34.536
1,34.536
1,34.536
1,34.536
1,34.536
1,34.536
1,34.6055
1,34.6055
1,34.536
1,-3.91901
1,34.675
1,34.675
1,34.8139
1,34.8834
1,-3.91901
1,34.9181
1,-3.91901
1,35.0915
1,35.0915
1,35.1262
1,-3.91901
1,35.3687
1,-3.91901
1,-3.91901
1,35.5418
1,-3.91901
1,35.6456
1,35.7148
1,35.7494
1,-3.91901
1,35.7839
1,35.7839
1,35.8876
1,-3.91901
1,35.853
1,-3.91901
1,-3.91901
1,35.853
1,-3.91901
1,-3.91901
1,35.853
1,-3.91901
1,35.9912
1,36.0603
1,-3.91901
1,36.1293
1,36.2328
1,-3.91901
1,-3.91901
1,36.1983
1,36.2328
1,36.3362
1,36.2673
1,-3.91901
1,36.3362
1,-3.91901
1,-3.91901
1,36.4052
1,36.6118
1,-3.91901
1,36.4741
1,36.3018
1,36.3362
1,36.4052
1,-3.91901
1,-3.91901
1,-3.91901
1,36.4052
1,-3.91901
1,-3.91901
1,36.5774
1,-3.91901
1,36.543
1,36.543
1,36.5774
1,36.8871
1,36.6807
1,36.8183
1,36.7495
1,36.7495
1,36.6463
1,36.543
1,36.7495
1,36.4741
1,36.6118
1,-3.91901
1,36.6807
1,36.7495
1,36.6807
1,36.6807
1,36.7495
1,-3.91901
1,36.7495
1,36.7839
1,36.9559
1,36.8871
1,36.8527
1,-3.91901
1,36.7495
1,36.7495
1,36.5085
1,-3.91901
1,-3.91901
1,37.0933
1,36.8871
1,36.6807
1,36.7839
1,36.8183
1,-3.91901
1,-3.91901
1,36.8183
1,36.8871
1,-3.91901
1,36.9215
1,-3.91901
1,36.9559
1,36.9559
1,36.8871
1,36.9215
1,-3.91901
1,36.9559
1,37.0246
1,36.9559
1,36.8871
1,36.8527
1,36.8871
1,36.8871
1,36.9559
1,-3.91901
1,36.7839
1,36.7495
1,36.7839
1,36.7495
1,36.8527
1,36.7495
1,36.8183
1,36.8183
1,36.8183
1,36.8527
1,36.8527
1,-3.91901
1,36.7839
1,-3.91901
1,36.8183
1,-3.91901
1,36.8527
1,36.8871
1,36.8183
1,36.7495
1,36.8183
1,36.8183
1,36.7495
1,36.6807
1,36.7495
1,36.6118
1,36.6807
1,36.7839
1,36.8183
1,36.8871
1,36.8871
1,-3.91901
1,36.8183
1,36.7839
1,36.8183
1,-3.91901
1,36.7151
1,36.7495
1,36.8183
1,36.7495
1,36.7151
1,36.6807
1,36.6807
1,-3.91901
1,36.7151
1,-3.91901
1,36.6807
1,-3.91901
1,36.6807
1,36.8871
1,36.8871
1,37.0246
1,37.0246
1,-3.91901
1,36.8871
1,36.9559
1,36.9559
1,-3.91901
1,36.9215
1,36.9559
1,36.9559
1,-3.91901
1,36.8527
1,36.9215
1,36.9902
1,36.8871
1,36.9559
1,36.9559
1,-3.91901
1,36.9559
1,36.9559
1,37.0246
1,37.0246
1,-3.91901
1,37.162
1,37.0933
1,37.162
1,-3.91901
1,37.1963
1,37.0933
1,37.1277
1,37.162
1,-3.91901
1,37.162
1,37.2307
1,37.1963
1,37.2307
1,-3.91901
1,37.2307
1,37.2307
1,37.162
1,37.2307
1,37.162
1,37.265
1,37.3679
1,-3.91901
1,37.2993
1,37.2993
1,37.2993
1,37.3679
1,37.2307
1,37.2307
1,37.265
1,-3.91901
1,37.2993
1,37.3679
1,37.4365
1,37.3679
1,-3.91901
1,-3.91901
1,-3.91901
1,37.5051
1,37.5051
1,37.5051
1,37.5737
1,37.4708
1,37.5394
1,37.745
1,37.5737
1,37.5394
1,37.5394
1,37.4365
1,37.3679
1,37.4022
1,37.4365
1,37.2993
1,-3.91901
1,37.4022
1,37.4022
1,37.3679
1,37.2993
1,37.3336
1,37.2993
1,-3.91901
1,37.3336
1,37.3679
1,37.5051
1,37.3679
1,37.3336
1,37.3679
1,37.3679
1,37.3679
1,37.5051
1,37.3679
1,37.4022
1,37.4365
1,-3.91901
1,37.5051
1,-3.91901
1,37.6422
1,37.5051
1,37.5394
1,37.6422
1,-3.91901
1,37.6422
1,37.6079
1,-3.91901
1,37.6079
1,37.5394
1,37.4365
1,37.4365
1,37.6422
1,37.6422
1,37.6422
1,37.6765
1,37.7107
1,38.0187
1,37.8819
1,37.8134
1,37.8477
1,37.745
1,37.7107
1,37.7107
1,-3.91901
1,37.7107
1,37.7107
1,37.7792
1,-3.91901
1,37.7107
1,37.8477
1,37.745
1,37.745
1,37.5051
1,37.5737
1,37.4708
1,37.5051
1,37.5051
1,37.745
1,37.6765
1,-3.91901
1,37.5737
1,-3.91901
1,-3.91901
1,37.7792
1,-3.91901
1,37.8134
1,37.7107
1,37.6422
1,37.6765
1,37.6765
1,37.6422
1,37.5737
1,37.6422
1,37.6765
1,-3.91901
1,37.5737
1,37.6765
1,37.5051
1,37.5394
1,37.5737
1,37.6765
1,-3.91901
1,37.9503
1,37.8477
1,37.6422
1,37.7107
1,37.7107
1,37.6422
1,37.8477
1,37.6422
1,37.9161
1,37.9161
1,38.0529
1,38.0871
1,38.0187
1,37.9503
1,37.9161
1,37.745
1,37.8477
1,37.9161
1,-3.91901
1,37.9161
1,37.7792
1,37.8134
1,37.745
1,37.7107
1,37.6765
1,-3.91901
1,37.5737
1,37.5737
1,37.5737
1,37.5737
1,37.5737
1,37.5051
1,-3.91901
1,37.7792
1,37.7107
1,37.7792
1,37.6079
1,37.6422
1,37.6079
1,37.5737
1,37.5051
1,37.5051
1,37.5051
1,37.6422
1,37.5737
1,37.9161
1,-3.91901
1,38.0529
1,38.1213
1,-3.91901
1,38.1897
1,38.2922
1,38.3605
1,38.5652
1,38.6675
1,38.8039
1,38.7698
1,-3.91901
1,38.8039
1,38.8039
1,38.9742
1,38.9401
1,-3.91901
1,39.0422
1,39.0082
1,39.0763
1,39.0763
1,39.2803
1,39.4162
1,39.5521
1,-3.91901
1,-3.91901
1,39.6539
1,39.8235
1,39.7896
1,39.8574
1,39.7557
1,39.7557
1,39.62
1,39.7217
1,39.8913
1,39.9591
1,-3.91901
1,39.9591
1,39.9252
1,39.9591
1,39.8913
1,39.9252
1,39.8235
1,39.8913
1,-3.91901
1,39.7557
1,39.8235
1,39.8913
1,-3.91901
1,39.8235
1,-3.91901
1,39.8913
1,40.0268
1,-3.91901
1,40.1961
1,40.1622
1,40.1961
1,-3.91901
1,40.3652
1,40.4328
1,40.4328
1,-3.91901
1,-3.91901
1,40.2976
1,40.2976
1,40.3314
1,40.2976
1,40.2638
1,40.1961
1,40.1961
1,40.1284
1,40.1284
1,40.2299
1,40.2299
1,40.2299
1,-3.91901
1,40.2299
1,40.2299
1,40.2638
1,40.1622
1,40.1622
1,-3.91901
1,40.1961
1,-3.91901
1,40.1961
1,40.3314
1,40.2299
1,40.0945
1,40.1284
1,40.2299
1,40.2976
1,-3.91901
1,40.2638
1,40.2299
1,40.1622
1,40.2299
1,40.1284
1,40.1284
1,40.1622
1,-3.91901
1,40.2299
1,40.2299
1,40.1622
1,-3.91901
1,40.1622
1,-3.91901
1,40.2299
1,-3.91901
1,40.0945
1,40.2299
1,40.2638
1,40.2299
1,-3.91901
1,40.0945
1,40.2299
1,40.1622
1,40.2299
1,40.1961
1,40.1961
1,40.0945
1,40.1961
1,-3.91901
1,40.1622
1,40.1284
1,40.0945
1,40.0268
1,40.0607
1,40.0268
1,39.9929
1,40.1284
1,40.0945
1,40.0607
1,-3.91901
1,39.9252
1,40.0268
1,-3.91901
1,40.0945
1,40.0268
1,40.0268
1,40.1622
1,40.1622
1,40.0945
1,40.1622
1,40.1622
1,40.2299
1,-3.91901
1,40.2638
1,40.1622
1,40.0945
1,40.0945
1,39.9929
1,39.9929
1,39.8913
1,39.8235
1,39.7896
1,39.6878
1,39.62
1,39.4162
1,39.4162
1,39.4842
1,39.62
1,39.7557
1,-3.91901
1,39.586
1,39.62
1,39.6878
1,39.7217
1,39.8574
1,39.8913
1,39.8913
1,-3.91901
1,39.8235
1,39.8913
1,39.8235
1,39.8235
1,39.6539
1,39.7217
1,-3.91901
1,39.7217
1,39.6878
1,39.7217
1,39.6878
1,39.6878
1,39.586
1,-3.91901
1,39.5521
1,39.5521
1,39.5181
1,39.5521
1,39.4842
1,-3.91901
1,39.4162
1,39.3823
1,39.4502
1,39.4842
1,39.4162
1,39.4162
1,39.4502
1,39.5521
1,39.3823
1,-3.91901
1,39.4162
1,39.4502
1,39.5521
1,39.3143
1,39.3483
1,39.4502
1,39.5521
1,39.4502
1,39.5521
1,39.5181
1,39.5521
1,39.4162
1,39.5521
1,-3.91901
1,39.586
1,39.6878
1,39.5521
1,-3.91901
1,39.5521
1,39.586
1,39.5521
1,39.5521
1,39.5521
1,39.4842
1,39.4842
1,39.3823
1,39.5521
1,39.4842
1,39.4502
1,39.5521
1,-3.91901
1,39.6539
1,39.4162
1,39.4162
1,-3.91901
1,39.586
1,39.586
1,39.62
1,39.7557
1,39.9591
1,39.6878
1,39.6878
1,39.8235
1,39.8913
1,39.8913
1,40.0607
1,40.1284
1,40.0945
1,40.1622
1,40.0268
1,39.9591
1,39.8574
1,39.7557
1,39.7217
1,39.7896
1,39.7557
1,39.7557
1,-3.91901
1,39.8913
1,39.9591
1,40.0268
1,-3.91901
1,39.8913
1,39.8574
1,39.7896
1,39.8235
1,39.5521
1,39.62
1,39.8574
1,39.8913
1,39.8235
1,-3.91901
1,39.7896
1,39.8574
1,39.8574
1,39.8235
1,39.8235
1,39.6539
1,39.6878
1,39.8913
1,39.7896
1,39.8235
1,39.62
1,39.6878
1,39.8235
1,39.8913
1,39.8574
1,39.9591
1,39.9929
1,40.0607
1,40.1284
1,40.0268
1,40.1284
1,40.0607
1,40.0945
1,40.1622
1,40.1284
1,40.0945
1,-3.91901
1,40.0268
1,39.9252
1,39.9929
1,39.8913
1,-3.91901
1,39.8235
1,39.8235
1,39.586
1,39.62
1,39.7557
1,39.8235
1,39.5521
1,39.62
1,39.62
1,-3.91901
1,39.62
1,39.62
1,39.6539
1,39.5521
1,-3.91901
1,39.4502
1,39.5521
1,39.5521
1,39.5521
1,39.5521
1,-3.91901
1,-3.91901
1,39.5521
1,-3.91901
1,39.5521
1,39.5181
1,39.6878
1,-3.91901
1,39.8235
1,-3.91901
1,39.8235
1,39.8913
1,39.9591
1,-3.91901
1,39.7557
1,39.6539
1,39.5521
1,39.586
1,39.4162
1,39.4842
1,39.5521
1,39.62
1,39.62
1,39.5521
1,39.5521
1,39.4502
1,-3.91901
1,-3.91901
1,39.6878
1,39.7896
1,39.62
1,39.6878
1,39.5181
1,-3.91901
1,39.7557
1,39.62
1,39.586
1,39.5521
1,-3.91901
1,39.6878
1,39.6878
1,39.8235
1,-3.91901
1,-3.91901
1,40.0945
1,-3.91901
1,39.8913
1,39.7557
1,39.8235
1,39.8235
1,39.8235
1,-3.91901
1,39.8913
1,39.7896
1,-3.91901
1,39.8574
1,39.7217
1,39.5521
1,-3.91901
1,39.8235
1,39.7557
1,39.7557
1,39.7896
1,-3.91901
1,39.9929
1,-3.91901
1,-3.91901
1,40.0607
1,39.8574
1,39.7557
1,39.8574
1,39.8913
1,39.8574
1,39.8235
1,39.7557
1,39.62
1,39.5521
1,39.7217
1,-3.91901
1,39.6878
1,39.62
1,39.8235
1,39.9929
1,40.3652
1,40.0268
1,-3.91901
1,-3.91901
1,39.6878
1,39.7896
1,-3.91901
1,39.7557
1,39.7896
1,39.7896
1,39.7557
1,39.7557
1,39.6878
1,39.6878
1,39.7557
1,39.8913
1,40.0268
1,40.0607
1,40.0945
1,40.0268
1,39.9929
1,-3.91901
1,40.0945
1,40.1622
1,40.0945
1,40.1622
1,40.2299
1,40.2299
1,40.0945
1,40.0268
1,39.8913
1,39.9929
1,40.0268
1,40.1284
1,40.1284
1,-3.91901
1,40.3652
1,-3.91901
1,40.2299
1,40.0945
1,40.2299
1,-3.91901
1,-3.91901
1,-3.91901
1,-3.91901
1,40.1622
1,40.0268
1,39.9929
1,-3.91901
1,40.0268
1,-3.91901
1,40.1284
1,-3.91901
1,40.1284
1,40.2299
1,40.3314
1,40.1622
1,40.1622
1,40.0945
1,40.1961
1,40.0945
1,40.1622
1,40.2299
1,-3.91901
1,40.0607
1,40.0945
1,40.1622
1,40.1622
1,40.0945
1,-3.91901
1,-3.91901
1,40.1622
1,40.1622
1,40.0945
1,40.1622
1,40.0607
1,40.0268
1,40.0607
1,39.9591
1,40.0268
1,39.9591
1,39.8913
1,-3.91901
1,40.0268
1,39.9591
1,39.9591
1,-3.91901
1,39.8913
1,39.9252
1,39.8235
1,39.9591
1,39.9591
1,39.9591
1,-3.91901
1,39.9252
1,39.8913
1,39.9252
1,39.9591
1,39.8235
1,-3.91901
1,39.8235
1,39.8574
1,39.8235
1,39.8235
1,39.7557
1,39.7557
1,39.8235
1,39.8235
1,39.9252
1,39.9252
1,-3.91901
1,39.9591
1,-3.91901
1,-3.91901
1,40.0607
1,40.0268
1,-3.91901
1,40.1961
1,-3.91901
1,-3.91901
1,40.0607
1,-3.91901
1,40.0268
1,40.0268
1,-3.91901
1,40.0268
1,-3.91901
1,40.1284
1,40.0945
1,-3.91901
1,40.1284
1,-3.91901
1,-3.91901
1,40.1284
1,40.0607
1,-3.91901
1,39.9591
1,39.9591
1,39.9591
1,-3.91901
1,-3.91901
1,39.8235
1,39.8235
1,39.7896
1,39.7217
1,-3.91901
1,39.6539
1,39.586
1,39.5521
1,-3.91901
1,39.4502
1,39.3483
1,39.4162
1,39.4162
1,39.3483
1,39.3143
1,39.3483
1,39.2803
1,39.2803
1,39.2803
1,39.2463
1,-3.91901
1,39.2123
1,-3.91901
1,39.2123
1,-3.91901
1,39.1443
1,-3.91901
1,39.2123
1,39.2463
1,39.2123
1,39.2803
1,39.3143
1,39.3483
1,39.3483
1,39.3483
1,-3.91901
1,39.2803
1,39.2803
1,39.2803
1,39.3143
1,39.3483
1,-3.91901
1,39.3483
1,39.3483
1,39.3483
1,39.3483
1,39.3823
1,39.3823
1,39.3483
1,-3.91901
1,-3.91901
1,39.5521
1,39.586
1,39.62
1,39.6878
1,39.7217
1,39.6878
1,-3.91901
1,39.5521
1,39.6878
1,39.62
1,-3.91901
1,-3.91901
1,39.4842
1,-3.91901
1,39.4842
1,39.586
1,-3.91901
1,-3.91901
1,39.6878
1,-3.91901
1,39.8235
1,39.62
1,-3.91901
1,39.5521
1,-3.91901
1,39.5521
1,39.5521
1,39.5521
1,39.6878
1,-3.91901
1,39.6878
1,39.7557
1,-3.91901
1,-3.91901
1,-3.91901
1,-3.91901
1,39.5521
1,-3.91901
1,-3.91901
1,-3.91901
1,-3.91901
1,39.7896
1,-3.91901
1,39.8913
1,39.8574
1,39.8913
1,-3.91901
1,-3.91901
1,39.9929
1,39.7896
1,-3.91901
1,39.8235
1,-3.91901
1,-3.91901
1,40.1284
1,40.0945
1,40.0607
1,40.0268
1,-3.91901
1,39.9929
1,39.9591
1,39.9591
1,39.8574
1,39.8913
1,-3.91901
1,40.0268
1,-3.91901
1,40.0268
1,40.1622
1,-3.91901
1,40.1622
1,40.1622
1,40.1622
1,-3.91901
1,40.0268
1,-3.91901
1,-3.91901
1,39.9591
1,39.8574
1,-3.91901
1,40.0268
1,40.0945
1,40.1622
1,40.2299
1,40.2299
1,40.3652
1,40.2976
1,40.3652
1,40.4666
1,40.3652
1,40.4666
1,40.5342
1,40.568
1,40.4666
1,40.4328
1,40.4328
1,-3.91901
1,40.3652
1,-3.91901
1,39.8913
1,39.6878
1,-3.91901
1,-3.91901
1,39.1443
1,-3.91901
1,39.0763
1,39.2803
1,39.2123
1,39.2123
1,39.2803
1,-3.91901
1,39.2803
1,39.0763
1,39.0082
1,-3.91901
1,39.0763
1,39.0763
1,39.1783
1,39.1443
1,39.0763
1,39.0422
1,-3.91901
1,-3.91901
1,38.8039
1,-3.91901
1,-3.91901
1,38.6334
1,-3.91901
1,38.5311
1,-3.91901
1,-3.91901
1,38.5993
1,-3.91901
1,38.3946
1,-3.91901
1,-3.91901
1,38.3946
1,-3.91901
1,38.3946
1,-3.91901
1,38.4629
1,38.5311
1,-3.91901
1,38.4629
1,38.4629
1,38.3263
1,-3.91901
1,38.1897
1,-3.91901
1,38.497
1,38.4287
1,-3.91901
1,38.3946
1,-3.91901
1,38.3263
1,38.3946
1,38.3263
1,-3.91901
1,38.3605
1,38.3263
1,38.258
1,38.258
1,-3.91901
1,38.1897
1,-3.91901
1,-3.91901
1,-3.91901
1,-3.91901
1,38.3263
1,-3.91901
1,38.2239
1,-3.91901
1,38.497
1,38.3263
1,38.5993
1,38.3605
1,38.3263
1,-3.91901
1,38.6334
1,-3.91901
1,38.8379
1,-3.91901
1,39.1103
1,38.6675
1,38.8379
1,38.5652
1,-3.91901
1,38.4629
1,-3.91901
1,38.6334
1,38.5993
1,-3.91901
1,38.3605
1,-3.91901
1,38.3263
1,-3.91901
1,38.3263
1,38.2239
1,38.258
1,-3.91901
1,38.1897
1,38.1897
1,38.1555
1,38.1213
1,-3.91901
1,38.1555
1,-3.91901
1,38.1213
1,-3.91901
1,38.1555
1,38.1897
1,-3.91901
1,38.1213
1,38.0871
1,38.0529
1,38.0529
1,37.9503
1,38.0187
1,-3.91901
1,38.0529
1,38.0529
1,38.0871
1,38.0529
1,38.1213
1,-3.91901
1,38.1213
1,38.2239
1,38.1555
1,38.1555
1,38.1213
1,38.0871
1,38.0529
1,38.1555
1,-3.91901
1,38.1213
1,-3.91901
1,38.1555
1,38.1555
1,38.0187
1,-3.91901
1,37.9845
1,37.9161
1,37.9161
1,37.9161
1,37.8477
1,37.9503
1,-3.91901
1,37.8134
1,37.9161
1,-3.91901
1,38.0187
1,38.0187
1,38.0187
1,38.0529
1,38.0529
1,38.0529
1,38.0529
1,38.0871
1,38.0529
1,38.0529
1,38.0529
1,38.0529
1,38.0187
1,38.0187
1,38.0529
1,37.8819
1,37.8477
1,37.9161
1,37.8477
1,37.9161
1,37.9845
1,37.9845
1,37.9503
1,37.9845
1,37.9161
1,37.9161
1,37.9503
1,37.9161
1,37.9503
1,-3.91901
1,37.9161
1,37.9845
1,37.9845
1,38.0529
1,38.0529
1,38.1555
1,-3.91901
1,38.0529
1,38.0187
1,38.0529
1,37.9845
1,37.9503
1,38.0529
1,-3.91901
1,38.0529
1,38.0529
1,-3.91901
1,38.0871
1,38.0529
1,-3.91901
1,37.9845
1,38.0187
1,37.9845
1,37.9845
1,38.0187
1,37.9845
1,-3.91901
1,37.9845
1,37.9845
1,37.9845
1,37.7792
1,-3.91901
1,-3.91901
1,38.0529
1,-3.91901
1,38.2239
1,38.258
1,38.1897
1,37.9845
1,38.1213
1,38.0529
1,38.1213
1,38.2239
1,-3.91901
1,38.1897
1,38.258
1,38.258
1,38.258
1,38.2239
1,38.1555
1,38.1897
1,38.1213
1,38.1213
1,38.1213
1,38.1213
1,-3.91901
1,38.2239
1,-3.91901
1,38.4287
1,-3.91901
1,-3.91901
1,38.1897
1,38.0187
1,38.1897
1,38.1213
1,-3.91901
1,38.1555
1,38.1213
1,38.1555
1,38.1897
1,38.258
1,38.258
1,38.1897
1,38.1555
1,38.1897
1,-3.91901
1,38.1555
1,38.1897
1,-3.91901
1,38.258
1,-3.91901
1,38.3263
1,-3.91901
1,-3.91901
1,38.258
1,-3.91901
1,-3.91901
1,38.258
1,38.258
1,38.258
1,38.2239
1,38.258
1,38.1897
1,38.3946
1,-3.91901
1,38.3263
1,38.2922
1,38.3605
1,-3.91901
1,38.3605
1,-3.91901
1,-3.91901
1,-3.91901
1,-3.91901
1,38.258
1,38.2922
1,38.3263
1,38.5311
1,38.3946
1,38.497
1,38.4287
1,38.3946
1,38.3605
1,38.3263
1,38.3946
1,38.3263
1,-3.91901
1,38.3605
1,38.4629
1,38.5311
1,-3.91901
1,38.5993
1,38.4287
1,38.4629
1,38.4287
1,38.3946
1,38.4629
1,38.5652
1,38.5993
1,38.6334
1,38.5652
1,38.4629
1,38.497
1,38.4629
1,38.4629
1,38.4629
1,38.497
1,38.6675
1,38.5993
1,38.5311
1,38.5311
1,38.4629
1,38.4629
1,38.4629
1,-3.91901
1,-3.91901
1,-3.91901
1,-3.91901
1,38.5993
1,38.5311
1,38.4629
1,38.5311
1,-3.91901
1,38.6675
1,38.6675
1,38.7016
1,38.6675
1,38.5311
1,38.497
1,-3.91901
1,38.4287
1,-3.91901
1,-3.91901
1,38.5311
1,38.5311
1,38.4629
1,38.4629
1,-3.91901
1,38.4629
1,38.4629
1,38.5311
1,38.5993
1,-3.91901
1,-3.91901
1,-3.91901
1,38.4629
1,38.5311
1,38.5311
1,-3.91901
1,38.5311
1,38.6334
1,-3.91901
1,38.6675
1,-3.91901
1,38.7016
1,38.7357
1,38.6675
1,38.6334
1,38.6334
1,-3.91901
1,38.5993
1,-3.91901
1,38.8039
1,38.872
1,38.8039
1,38.8039
1,38.6675
1,38.6334
1,38.5652
1,38.7357
1,38.5311
1,38.5993
1,38.6334
1,-3.91901
1,38.7357
1,38.7357
1,-3.91901
1,-3.91901
1,-3.91901
1,38.5993
1,-3.91901
1,38.6675
1,38.6675
1,38.6675
1,38.7357
1,38.8379
1,-3.91901
1,38.7698
1,38.7357
1,-3.91901
1,38.7357
1,38.6675
1,38.7357
1,38.8039
1,38.9401
1,38.6675
1,38.6675
1,38.7698
1,-3.91901
1,38.7357
1,38.5993
1,38.6675
1,38.5993
1,38.7016
1,38.6675
1,38.872
1,38.8379
1,38.8039
1,38.7698
1,38.7357
1,-3.91901
1,38.8039
1,38.8039
1,38.6675
1,38.9401
1,38.8379
1,38.872
1,39.0422
1,-3.91901
1,38.8039
1,38.7698
1,38.872
1,-3.91901
1,38.7357
1,38.7357
1,38.8379
1,38.9401
1,-3.91901
1,38.9061
1,38.9401
1,39.0763
1,38.872
1,-3.91901
1,38.8039
1,38.7698
1,38.8039
1,38.7357
1,38.872
1,38.8379
1,38.8039
1,38.9061
1,38.872
1,-3.91901
1,-3.91901
1,-3.91901
1,-3.91901
1,38.8039
1,38.8379
1,-3.91901
1,38.8039
1,-3.91901
1,-3.91901
1,39.0082
1,39.0082
1,39.0763
1,-3.91901
1,39.1443
1,-3.91901
1,-3.91901
1,38.9401
1,38.872
1,39.0763
1,39.0082
1,39.0082
1,38.9401
1,-3.91901
1,39.0082
1,38.872
1,-3.91901
1,39.0082
1,-3.91901
1,39.1103
1,-3.91901
1,39.0763
1,39.0763
1,38.9401
1,-3.91901
1,-3.91901
1,39.1443
1,39.0082
1,39.0082
1,-3.91901
1,-3.91901
1,39.1443
1,39.0763
1,-3.91901
1,39.2123
1,39.2463
1,39.5521
1,39.4502
1,39.2123
1,39.2803
1,39.2123
1,39.2123
1,-3.91901
1,39.2803
1,-3.91901
1,39.2803
1,39.1443
1,39.2803
1,39.1783
1,39.2463
1,39.2803
1,39.2123
1,39.2463
1,39.2123
1,39.3483
1,39.0763
1,39.2803
1,39.2463
1,39.1443
1,39.0763
1,39.1443
1,39.1783
1,39.1783
1,39.1443
1,39.2803
1,39.2463
1,39.2803
1,39.1783
1,39.2463
1,39.1783
1,39.2803
1,39.1783
1,39.2803
1,39.3483
1,39.2463
1,39.3143
1,39.4842
1,39.5521
1,39.1443
1,39.4162
1,39.5521
1,39.5521
1,39.2803
1,39.1783
1,39.2123
1,39.4162
1,39.2803
1,39.3483
1,39.2803
1,39.3483
1,39.2123
1,39.4842
1,39.5521
1,39.2803
1,39.2803
1,39.3483
1,39.3483
1,39.4162
1,39.2803
1,39.2803
1,39.4842
1,39.2803
1,39.3143
1,39.4162
1,39.2123
1,39.4162
1,39.4162
1,39.3823
1,39.4502
1,39.4842
1,39.4842
1,39.4842
1,39.5521
1,39.3483
1,39.4842
1,39.4162
1,39.4842
1,39.4842
1,39.4842
1,39.5181
1,39.4842
1,39.5181
1,39.4842
1,39.4842
1,39.4842
1,39.5521
1,39.5521
1,39.5521
1,-3.91901
1,39.5521
1,39.5521
1,39.5521
1,39.4842
1,39.5181
1,39.5521
1,39.5521
1,39.5521
1,39.4162
1,-3.91901
1,39.6878
1,39.5521
1,39.5521
1,39.5521
1,-3.91901
1,39.5521
1,39.7896
1,39.5521
1,39.62
1,-3.91901
1,39.7557
1,39.5521
1,39.5521
1,39.586
1,-3.91901
1,39.62
1,39.7557
1,39.7896
1,39.6539
1,39.7896
1,39.6878
1,39.6539
1,-3.91901
1,39.6878
1,-3.91901
1,39.6878
1,39.5521
1,39.5521
1,39.6878
1,39.7557
1,39.7557
1,39.6539
1,39.7557
1,-3.91901
1,39.7896
1,39.8913
1,39.8235
1,39.8913
1,39.9591
1,39.8913
1,39.8574
1,39.8913
1,39.8235
1,-3.91901
1,39.8913
1,39.9252
1,39.8913
1,39.8913
1,39.8913
1,-3.91901
1,39.8913
1,39.9252
1,39.9252
1,39.8913
1,39.8913
1,39.8235
1,-3.91901
1,39.7557
1,39.7896
1,39.8235
1,-3.91901
1,39.9591
1,40.0268
1,-3.91901
1,40.0268
1,-3.91901
1,39.8913
1,39.8913
1,-3.91901
1,39.9591
1,-3.91901
1,-3.91901
1,40.0945
1,39.9591
1,39.9591
1,39.8574
1,39.8574
1,39.8913
1,39.9591
1,40.0268
1,40.0945
1,40.0945
1,40.1961
1,40.1284
1,40.1284
1,40.2976
1,40.2299
1,40.2299
1,40.2976
1,40.1622
1,40.0945
1,40.0945
1,-3.91901
1,40.1622
1,40.1622
1,40.1961
1,-3.91901
1,40.2299
1,40.0607
1,40.1622
1,40.2638
1,40.1961
1,-3.91901
1,40.2976
1,-3.91901
1,40.2976
1,-3.91901
1,-3.91901
1,40.3314
1,40.2976
1,-3.91901
1,-3.91901
1,40.2976
1,40.3652
1,40.4328
1,40.4328
1,-3.91901
1,-3.91901
1,40.3652
1,40.2976
1,40.3652
1,40.2976
1,40.2976
1,-3.91901
1,40.399
1,40.4328
1,40.399
1,40.4328
1,40.4328
1,40.3652
1,40.3652
1,40.399
1,-3.91901
1,-3.91901
1,40.4328
1,40.5004
1,40.4328
1,-3.91901
1,40.4328
1,40.4666
1,-3.91901
1,40.4666
1,-3.91901
1,40.568
1,40.5342
1,40.5342
1,40.4328
1,40.5004
1,-3.91901
1,40.399
1,-3.91901
1,40.5004
1,-3.91901
1,-3.91901
1,-3.91901
1,-3.91901
1,40.4328
1,40.4666
1,-3.91901
1,40.4328
1,-3.91901
1,40.4666
1,-3.91901
1,40.4666
1,-3.91901
1,40.5342
1,40.5004
1,40.4328
1,-3.91901
1,40.6355
1,-3.91901
1,40.6355
1,40.4328
1,40.568
1,40.568
1,40.4328
1,40.399
1,-3.91901
1,-3.91901
1,40.5004
1,-3.91901
1,40.568
1,-3.91901
1,40.5004
1,40.4666
1,40.5004
1,40.5342
1,-3.91901
1,40.5004
1,40.568
1,-3.91901
1,40.5004
1,-3.91901
1,-3.91901
1,40.4328
1,-3.91901
1,40.4328
1,40.5004
1,40.5004
1,-3.91901
1,40.5004
1,40.5342
1,-3.91901
1,40.5004
1,-3.91901
1,40.5004
1,40.4666
1,-3.91901
1,40.5342
1,-3.91901
1,40.4666
1,-3.91901
1,40.4328
1,40.4666
1,40.4328
1,-3.91901
1,-3.91901
1,40.5004
1,-3.91901
1,-3.91901
1,-3.91901
1,-3.91901
1,-3.91901
1,-3.91901
1,-3.91901
1,40.4666
1,-3.91901
1,40.5004
1,40.5004
1,-3.91901
1,-3.91901
1,40.568
1,40.5342
1,40.568
1,-3.91901
1,40.568
1,40.568
1,40.6355
1,40.5342
1,40.568
1,-3.91901
1,40.568
1,40.6355
1,-3.91901
1,-3.91901
1,40.7031
1,40.7031
1,40.6355
1,40.7031
1,40.6355
1,40.568
1,40.4328
1,-3.91901
1,40.5004
1,-3.91901
1,40.4328
1,40.4328
1,40.5004
1,-3.91901
1,40.5004
1,40.399
1,-3.91901
1,40.5004
1,40.4666
1,40.4328
1,-3.91901
1,40.5004
1,40.568
1,40.568
1,-3.91901
1,40.6355
1,40.6355
1,40.6355
1,40.6355
1,40.6355
1,40.568
1,40.6693
1,40.6018
1,40.568
1,40.5004
1,40.6018
1,40.5004
1,40.5004
1,40.5004
1,40.5004
1,40.5004
1,40.568
1,40.5004
1,40.5342
1,40.568
1,40.568
1,40.568
1,40.5342
1,40.568
1,40.5004
1,40.6693
1,40.568
1,40.568
1,-3.91901
1,40.5004
1,-3.91901
1,40.5004
1,40.5004
1,-3.91901
1,40.5004
1,-3.91901
1,40.4666
1,40.4328
1,40.568
1,40.5004
1,-3.91901
1,40.5004
1,-3.91901
1,40.4666
1,40.4666
1,40.4328
1,40.5004
1,40.5004
1,-3.91901
1,40.568
1,40.5004
1,40.4666
1,40.5004
1,40.5004
1,-3.91901
1,40.4328
1,40.399
1,40.4666
1,40.4666
1,40.3652
1,40.399
1,40.4666
1,40.5004
1,40.3652
1,40.399
1,-3.91901
1,40.4666
1,40.4328
1,40.4666
1,40.4328
1,-3.91901
1,40.4328
1,40.5004
1,-3.91901
1,40.5004
1,40.5342
1,40.568
1,40.568
1,40.4666
1,40.4328
1,40.5004
1,40.4666
1,40.5004
1,40.5004
1,40.4328
1,40.5004
1,40.4328
1,40.4328
1,40.4328
1,40.4328
1,40.4328
1,40.4666
1,-3.91901
1,40.4666
1,40.4666
1,40.5004
1,40.5004
1,40.4666
1,40.3652
1,40.3652
1,40.3652
1,40.4328
1,40.4328
1,40.4328
1,-3.91901
1,40.5004
1,-3.91901
1,-3.91901
1,40.4328
1,40.399
1,40.4666
1,40.4328
1,40.4666
1,40.4328
1,40.4328
1,40.4328
1,40.4328
1,40.5004
1,40.5004
1,40.5004
1,40.4328
1,40.4666
1,40.4328
1,40.399
1,40.399
1,40.4328
1,40.3652
1,40.4328
1,40.4328
1,40.4666
1,40.4666
1,40.5004
1,40.4666
1,40.4666
1,40.4328
1,40.4666
1,40.5004
1,40.4328
1,40.4328
1,-3.91901
1,40.5342
1,40.568
1,-3.91901
1,40.5004
1,40.4666
1,40.4666
1,-3.91901
1,40.5004
1,40.5004
1,40.5004
1,40.5342
1,40.5342
1,40.5342
1,40.5004
1,40.568
1,40.568
1,40.5004
1,40.5004
1,40.4328
1,-3.91901
1,40.5004
1,40.5004
1,40.5342
1,40.5342
1,40.568
1,40.5342
1,40.5004
1,40.6355
1,40.4328
1,40.4666
1,40.5342
1,-3.91901
1,40.6018
1,40.6018
1,-3.91901
1,-3.91901
1,40.568
1,40.568
1,40.5004
1,40.5004
1,40.6018
1,40.6018
1,40.6355
1,40.6355
1,40.6355
1,40.568
1,40.568
1,40.5342
1,40.5004
1,40.568
1,40.6693
1,40.7031
1,40.7031
1,40.7706
1,40.7031
1,-3.91901
1,40.6355
1,-3.91901
1,40.6355
1,-3.91901
1,40.6018
1,40.568
1,40.6355
1,-3.91901
1,40.7031
1,-3.91901
1,40.7031
1,-3.91901
1,40.7031
1,-3.91901
1,40.7031
1,40.7031
1,40.7031
1,-3.91901
1,40.7031
1,40.7031
1,40.6355
1,40.6355
1,40.7031
1,-3.91901
1,40.7706
1,40.7706
1,-3.91901
1,40.7706
1,-3.91901
1,40.7706
1,-3.91901
1,40.7706
1,-3.91901
1,40.7706
1,40.7031
1,40.7706
1,-3.91901
1,-3.91901
1,41.1078
1,-3.91901
1,41.0404
1,-3.91901
1,41.5116
1,-3.91901
1,41.3098
1,-3.91901
1,41.3098
1,41.4444
1,41.0067
1,-3.91901
1,41.2425
1,41.5453
1,-3.91901
1,41.5116
1,41.3771
1,-3.91901
1,41.5789
1,41.0741
1,41.3771
1,-3.91901
1,41.2761
1,-3.91901
1,41.3771
1,41.3098
1,41.5789
1,-3.91901
1,41.1078
1,-3.91901
1,41.0404
1,41.6125
1,41.1751
1,-3.91901
1,41.6461
1,-3.91901
1,41.2425
1,-3.91901
1,41.6797
1,-3.91901
1,-3.91901
1,41.478
1,-3.91901
1,-3.91901
1,-3.91901
1,41.7805
1,-3.91901
1,41.6797
1,41.7805
1,-3.91901
1,41.5453
1,-3.91901
1,41.6125
1,-3.91901
1,41.9147
1,41.5116
1,41.6461
1,41.4444
1,41.8476
1,41.7469
1,41.9147
1,41.7469
1,41.7805
1,-3.91901
1,-3.91901
1,41.5116
1,41.5789
1,41.6461
1,-3.91901
1,41.6797
1,41.9147
1,41.7133
1,-3.91901
1,41.9483
1,41.7469
1,41.5116
1,42.0489
1,41.8812
1,41.7805
1,41.8812
1,41.7805
1,-3.91901
1,-3.91901
1,42.0489
1,42.0489
1,42.0824
1,41.5789
1,41.9818
1,42.0489
1,42.0154
1,41.7805
1,42.0824
1,42.2165
1,42.116
1,42.0154
1,42.116
1,42.0154
1,41.8476
1,-3.91901
1,-3.91901
1,42.2165
1,42.1495
1,42.183
1,42.25
1,-3.91901
1,-3.91901
1,41.9147
1,-3.91901
1,-3.91901
1,42.183
1,41.8476
1,-3.91901
1,-3.91901
1,-3.91901
1,41.9818
1,-3.91901
1,-3.91901
1,-3.91901
1,42.3505
1,42.0489
1,42.317
1,41.9818
1,42.25
1,42.0489
1,42.384
1,42.4174
1,42.317
1,42.3505
1,42.4509
1,-3.91901
1,42.2165
1,42.4509
1,42.4509
1,42.2165
1,42.4509
1,42.25
1,-3.91901
1,42.25
1,42.5513
1,42.5178
1,42.5847
1,42.5847
1,42.4174
1,42.5178
1,42.317
1,42.4509
1,42.3505
1,42.4509
1,42.317
1,42.6516
1,-3.91901
1,42.5178
1,42.5178
1,-3.91901
1,42.6182
1,42.384
1,42.5178
1,42.4509
1,42.5178
1,42.5178
1,42.5847
1,41.9147
1,42.6182
1,42.6516
1,42.4844
1,42.5178
1,42.4509
1,42.4174
1,-3.91901
1,42.5178
1,42.2165
1,42.4174
1,42.3505
1,42.25
1,-3.91901
1,41.9818
1,-3.91901
1,42.25
1,42.317
1,42.317
1,-3.91901
1,42.317
1,42.384
1,42.4174
1,42.384
1,-3.91901
1,-3.91901
1,-3.91901
1,-3.91901
1,-3.91901
1,-3.91901
1,-3.91901
1,-3.91901
1,-3.91901
1,-3.91901
1,-3.91901
1,42.116
1,-3.91901
1,-3.91901
1,-3.91901
1,-3.91901
1,-3.91901
1,-3.91901
1,-3.91901
1,-3.83804
1,-3.91901
1,-3.91901
1,-3.91901
1,-3.91901
1,-3.91901
1,-3.91901
1,-3.91901
1,-3.91901
1,-3.91901
1,-3.91901
1,43.4857
1,-3.91901
1,43.3858
1,-3.91901
1,43.7186
1,-3.91901
1,-3.91901
1,-3.91901
1,43.918
1,-3.91901
1,43.9844
1,-3.91901
1,43.8848
1,-3.91901
1,-3.91901
1,-3.91901
1,-3.91901
1,-3.91901
1,-3.91901
1,-3.91901
1,-3.91901
1,43.9844
1,43.918
1,44.0508
1,-3.91901
1,-3.91901
1,-3.91901
1,-3.91901
1,-3.91901
1,-3.91901
1,-3.91901
1,-3.91901
1,43.519
1,-3.91901
1,-3.91901
1,-3.91901
1,-3.91901
1,-3.91901
1,43.3858
1,-3.91901
1,-3.91901
1,-3.91901
1,-3.91901
1,-3.91901
1,-3.91901
1,-3.91901
1,43.6521
1,-3.91901
1,-3.91901
1,-3.91901
1,43.7518
1,-3.91901
1,43.5855
1,-3.91901
1,-3.91901
1,-3.91901
1,-3.91901
1,-3.91901
1,43.5855
1,-3.91901
1,43.918
1,-3.91901
1,-3.91901
1,-3.91901
1,-3.91901
1,-3.91901
1,-3.91901
1,44.3825
1,44.2499
1,-3.91901
1,44.3825
1,-3.91901
1,-3.91901
1,44.3825
1,-3.91901
1,-3.91901
1,44.4488
1,44.5482
1,-3.91901
1,44.3162
1,-3.91901
1,-3.91901
1,44.6144
1,-3.91901
1,-3.91901
1,-3.91901
1,-3.91901
1,-3.91901
1,-3.91901
1,-3.91901
1,-3.91901
1,-3.91901
1,-3.91901
1,44.4488
1,-3.91901
1,44.4488
1,-3.91901
1,44.5813
1,-3.91901
1,-3.91901
1,44.5151
1,-3.91901
1,44.5813
1,-3.91901
1,44.5151
1,44.3825
1,44.4488
1,-3.91901
1,-3.91901
1,44.3825
1,44.4488
1,-3.91901
1,-3.91901
1,-3.91901
1,-3.91901
1,-3.91901
1,44.3162
1,-3.83804
1,-3.91901
1,-3.91901
1,44.3825
1,-3.91901
1,-3.91901
1,44.4157
1,-3.91901
1,-3.91901
1,44.5151
1,44.5813
1,-3.91901
1,-3.91901
1,-3.91901
1,44.3494
1,-3.91901
1,44.3825
1,-3.91901
1,-3.91901
1,-3.91901
1,-3.91901
1,-3.91901
1,44.4157
1,-3.91901
1,44.3825
1,-3.91901
1,-3.91901
1,-3.91901
1,-3.91901
1,-3.91901
1,-3.91901
1,-3.91901
1,-3.91901
1,-3.91901
1,-3.91901
1,-3.91901
1,-3.91901
1,-3.91901
1,-3.91901
1,45.0112
1,-3.91901
1,-3.91901
1,44.879
1,-3.91901
1,45.1103
1,-3.91901
1,-3.91901
1,-3.91901
1,44.6475
1,-3.91901
1,44.5151
1,-3.91901
1,-3.91901
1,-3.91901
1,43.4524
1,-3.91901
1,43.1858
1,-3.91901
1,42.7853
1,-3.91901
1,43.3525
1,43.5522
1,-3.91901
1,43.6188
1,-3.91901
1,-3.91901
1,-3.83804
1,-3.91901
1,-3.91901
1,-3.91901
1,-3.91901
1,-3.91901
1,44.084
1,-3.91901
1,-3.91901
1,-3.91901
1,-3.91901
1,-3.91901
1,-3.91901
1,-3.91901
1,44.1172
1,-3.91901
1,-3.91901
1,-3.91901
1,-3.91901
1,-3.91901
1,-3.91901
1,-3.91901
1,-3.91901
1,43.918
1,-3.91901
1,43.918
1,-3.91901
1,-3.91901
1,-3.91901
1,43.7518
1,-3.83804
1,43.7518
1,-3.91901
1,43.7186
1,-3.91901
1,43.8848
1,-3.91901
1,-3.91901
1,-3.83804
1,43.6853
1,-3.91901
1,43.7186
1,-3.91901
1,-3.91901
1,-3.91901
1,43.8515
1,-3.91901
1,-3.91901
1,-3.91901
1,-3.91901
1,-3.91901
1,-3.91901
1,43.7851
1,-3.91901
1,43.8183
1,-3.91901
1,-3.7571
1,-3.91901
1,-3.91901
1,-3.91901
1,-3.91901
1,-3.91901
1,-3.91901
1,44.1836
1,44.4488
1,43.6188
1,-3.91901
1,-3.91901
1,43.6188
1,44.1504
1,-3.83804
1,44.1172
1,43.519
1,42.9856
1,42.9856
1,43.519
1,43.3525
1,43.0524
1,42.8855
1,42.9189
1,42.7853
1,43.4857
1,42.6516
1,42.8521
1,42.7185
1,43.019
1,42.9856
1,42.8521
1,42.9189
1,42.8855
1,42.7853
1,43.2525
1,43.3191
1,43.019
1,42.9856
1,43.3191
1,43.5855
1,43.7186
1,43.5855
1,43.918
1,43.8848
1,44.2499
1,44.6806
1,44.6806
1,44.4157
1,44.4157
1,44.3494
1,44.7467
1,44.7798
1,45.0442
1,45.1433
1,44.9782
1,44.846
1,44.6475
1,44.5813
1,44.6475
1,44.6806
1,44.6475
1,44.8129
1,44.6806
1,44.5813
1,44.6475
1,44.6144
1,44.4819
1,44.5151
1,44.3825
1,44.4488
1,44.5151
1,44.4157
1,44.3494
1,44.5482
1,44.4819
1,44.5813
1,45.0112
1,44.846
1,44.9121
1,44.7137
1,44.846
1,44.8129
1,45.0442
1,45.0442
1,45.1103
1,45.1103
1,45.0442
1,45.1103
1,45.1433
1,45.2753
1,45.4402
1,45.2753
1,45.4402
1,45.4402
1,45.4402
1,45.5061
1,45.6379
1,45.7695
1,45.6708
1,45.8353
1,45.8024
1,45.9669
1,46.0655
1,46.0655
1,46.4265
1,46.4921
1,46.656
1,46.6232
1,46.5905
1,46.9505
1,47.1467
1,44.6475
1,44.879
1,44.6475
1,44.4488
1,44.5482
1,43.9512
1,44.4157
1,44.5813
1,44.6144
1,44.5151
1,44.4488
1,44.6475
1,44.4488
1,44.1504
1,44.5151
1,44.5151
1,44.1172
1,44.5813
1,44.8129
1,44.7137
1,44.6475
1,44.0508
1,44.3494
1,44.1504
1,44.2499
1,44.084
1,44.084
1,44.0176
1,44.084
1,43.8183
1,44.0176
1,44.084
1,43.9844
1,44.2831
1,44.3162
1,44.1172
1,44.1836
1,45.6379
1,45.7695
1,45.572
1,45.4732
1,45.3083
1,45.1433
1,45.1103
1,45.0442
1,44.9782
1,44.879
1,44.7467
1,44.7137
1,44.5151
1,44.5151
1,44.3825
1,44.3825
1,44.4157
1,44.4488
1,44.1504
1,44.1836
1,44.2831
1,44.2831
1,44.2168
1,43.918
1,43.918
1,43.9844
1,43.9844
1,44.0508
1,44.084
1,44.1172
1,43.9844
1,43.8515
1,43.918
1,43.9844
1,44.0176
1,44.1172
1,44.1172
1,44.1504
1,43.9512
1,43.918
1,43.9844
1,43.9512
1,43.7851
1,43.6521
1,43.6853
1,43.5855
1,43.5855
1,43.6521
1,43.6188
1,43.519
1,43.519
1,43.6188
1,43.8183
1,43.9844
1,43.918
1,43.8848
1,43.9844
1,43.6853
1,43.5855
1,43.519
1,43.6521
1,43.6853
1,43.5855
1,43.5855
1,43.519
1,43.6188
1,43.6521
1,43.6521
1,43.6521
1,43.6188
1,43.4857
1,43.519
1,43.6188
1,43.6853
1,43.5855
1,43.519
1,43.5522
1,43.6521
1,43.5855
1,43.5855
1,43.519
1,43.519
1,43.4857
1,43.519
1,43.5522
1,43.6521
1,43.6853
1,43.5522
1,43.519
1,43.519
1,43.4857
1,43.519
1,43.5855
1,43.5855
1,43.5855
1,43.5855
1,43.5855
1,43.519
1,43.519
1,43.519
1,43.5522
1,43.519
1,43.519
1,43.4524
1,43.3525
1,43.3858
1,43.3858
1,43.4191
1,43.519
1,43.3525
1,43.3525
1,43.4191
1,43.4524
1,43.4524
1,43.3858
1,43.3191
1,43.3858
1,43.3525
1,43.3858
1,43.4191
1,43.3858
1,43.3525
1,43.4191
1,43.4191
1,43.3525
1,43.2858
1,43.2525
1,43.2525
1,43.2525
1,43.2858
1,43.3191
1,43.3191
1,43.2858
1,43.2858
1,43.2525
1,43.2525
1,43.2525
1,43.2525
1,43.3191
1,43.2858
1,43.3858
1,43.4191
1,43.2525
1,43.2525
1,43.2525
1,43.1858
1,43.2525
1,43.3191
1,43.3191
1,43.2525
1,43.1858
1,43.1858
1,43.1525
1,43.1858
1,43.1858
1,43.1858
1,43.2525
1,43.2191
1,43.1191
1,43.1525
1,43.2525
1,43.2858
1,43.2858
1,43.3191
1,43.2191
1,43.1858
1,43.1525
1,43.0524
1,43.1525
1,43.1191
1,43.1191
1,43.0524
1,43.0858
1,43.1191
1,43.1191
1,43.2191
1,43.1191
1,43.1858
1,43.1858
1,43.2191
1,43.2191
1,43.2525
1,43.2525
1,43.2525
1,43.1191
1,43.1191
1,43.0858
1,43.1191
1,43.1525
1,43.1858
1,43.1191
1,43.1191
1,43.1191
1,43.1191
1,43.1191
1,43.1858
1,43.2525
1,43.3858
1,43.4191
1,43.4524
1,43.3525
1,43.3858
1,43.4191
1,43.3191
1,43.3191
1,43.2525
1,43.1858
1,43.1191
1,43.0858
1,43.1858
1,43.2525
1,43.2858
1,43.2525
1,43.3191
1,43.3191
1,43.2525
1,43.3191
1,43.1525
1,43.1858
1,43.2525
1,43.2191
1,43.1858
1,43.1191
1,43.1191
1,43.2191
1,43.2525
1,43.2525
1,43.2525
1,43.2525
1,43.2525
1,43.1191
1,43.1858
1,43.2525
1,43.1191
1,43.0524
1,43.1525
1,43.0524
1,43.1525
1,43.1191
1,43.0858
1,43.0858
1,43.0524
1,42.9856
1,42.9856
1,42.8521
1,43.019
1,43.0858
1,42.9856
1,43.1191
1,42.9856
1,43.0524
1,43.019
1,42.9189
1,42.9189
1,42.7853
1,42.8855
1,42.9189
1,42.8855
1,42.8521
1,42.9189
1,42.8187
1,42.9523
1,42.8855
1,42.8521
1,42.8855
1,42.9189
1,42.8855
1,42.9523
1,42.9856
1,42.7853
1,42.7185
1,42.7185
1,42.8187
1,42.9189
1,42.9189
1,42.9523
1,42.9523
1,42.9523
1,42.8187
1,42.8187
1,42.7853
1,42.8187
1,42.8521
1,42.8521
1,42.8855
1,42.9189
1,42.9189
1,42.7853
1,42.8521
1,42.9189
1,42.8521
1,42.8521
1,42.9856
1,42.9523
1,42.8521
1,42.7185
1,42.7185
1,42.7185
1,42.7853
1,42.9856
1,42.9856
1,42.9523
1,42.8855
1,42.8521
1,42.8187
1,42.8521
1,42.9189
1,42.9856
1,43.0524
1,43.019
1,42.9523
1,42.8521
1,42.9189
1,42.8855
1,43.0524
1,43.1858
1,43.0858
1,43.0858
1,43.0524
1,43.019
1,42.9189
1,43.1191
1,43.1858
1,43.1858
1,43.0524
1,43.1191
1,43.0524
1,43.019
1,42.9856
1,43.019
1,43.2525
1,43.2525
1,43.2525
1,43.2525
1,43.2191
1,43.1858
1,43.2525
1,43.0524
1,43.1191
1,43.1525
1,43.2525
1,43.4191
1,43.2191
1,43.2525
1,43.1191
1,43.2858
1,43.3858
1,43.3525
1,43.3858
1,43.3858
1,43.4524
1,43.3858
1,43.3858
1,43.1858
1,43.3191
1,43.3191
1,43.5855
1,43.5522
1,43.4524
1,43.5855
1,43.2525
1,43.3858
1,43.3858
1,43.519
1,43.5855
1,43.4857
1,43.3191
1,43.4857
1,43.4524
1,43.3191
1,43.3858
1,43.5855
1,43.5522
1,43.6521
1,43.7518
1,43.8848
1,43.8515
1,43.6188
1,43.7851
1,43.4524
1,43.5855
1,43.7851
1,43.6521
1,43.6521
1,43.7186
1,43.8515
1,43.7186
1,43.7851
1,43.5855
1,43.7851
1,43.7851
1,43.7851
1,43.7851
1,43.7186
1,43.7851
1,43.6521
1,43.7851
1,44.0508
1,44.1172
1,44.0508
1,43.9844
1,44.0176
1,43.918
1,44.0508
1,43.8183
1,43.9512
1,43.7186
1,43.8515
1,43.7186
1,44.084
1,44.1172
1,44.0508
1,44.3162
1,44.2499
1,44.2499
1,44.2168
1,44.2499
1,44.3162
1,44.084
1,44.084
1,44.2499
1,44.0508
1,44.2831
1,44.3162
1,44.3494
1,44.4819
1,44.5151
1,44.5813
1,44.5151
1,44.4157
1,44.4157
1,44.3825
1,44.3825
1,44.2499
1,44.3825
1,44.3494
1,44.2499
1,44.1504
1,44.3494
1,44.2499
1,44.4819
1,44.3825
1,44.4488
1,44.5151
1,44.4819
1,44.6475
1,44.5151
1,44.5813
1,44.6475
1,44.6144
1,44.6144
1,44.6144
1,44.6475
1,44.5813
1,44.6475
1,44.5151
1,44.3162
1,44.6475
1,44.7137
1,44.6475
1,44.7467
1,44.7467
1,44.7137
1,44.6806
1,44.7137
1,44.7137
1,44.4488
1,44.7137
1,44.8129
1,44.846
1,44.879
1,44.7137
1,44.8129
1,44.846
1,44.879
1,44.8129
1,44.9121
1,44.9451
1,44.879
1,44.9121
1,44.8129
1,44.9121
1,44.9451
1,44.846
1,44.9121
1,44.9121
1,44.9121
1,44.879
1,45.1103
1,45.0442
1,44.9782
1,45.0773
1,45.1103
1,45.1433
1,45.1433
1,45.1103
1,45.0773
1,45.1103
1,45.0442
1,45.0112
1,44.879
1,44.9121
1,44.9782
1,45.1763
1,45.1763
1,45.1103
1,45.1103
1,45.1103
1,45.1763
1,45.1763
1,45.1763
1,45.2093
1,45.2423
1,45.2423
1,45.2093
1,45.2753
1,45.3083
1,45.2753
1,45.1103
1,45.2423
1,45.0442
1,45.1763
1,45.3083
1,45.3083
1,45.3743
1,45.4402
1,45.3743
1,45.3743
1,45.3413
1,45.3083
1,45.3413
1,45.4072
1,45.3743
1,45.3743
1,45.4072
1,45.2423
1,45.3743
1,45.4402
1,45.3743
1,45.4072
1,45.3743
1,45.3743
1,45.3743
1,45.4072
1,45.4402
1,45.4732
1,45.5061
1,45.4402
1,45.4402
1,45.4402
1,45.4402
1,45.3413
1,45.4402
1,45.4732
1,45.5061
1,45.4402
1,45.4072
1,45.4072
1,45.3083
1,45.3743
1,45.4072
1,45.4402
1,45.3083
1,45.3743
1,45.4402
1,45.4402
1,45.5061
1,45.4732
1,45.4072
1,45.4402
1,45.5391
1,45.572
1,45.572
1,45.4732
1,45.5061
1,45.5061
1,45.5061
1,45.7695
1,45.8024
1,45.8353
1,45.8353
1,45.7037
1,45.7695
1,45.7695
1,45.7037
1,45.7695
1,45.7366
1,45.7037
1,45.7366
1,45.7366
1,45.7366
1,45.6379
1,45.7037
1,45.7695
1,45.7695
1,45.7695
1,45.8024
1,45.8024
1,45.8024
1,45.8024
1,45.8682
1,45.8024
1,45.9011
1,45.8353
1,45.8353
1,45.8024
1,45.8682
1,45.8024
1,45.7695
1,45.8353
1,45.8353
1,45.934
1,45.8353
1,45.9011
1,45.9011
1,45.934
1,45.934
1,45.9669
1,46.0655
1,46.0655
1,46.0655
1,46.0655
1,46.0655
1,46.0655
1,45.934
1,46.0655
1,46.0655
1,46.0655
1,46.0655
1,46.0655
1,46.0655
1,46.0655
1,46.0655
1,45.8682
1,46.0655
1,46.0655
1,46.0655
1,46.0655
1,46.0655
1,46.0326
1,46.0655
1,46.0655
1,46.0655
1,46.0655
1,46.0655
1,46.0655
1,46.0655
1,46.0655
1,46.0655
1,46.0655
1,46.0655
1,46.0655
1,46.0655
1,46.0655
1,46.0655
1,46.0655
1,46.0655
1,46.0655
1,46.0655
1,45.9011
1,45.9011
1,46.0326
1,46.0655
1,45.9997
1,45.8353
1,45.8353
1,45.934
1,45.8353
1,45.7695
1,45.7037
1,45.572
1,45.572
1,45.7037
1,45.8353
1,45.9669
1,45.7037
1,45.7366
1,45.9011
1,45.8024
1,45.8353
1,45.8682
1,45.7695
1,45.8353
1,45.7695
1,45.934
1,45.9669
1,45.9997
1,46.0655
1,46.0655
1,46.0655
1,46.0655
1,46.0655
1,46.0655
1,45.9669
1,45.9011
1,45.9011
1,45.934
1,45.9669
1,45.934
1,45.5061
1,45.6379
1,45.572
1,45.5061
1,45.5061
1,45.3083
1,45.3083
1,45.2423
1,45.2093
1,45.2093
1,45.1763
1,45.2093
1,45.1103
1,45.1763
1,45.1433
1,45.0773
1,44.879
1,44.846
1,44.9121
1,44.846
1,44.9121
1,44.7798
1,44.7137
1,44.7137
1,44.5813
1,44.6475
1,44.5151
1,44.4819
1,44.4488
1,44.4488
1,44.1836
1,44.1836
1,44.1172
1,44.1504
1,44.1504
1,44.1836
1,44.1836
1,44.2499
1,44.1836
1,44.2168
1,44.2168
1,44.2499
1,44.0508
1,44.0176
1,43.918
1,43.8515
1,43.8183
1,43.8183
1,43.7518
1,43.7851
1,43.6853
1,43.8515
1,43.7186
1,43.7518
1,43.7518
1,43.7851
1,43.8515
1,43.7518
1,43.7518
1,43.6853
1,43.6521
1,43.6521
1,43.6853
1,43.8515
1,43.9512
1,44.1172
1,44.3162
1,44.6475
1,44.7137
1,44.846
1,45.1763
1,45.6379
1,45.5061
1,45.7695
1,45.5061
1,45.3413
1,45.4402
1,45.3743
1,45.3413
1,45.4072
1,45.6379
1,45.6379
1,45.5061
1,45.5391
1,45.572
1,45.5061
1,45.5391
1,45.5061
1,45.6379
1,45.7366
1,45.8024
1,45.6379
1,45.7366
1,45.934
1,45.7037
1,45.7366
1,46.0326
1,46.0655
1,45.7037
1,45.6379
1,45.7037
1,45.9997
1,45.6379
1,45.6379
1,45.7037
1,45.7695
1,46.0655
1,45.9997
1,45.8024
1,45.5391
1,45.4072
1,44.7798
1,44.4157
1,44.2499
1,44.0508
1,44.3162
1,44.6144
1,44.5151
1,44.7467
1,44.879
1,45.572
1,45.5391
1,43.8848
1,43.8183
1,44.0508
1,44.1836
1,44.1836
1,43.8848
1,43.7186
1,43.2525
1,42.7519
1,42.6516
1,42.5178
1,42.2835
1,42.183
1,41.9818
1,41.9818
1,41.9818
1,42.5847
1,43.3191
1,43.3525
1,43.7851
1,43.918
1,44.0508
1,44.3162
1,44.3494
1,44.6806
1,45.0112
1,45.1433
1,45.3083
1,44.6806
1,44.5151
1,44.5813
1,44.5482
1,44.5813
1,44.2499
1,43.9844
1,44.1504
1,44.2499
1,44.2831
1,44.1172
1,43.8515
1,43.7851
1,43.9512
1,43.9844
1,43.6521
1,43.7186
1,43.6521
1,43.6853
1,43.6521
1,43.519
1,43.4191
1,43.3858
1,43.3191
1,43.1525
1,43.019
1,42.9189
1,42.5178
1,42.4509
1,42.5178
1,42.5178
1,42.8187
1,42.5847
1,42.685
1,42.7519
1,42.7185
1,42.7519
1,42.7853
1,42.685
1,42.5178
1,42.5847
1,42.5847
1,42.6516
1,42.6516
1,42.5847
1,42.6516
1,42.4844
1,42.6516
1,42.4844
1,42.6516
1,42.4509
1,42.2165
1,42.1495
1,42.183
1,42.183
1,42.25
1,42.384
1,42.3505
1,42.183
1,42.25
1,42.25
1,42.317
1,42.317
1,42.4509
1,42.4509
1,42.5178
1,42.5178
1,42.4509
1,42.4509
1,42.5178
1,42.4509
1,42.4509
1,42.4509
1,42.384
1,42.4174
1,42.4509
1,42.384
1,42.384
1,42.4509
1,42.4844
1,42.4174
1,42.4174
1,42.317
1,42.3505
1,42.317
1,42.317
1,42.317
1,42.317
1,42.384
1,42.384
1,42.384
1,42.4174
1,42.4509
1,42.4509
1,42.384
1,42.25
1,42.3505
1,42.317
1,42.2165
1,42.25
1,42.2165
1,42.384
1,42.25
1,42.25
1,42.317
1,42.2835
1,42.317
1,42.0489
1,42.116
1,42.116
1,42.2165
1,42.2835
1,42.116
1,42.183
1,42.0489
1,42.1495
1,42.2165
1,42.183
1,42.2165
1,42.317
1,42.2165
1,42.183
1,42.183
1,42.116
1,42.116
1,42.0154
1,42.2165
1,42.4844
1,42.384
1,42.2835
1,42.317
1,42.4509
1,42.4509
1,42.5178
1,42.384
1,42.5178
1,42.5178
1,42.4509
1,42.5847
1,42.5513
1,42.384
1,42.4174
1,42.4174
1,42.6182
1,42.685
1,42.6182
1,42.5178
1,42.5178
1,42.5178
1,42.6516
1,42.5847
1,42.5847
1,42.5178
1,42.5178
1,42.5178
1,42.5178
1,42.5847
1,42.7853
1,42.8187
1,42.8187
1,42.7853
1,42.8521
1,42.7185
1,42.7185
1,42.685
1,42.7185
1,42.8521
1,42.7185
1,42.7853
1,42.9189
1,42.8521
1,42.7853
1,42.7185
1,42.5847
1,42.7185
1,42.7853
1,42.7853
1,42.7853
1,42.7185
1,42.7519
1,42.685
1,42.7185
1,42.7185
1,42.6516
1,42.6516
1,42.6182
1,42.5847
1,42.7853
1,42.7853
1,42.7853
1,42.7853
1,42.8187
1,42.8187
1,42.8187
1,42.9189
1,43.0858
1,42.9856
1,43.0524
1,43.0858
1,43.1191
1,43.1858
1,43.1525
1,43.1858
1,43.1858
1,43.2858
1,43.3191
1,43.6188
1,43.3191
1,43.3191
1,43.4857
1,43.5855
1,43.4857
1,43.5855
1,43.5855
1,43.5855
1,43.6521
1,43.519
1,43.5855
1,43.7186
1,43.7186
1,43.8515
1,43.7186
1,43.7186
1,43.7851
1,43.8848
1,43.918
1,43.9512
1,44.0508
1,44.0176
1,44.1172
1,44.2499
1,44.3162
1,44.3162
1,44.3825
1,44.3825
1,44.4157
1,44.5482
1,44.4488
1,44.4488
1,44.4157
1,44.4488
1,44.4488
1,44.4157
1,44.4488
1,44.4819
1,44.5151
1,44.5151
1,44.5813
1,44.6475
1,44.6475
1,44.7467
1,44.6475
1,44.8129
1,44.7137
1,44.8129
1,44.8129
1,44.8129
1,44.846
1,44.9782
1,44.9451
1,44.9121
1,44.9121
1,44.9782
1,44.846
1,44.7798
1,44.846
1,44.9121
1,44.879
1,44.9782
1,45.1103
1,45.1433
1,45.1103
1,45.1763
1,45.1763
1,45.1103
1,45.1433
1,45.2423
1,45.1763
1,45.1103
1,45.1763
1,45.2423
1,45.1763
1,45.3413
1,45.3743
1,45.3743
1,45.3743
1,45.5391
1,45.5061
1,45.4732
1,45.4732
1,45.5061
1,45.5061
1,45.6049
1,45.5061
1,45.572
1,45.572
1,45.7037
1,45.8353
1,45.7037
1,45.4732
1,45.572
1,45.4072
1,45.4402
1,45.5061
1,45.4402
1,45.3743
1,45.4072
1,45.572
1,45.5061
1,45.5391
1,45.572
1,45.572
1,45.6708
1,45.4072
1,45.5391
1,45.5061
1,45.5061
1,45.572
1,45.9011
1,45.6708
1,45.6708
1,45.934
1,45.8024
1,45.7366
1,45.7037
1,45.8682
1,45.7037
1,45.7695
1,45.7366
1,45.8353
1,45.6379
1,45.572
1,45.572
1,45.7037
1,45.7366
1,45.572
1,45.5391
1,45.4402
1,45.3743
1,45.3743
1,45.4072
1,45.4072
1,45.4072
1,45.4072
1,45.5391
1,45.7695
1,45.7366
1,45.8682
1,45.8353
1,45.7037
1,45.6379
1,45.7037
1,45.6708
1,45.8353
1,45.7695
1,45.6379
1,45.6379
1,45.6049
1,45.4732
1,45.4402
1,45.3743
1,45.4732
1,45.5391
1,45.572
1,45.5061
1,45.4402
1,45.3083
1,45.1103
1,45.1103
1,45.1103
1,45.0773
1,45.0442
1,45.1103
1,45.2093
1,45.1103
1,45.0773
1,45.0442
1,45.1103
1,45.0442
1,45.1103
1,45.2423
1,45.1433
1,45.1103
1,45.1433
1,45.1433
1,45.2423
1,45.2423
1,45.2423
1,45.1763
1,45.2423
1,45.2423
1,45.1433
1,45.1103
1,45.0773
1,45.1103
1,45.2423
1,45.3083
1,45.3083
1,45.3413
1,45.3083
1,45.1763
1,45.3083
1,45.2423
1,45.2093
1,45.2753
1,45.2423
1,45.1763
1,45.1763
1,45.1763
1,45.1763
1,45.2753
1,45.2423
1,45.3083
1,45.3413
1,45.2423
1,45.3743
1,45.3083
1,45.2093
1,45.1763
1,45.4072
1,45.3743
1,45.3743
1,45.2423
1,44.846
1,44.7798
1,44.5482
1,44.6144
1,44.2499
1,44.5813
1,44.3162
1,44.1836
1,43.8515
1,44.1836
1,44.0508
1,43.8515
1,44.4488
1,44.4819
1,44.0508
1,43.8848
1,43.6521
1,43.9844
1,43.6521
1,44.1172
1,44.2499
1,44.1836
1,44.1504
1,43.6521
1,43.6853
1,43.7851
1,43.8515
1,43.6521
1,43.7186
1,43.8515
1,43.7186
1,43.7186
1,43.7851
1,43.8515
1,43.918
1,43.918
1,43.918
1,43.9844
1,43.918
1,44.0176
1,43.9844
1,44.0508
1,44.084
1,44.084
1,45.3743
1,45.8353
1,46.0655
1,46.0655
1,45.6708
1,45.5061
1,45.4072
1,45.2753
1,45.1103
1,44.879
1,44.9121
1,44.846
1,44.7798
1,44.6475
1,44.7137
1,44.7798
1,44.7467
1,44.3494
1,44.4488
1,44.4488
1,44.4488
1,44.1836
1,44.1836
1,44.2168
1,44.3494
1,43.9844
1,44.0176
1,44.2499
1,44.2168
1,43.9844
1,43.9844
1,44.0176
1,44.1172
1,43.9512
1,43.918
1,44.0176
1,44.0508
1,44.084
1,44.1836
1,44.2168
1,44.1172
1,43.9844
1,44.1172
1,43.7186
1,43.7186
1,43.9512
1,44.0176
1,44.0508
1,43.918
1,43.8183
1,43.8183
1,43.9512
1,43.918
1,43.7851
1,43.7851
1,43.8183
1,43.8848
1,43.9844
1,43.8515
1,43.8515
1,43.8515
1,43.918
1,43.9844
1,44.0176
1,43.8848
1,43.8515
1,43.9844
1,43.9844
1,43.9512
1,43.8515
1,43.8515
1,43.918
1,43.9512
1,43.918
1,43.8515
1,43.918
1,43.9512
1,43.9844
1,43.7518
1,43.7851
1,43.7851
1,43.9844
1,43.918
1,43.8515
1,43.9512
1,43.9844
1,43.9512
1,43.9512
1,43.8848
1,43.8515
1,43.8848
1,44.0176
1,43.7851
1,43.7518
1,43.8183
1,43.8848
1,43.918
1,43.918
1,43.8848
1,43.7851
1,43.7851
1,43.7851
1,43.7851
1,43.8515
1,43.918
1,43.918
1,43.8848
1,43.8848
1,43.8848
1,43.8848
1,43.918
1,44.1504
1,43.918
1,43.8183
1,43.8515
1,43.8183
1,43.8515
1,43.8848
1,43.8848
1,43.8515
1,43.8183
1,43.8183
1,43.7851
1,43.7851
1,43.7851
1,43.8183
1,43.8183
1,43.8183
1,43.8183
1,43.7518
1,43.7186
1,43.7186
1,43.7186
1,43.7518
1,43.7518
1,43.8183
1,43.8183
1,43.8515
1,43.7851
1,43.7186
1,43.7186
1,43.7186
1,43.7851
1,43.7518
1,43.7851
1,43.7851
1,43.7186
1,43.7186
1,43.6521
1,43.6521
1,43.6521
1,43.6521
1,43.6521
1,43.6853
1,43.7186
1,43.7186
1,43.7851
1,43.8848
1,43.8515
1,43.8515
1,43.8515
1,43.918
1,43.8515
1,43.8515
1,43.7851
1,43.7186
1,43.6853
1,43.6521
1,43.7186
1,43.7186
1,43.7851
1,43.7518
1,43.7186
1,43.7186
1,43.6521
1,43.7518
1,43.7186
1,43.7851
1,43.7851
1,43.8515
1,43.7851
1,43.7186
1,43.7518
1,43.7851
1,43.7851
1,43.7518
1,43.7518
1,43.6853
1,43.6521
1,43.6188
1,43.6853
1,43.7186
1,43.7851
1,43.7518
1,43.7518
1,43.7186
1,43.7186
1,43.7518
1,43.8183
1,43.7851
1,43.7851
1,43.8183
1,43.6521
1,43.6521
1,43.7186
1,43.6853
1,43.7518
1,43.7186
1,43.6853
1,43.6521
1,43.4857
1,43.5855
1,43.6521
1,43.7186
1,43.6521
1,43.6521
1,43.6521
1,43.7186
1,43.7186
1,43.6853
1,43.5855
1,43.519
1,43.519
1,43.5855
1,43.6188
1,43.519
1,43.5522
1,43.6521
1,43.6188
1,43.6521
1,43.6521
1,43.7186
1,43.6853
1,43.7186
1,43.6521
1,43.6853
1,43.6521
1,43.5855
1,43.5855
1,43.5522
1,43.3858
1,43.5855
1,43.5855
1,43.6188
1,43.6521
1,43.5855
1,43.7518
1,43.6853
1,43.7186
1,43.6853
1,43.6853
1,43.6188
1,43.5522
1,43.519
1,43.5522
1,43.5855
1,43.5522
1,43.5522
1,43.519
1,43.4857
1,43.4191
1,43.3858
1,43.3191
1,43.3858
1,43.4524
1,43.5522
1,43.5855
1,43.519
1,43.519
1,43.5522
1,43.4857
1,43.3858
1,43.3858
1,43.4191
1,43.4524
1,43.4191
1,43.4191
1,43.4524
1,43.4191
1,43.4191
1,43.519
1,43.4524
1,43.4524
1,43.3858
1,43.3858
1,43.3858
1,43.3191
1,43.1858
1,43.1191
1,43.1191
1,43.1191
1,43.1858
1,43.1858
1,43.2191
1,43.2191
1,43.1191
1,43.1191
1,43.1191
1,43.0524
1,43.0524
1,43.1191
1,43.019
1,43.0524
1,42.9856
1,42.9856
1,42.9856
1,42.9523
1,42.9856
1,42.9189
1,42.9189
1,42.9189
1,42.8521
1,42.9856
1,42.9856
1,42.9523
1,42.8521
1,42.8521
1,42.8187
1,42.8521
1,42.8521
1,42.8187
1,42.8521
1,42.8521
1,42.8855
1,42.8855
1,42.7519
1,42.7519
1,42.7519
1,42.7185
1,42.7519
1,42.7853
1,42.7853
1,42.7853
1,42.7185
1,42.685
1,42.6516
1,42.7185
1,42.685
1,42.7185
1,42.685
1,42.685
1,42.7185
1,42.685
1,42.7185
1,42.7185
1,42.7185
1,42.7185
1,42.7185
1,42.685
1,42.6516
1,42.6516
1,42.5847
1,42.5178
1,42.5847
1,42.5847
1,42.6182
1,42.7853
1,42.6516
1,42.7185
1,42.7185
1,42.6182
1,42.6516
1,42.6182
1,42.5847
1,42.5513
1,42.4844
1,42.5513
1,42.5513
1,42.5847
1,42.5513
1,42.5513
1,42.5847
1,42.5513
1,42.5178
1,42.4844
1,42.4844
1,42.4509
1,42.5513
1,42.5178
1,42.4174
1,42.384
1,42.317
1,42.2835
1,42.2835
1,42.317
1,42.2835
1,42.183
1,42.2165
1,42.25
1,42.25
1,42.25
1,42.1495
1,42.116
1,42.116
1,42.116
1,42.0154
1,41.9818
1,42.0154
1,42.0824
1,42.0489
1,42.0824
1,42.0154
1,41.9818
1,41.9818
1,41.9483
1,41.8476
1,41.8476
1,41.8476
1,41.8476
1,41.8476
1,41.7805
1,41.7805
1,41.7805
1,41.7805
1,41.7805
1,41.7805
1,41.7133
1,41.7133
1,41.6797
1,41.6461
1,41.6461
1,41.6461
1,41.7133
1,41.6461
1,41.6461
1,41.6125
1,41.6125
1,41.5789
1,41.5789
1,41.5453
1,41.5453
1,41.5453
1,41.5453
1,41.5116
1,41.5116
1,41.5116
1,41.5116
1,41.5116
1,41.478
1,41.5116
1,41.4444
1,41.4444
1,41.3771
1,41.3771
1,41.3771
1,41.3771
1,41.3771
1,41.3771
1,41.3771
1,41.3435
1,41.3098
1,41.2088
1,41.1751
1,41.1751
1,41.1751
1,41.1751
1,41.1414
1,41.1078
1,41.1078
1,41.1414
1,41.1751
1,41.1078
1,41.1078
1,41.0404
1,41.0067
1,41.0067
1,40.973
1,41.0067
1,41.0067
1,40.9392
1,40.9392
1,40.973
1,40.9055
1,40.8718
1,40.9392
1,40.9392
1,40.8381
1,40.8381
1,40.9055
1,40.8718
1,40.8718
1,40.9055
1,40.9055
1,40.8718
1,40.8381
1,40.8718
1,40.8381
1,40.7706
1,40.8381
1,40.7706
1,40.7706
1,40.7031
1,40.7031
1,40.7706
1,40.7368
1,40.7031
1,40.7031
1,40.7031
1,40.6355
1,40.6355
1,40.7031
1,40.6355
1,40.568
1,40.6018
1,40.5004
1,40.568
1,40.5004
1,40.5004
1,40.4666
1,40.4328
1,40.3652
1,40.3652
1,40.3652
1,40.4328
1,40.3652
1,40.2976
1,40.2976
1,40.2976
1,40.2976
1,40.3652
1,40.3652
1,40.3652
1,40.2976
1,40.2299
1,40.2638
1,40.2299
1,40.1961
1,40.2299
1,40.2299
1,40.1284
1,40.1284
1,40.0945
1,40.0945
1,40.0945
1,40.0268
1,40.0607
1,40.0945
1,40.0945
1,40.0607
1,40.0268
1,40.0268
1,40.0607
1,40.1622
1,40.0268
1,40.0268
1,39.9929
1,39.9591
1,39.9929
1,39.9252
1,39.9591
1,39.9591
1,40.0268
1,39.9591
1,39.9591
1,39.8913
1,39.8913
1,39.8913
1,39.8913
1,39.8913
1,39.8913
1,39.9252
1,39.8913
1,39.8913
1,39.8913
1,39.9252
1,39.8574
1,39.8235
1,39.8574
1,39.9591
1,39.8913
1,39.8913
1,39.8235
1,39.7896
1,39.8235
1,39.8235
1,39.8235
1,39.7896
1,39.8235
1,39.7557
1,39.7557
1,39.7896
1,39.7896
1,39.7896
1,39.7557
1,39.7896
1,39.7217
1,39.7217
1,39.7557
1,39.6878
1,39.6878
1,39.7557
1,39.62
1,39.62
1,39.6878
1,39.62
1,39.62
1,39.6539
1,39.62
1,39.5521
1,39.5521
1,39.62
1,39.5521
1,39.5521
1,39.6539
1,39.5521
1,39.5521
1,39.5521
1,39.5521
1,39.5521
1,39.4842
1,39.5521
1,39.5521
1,39.5521
1,39.5521
1,39.5521
1,39.5181
1,39.5181
1,39.4842
1,39.5521
1,39.4842
1,39.4842
1,39.5181
1,39.4842
1,39.4842
1,39.4502
1,39.4842
1,39.4162
1,39.4162
1,39.4162
1,39.3823
1,39.4842
1,39.4162
1,39.4162
1,39.4162
1,39.3823
1,39.3823
1,39.3823
1,39.3483
1,39.3823
1,39.4502
1,39.3823
1,39.3483
1,39.3483
1,39.3143
1,39.3143
1,39.3483
1,39.3483
1,39.3143
1,39.3143
1,39.3143
1,39.2803
1,39.2803
1,39.2803
1,39.2803
1,39.2123
1,39.2803
1,39.2803
1,39.2803
1,39.2123
1,39.2123
1,39.2123
1,39.2123
1,39.2123
1,39.2463
1,39.2123
1,39.1783
1,39.2123
1,39.1443
1,39.1783
1,39.1443
1,39.1443
1,39.1103
1,39.0422
1,39.0763
1,39.1443
1,39.0082
1,39.0082
1,39.0082
1,39.0082
1,39.0082
1,39.0082
1,39.0082
1,38.872
1,38.872
1,38.8039
1,38.7357
1,38.7698
1,38.8039
1,38.7357
1,38.8039
1,38.6675
1,38.6675
1,38.6334
1,38.5652
1,38.5311
1,38.4287
1,38.3946
1,38.3263
1,38.2922
1,38.3263
1,38.258
1,38.1213
1,38.1213
1,37.9845
1,37.8819
1,37.8819
1,37.8477
1,37.8134
1,37.6422
1,37.6422
1,37.5737
1,37.5051
1,37.3679
1,37.2307
1,37.0246
1,37.0933
1,36.8871
1,36.7495
1,36.7151
1,36.7839
1,36.6118
1,36.4052
1,36.3018
1,36.1983
1,36.1293
1,36.0257
1,35.9912
1,35.8876
1,35.9221
1,35.7839
1,35.7839
1,35.853
1,35.7148
1,35.5764
1,35.6456
1,35.7148
1,35.4726
1,35.5418
1,35.438
1,35.5418
1,35.3341
1,35.3341
1,35.2302
1,35.1609
1,35.2995
1,35.0915
1,35.2302
1,35.0915
1,34.9528
1,35.1262
1,35.0915
1,35.0915
1,34.8139
1,34.9528
1,34.8139
1,34.7445
1,34.7445
1,34.7445
1,34.8834
1,34.7792
1,34.536
1,34.536
1,34.536
1,34.536
1,34.7445
1,34.536
1,34.536
1,34.6403
1,34.6055
1,34.536
1,34.536
1,34.6055
1,34.536
1,34.5012
1,34.536
1,34.2925
1,34.3969
1,34.3969
1,34.3273
1,34.2577
1,34.2229
1,34.2577
1,34.188
1,34.2229
1,34.1184
1,34.0487
1,34.0836
1,33.8047
1,33.979
1,33.7698
1,33.7698
1,33.4206
1,33.6302
1,33.4905
1,33.3507
1,33.3507
1,33.4206
1,33.3507
1,33.2458
1,33.2108
1,33.2108
1,33.1059
1,32.8608
1,33.1759
1,33.0009
1,32.8608
1,32.7907
1,32.7907
1,32.8257
1,32.7206
1,32.7206
1,32.6505
1,32.7206
1,32.7557
1,32.6505
1,32.7206
1,32.6505
1,32.5102
1,32.5803
1,32.6154
1,32.6505
1,32.5452
1,32.44
1,32.44
1,32.2995
1,32.3698
1,32.2293
1,32.1941
1,32.2293
1,32.2293
1,32.0887
1,32.2293
1,32.0887
1,32.0183
1,32.0887
1,32.0183
1,32.0183
1,31.8776
1,31.8424
1,31.8424
1,31.8072
1,31.5959
1,31.5959
1,31.5959
1,31.5959
1,31.5254
1,31.5607
1,31.4549
1,31.4197
1,31.4902
1,31.4549
1,31.4902
1,31.4549
1,31.3844
1,31.3844
1,31.3139
1,31.2433
1,31.2433
1,31.2433
1,31.1021
1,31.1021
1,31.1021
1,31.0314
1,31.0314
1,31.0667
1,31.0314
1,30.9961
1,30.9608
1,30.9608
1,30.8901
1,30.8901
1,30.9254
1,30.9254
1,30.8901
1,30.6779
1,30.6779
1,30.6425
1,30.6779
1,30.6779
1,30.6071
1,30.6071
1,30.5363
1,30.5363
1,30.4655
1,30.3947
1,30.3592
1,30.2884
1,30.2529
1,30.2529
1,30.2529
1,30.2529
1,30.182
1,30.182
1,30.182
1,30.1111
1,30.0401
1,29.9691
1,29.9691
1,29.8981
1,29.8271
1,29.8271
1,29.7916
1,29.7561
1,29.8271
1,29.8271
1,29.7561
1,29.8271
1,29.7916
1,29.7561
1,29.685
1,29.6139
1,29.6139
1,29.5428
1,29.5428
1,29.5072
1,29.5072
1,29.4717
1,29.4005
1,29.3293
1,29.3293
1,29.2938
1,29.2938
1,29.2581
1,29.2581
1,29.2225
1,29.1869
1,29.1157
1,29.1157
1,29.1157
1,29.08
1,29.0088
1,29.0444
1,29.0444
1,29.0444
1,29.0444
1,29.1157
1,29.0444
1,28.9731
1,28.9018
1,28.9018
1,28.9018
1,28.8305
1,28.7948
1,28.8305
1,28.6877
1,28.6877
1,28.6163
1,28.6877
1,28.6163
1,28.6163
1,28.5449
1,28.4735
1,28.5806
1,28.6163
1,28.6877
1,28.6877
1,28.7591
1,28.7591
1,28.8661
1,28.9018
1,28.9018
1,28.8305
1,28.8661
1,28.9731
1,28.9018
1,28.8305
1,28.8305
1,28.9018
1,28.9018
1,28.9731
1,29.0444
1,28.9731
1,28.9731
1,29.0088
1,28.9375
1,28.9018
1,28.9018
1,28.7591
1,28.7591
1,28.7591
1,28.7591
1,28.6877
1,28.652
1,28.6877
1,28.6877
1,28.7591
1,28.7234
1,28.8305
1,28.7948
1,28.7591
1,28.7591
1,28.6877
1,28.6877
1,28.7234
1,28.7234
1,28.6877
1,28.6877
1,28.5449
1,28.6877
1,28.652
1,28.652
1,28.652
1,28.6163
1,28.6163
1,28.5449
1,28.5449
1,28.5092
1,28.402
1,28.402
1,28.402
1,28.402
1,28.402
1,28.5092
1,28.6877
1,28.7948
1,29.0444
1,29.1157
1,29.2581
1,29.4361
1,29.6139
1,29.6139
1,29.6495
1,29.6495
1,29.7561
1,29.685
1,29.7561
1,29.7205
1,29.8271
1,29.8626
1,29.8981
1,29.9691
1,30.1111
1,30.3238
1,30.2175
1,30.2529
1,30.5363
1,30.5363
1,30.6071
1,30.6779
1,30.6425
1,30.6425
1,30.7133
1,30.9608
1,31.3139
1,31.2433
1,31.208
1,31.3844
1,31.3844
1,31.3844
1,31.4549
1,31.4902
1,31.4902
1,31.3844
1,31.3491
1,31.2433
1,31.208
1,31.3844
1,31.4549
1,31.4549
1,31.5254
1,31.5959
1,31.5959
1,31.5959
1,31.6664
1,31.6664
1,31.6664
1,31.7368
1,31.772
1,31.8072
1,31.8072
1,31.8072
1,31.8072
1,31.7368
1,31.772
1,31.8072
1,31.8072
1,31.8776
1,31.948
1,31.9128
1,31.948
1,31.9832
1,31.8776
1,31.948
1,31.8776
1,31.948
1,31.9128
1,31.8776
1,31.8776
1,31.948
1,32.0887
1,32.159
1,32.2293
1,32.2644
1,32.3698
1,32.3698
1,32.6505
1,32.7907
1,32.8257
1,32.7206
1,32.6855
1,32.7206
1,32.7907
1,32.7907
1,32.7907
1,32.7907
1,33.0709
1,33.1409
1,33.0709
1,33.2108
1,33.2108
1,33.1759
1,33.2108
1,33.2458
1,33.2108
1,33.2808
1,33.3507
1,33.4556
1,33.4905
1,33.5254
1,33.4905
1,33.4905
1,33.4905
1,33.4206
1,33.5254
1,33.5604
1,33.6302
1,33.6651
1,33.6302
1,33.7
1,33.7349
1,33.8047
1,33.8396
1,33.8396
1,33.8396
1,34.0139
1,34.0139
1,34.0487
1,34.0836
1,34.2229
1,34.2577
1,34.188
1,34.1184
1,34.2925
1,34.1184
1,34.3621
1,34.3969
1,34.536
1,34.536
1,34.536
1,34.675
1,34.7097
1,34.7792
1,34.8834
1,34.9875
1,34.9528
1,35.0222
1,35.0915
1,35.1955
1,35.1609
1,35.2302
1,35.2302
1,35.2302
1,35.1609
1,35.2302
1,35.2302
1,35.2648
1,35.2995
1,35.2648
1,35.2995
1,35.4726
1,35.5764
1,35.5764
1,35.7148
1,35.7494
1,35.7148
1,35.853
1,35.7839
1,35.7839
1,35.7839
1,35.9221
1,35.9221
1,35.9912
1,36.1293
1,36.1293
1,36.2328
1,36.3018
1,36.3362
1,36.4052
1,36.4741
1,36.6118
1,36.4741
1,36.7151
1,36.8183
1,36.7495
1,36.8871
1,36.8183
1,36.8183
1,36.7839
1,36.7839
1,36.8527
1,36.8871
1,36.8527
1,36.7495
1,36.8871
1,36.8871
1,36.9559
1,37.0246
1,37.0933
1,37.059
1,37.1277
1,37.162
1,37.162
1,37.3679
1,37.3679
1,37.2993
1,37.3336
1,37.2993
1,37.3679
1,37.2993
1,37.3679
1,37.4022
1,37.3679
1,37.4365
1,37.5051
1,37.5051
1,37.5394
1,37.4708
1,37.6422
1,37.6422
1,37.7107
1,37.7792
1,37.745
1,37.8134
1,37.7792
1,37.8477
1,37.8477
1,37.8477
1,37.9161
1,37.9161
1,37.9845
1,37.9845
1,38.0529
1,38.0529
1,38.1213
1,38.1555
1,38.1897
1,38.1897
1,38.1897
1,38.2239
1,38.2239
1,38.258
1,38.258
1,38.2922
1,38.3263
1,38.3263
1,38.3605
1,38.3605
1,38.3263
1,38.3946
1,38.3946
1,38.4287
1,38.4287
1,38.4629
1,38.4629
1,38.497
1,38.5311
1,38.5311
1,38.5652
1,38.5993
1,38.5993
1,38.5993
1,38.5993
1,38.6334
1,38.7357
1,38.7698
1,38.8379
1,38.872
1,38.872
1,38.872
1,38.9401
1,38.9742
1,39.1443
1,39.1783
1,39.2123
1,39.2123
1,39.2123
1,39.2803
1,39.3483
1,39.4842
1,39.5521
1,39.5521
1,39.5521
1,39.5521
1,39.5521
1,39.5521
1,39.62
1,39.5521
1,39.62
1,39.7217
1,39.6878
1,39.6878
1,39.7557
1,39.7557
1,39.7217
1,39.7217
1,39.6878
1,39.7896
1,39.8913
1,39.8913
1,39.8913
1,39.9591
1,39.9591
1,40.0268
1,40.0268
1,39.9591
1,40.0268
1,40.0945
1,40.1284
1,40.1284
1,40.1622
1,39.7896
1,40.1622
1,40.1622
1,40.3652
1,40.3314
1,40.3314
1,40.2976
1,40.2299
1,40.3652
1,40.3652
1,40.3652
1,40.0945
1,40.399
1,39.8913
1,40.399
1,40.3652
1,40.4666
1,40.1284
1,40.2299
1,40.4328
1,40.5004
1,40.5342
1,40.3652
1,40.0268
1,40.0268
1,40.6018
1,40.2976
1,40.2299
1,40.1284
1,40.2976
1,40.3652
1,40.568
1,40.6693
1,40.3314
1,40.1622
1,40.2299
1,40.5004
1,40.1284
1,40.568
1,40.2299
1,40.3652
1,40.2299
1,40.6693
1,40.7031
1,40.7031
1,40.4328
1,40.3652
1,40.1622
1,40.3652
1,40.4328
1,40.3314
1,40.5004
1,40.6355
1,40.7031
1,40.7368
1,40.5004
1,40.568
1,40.4666
1,40.4328
1,40.5004
1,40.8381
1,40.8381
1,40.5004
1,40.399
1,40.3652
1,40.6355
1,40.2638
1,40.568
1,40.3652
1,40.568
1,40.568
1,40.4328
1,40.6355
1,40.5004
1,40.5004
1,40.6355
1,40.7706
1,40.6355
1,40.6018
1,40.4666
1,40.5342
1,40.3652
1,40.568
1,40.6355
1,40.568
1,40.568
1,40.5004
1,40.7031
1,40.8381
1,40.7706
1,40.4666
1,40.4328
1,40.568
1,40.7706
1,40.7031
1,40.6355
1,40.6018
1,40.6355
1,40.7031
1,40.6355
1,40.8381
1,40.8043
1,40.8381
1,40.7031
1,40.7706
1,40.8043
1,40.6355
1,40.9392
1,40.8043
1,40.8718
1,40.568
1,40.9055
1,40.8718
1,41.0404
1,40.9392
1,40.8043
1,40.8381
1,40.8381
1,40.9392
1,40.8718
1,40.973
1,40.9392
1,41.0741
1,41.1414
1,41.0404
1,41.3098
1,41.3771
1,41.3771
1,41.2088
1,41.2425
1,41.2425
1,41.3435
1,41.3771
1,41.3771
1,41.4444
1,41.4444
1,41.6797
1,41.5789
1,41.5789
1,41.4444
1,41.5116
1,41.7133
1,41.7133
1,41.6797
1,41.6797
1,42.0489
1,41.9483
1,41.8812
1,41.814
1,41.9818
1,42.384
1,41.9147
1,42.116
1,41.9818
1,42.0154
1,42.2165
1,42.0824
1,42.183
1,42.116
1,42.0824
1,41.9818
1,42.317
1,42.6516
1,42.317
1,42.384
1,42.1495
1,42.1495
1,42.116
1,42.116
1,42.25
1,42.25
1,42.25
1,42.25
1,42.116
1,42.0489
1,41.9483
1,42.116
1,42.116
1,42.116
1,42.116
1,41.9483
1,41.9147
1,41.9147
1,42.116
1,42.0489
1,42.116
1,42.183
1,42.2165
1,42.317
1,42.25
1,42.2165
1,42.0489
1,41.9818
1,42.1495
1,42.384
1,42.4509
1,42.5847
1,42.5847
1,42.4509
1,42.384
1,42.4509
1,42.5513
1,42.4509
1,42.4844
1,42.5178
1,42.5513
1,42.4844
1,42.4174
1,42.4174
1,42.4844
1,42.5178
1,42.4509
1,42.4844
1,42.4509
1,42.4174
1,42.5847
1,42.6182
1,42.6516
1,42.5847
1,42.6516
1,42.5847
1,42.5847
1,42.5178
1,42.5847
1,42.7185
1,42.9189
1,43.0524
1,42.9856
1,42.9856
1,42.8187
1,43.019
1,43.1191
1,43.2525
1,42.9856
1,42.9523
1,43.1525
1,43.1525
1,43.0524
1,43.3191
1,42.9523
1,42.9189
1,43.1191
1,43.4191
1,43.3191
1,43.2525
1,43.3191
1,43.3525
1,43.3191
1,43.5522
1,43.3191
1,43.519
1,43.2525
1,43.0858
1,43.1858
1,43.1191
1,43.2525
1,43.3525
1,43.1858
1,43.1858
1,43.3858
1,43.2858
1,43.3858
1,43.4857
1,43.5855
1,43.4857
1,43.4524
1,43.4524
1,43.3858
1,43.6521
1,43.3525
1,43.3858
1,43.519
1,43.4524
1,43.7186
1,43.5855
1,43.7186
1,43.3525
1,43.7186
1,43.5855
1,43.7186
1,43.4857
1,43.6521
1,43.519
1,43.3191
1,43.6521
1,43.5855
1,43.8515
1,43.7851
1,43.7851
1,43.5522
1,43.7851
1,43.7186
1,43.3525
1,43.7186
1,43.7851
1,43.6521
1,43.7186
1,43.7851
1,43.7186
1,43.6853
1,43.7186
1,43.9844
1,44.1172
1,43.8848
1,43.6853
1,43.9844
1,43.9844
1,44.0508
1,43.7518
1,44.084
1,43.9844
1,44.1504
1,44.1836
1,43.9512
1,43.7851
1,43.9844
1,43.918
1,43.8183
1,43.8183
1,43.9844
1,44.1836
1,43.9844
1,43.9844
1,43.9512
1,43.8848
1,43.7851
1,43.918
1,44.0508
1,43.918
1,44.0508
1,43.918
1,43.7851
1,43.9844
1,43.9844
1,44.1172
1,44.0508
1,44.1504
1,44.0508
1,43.9512
1,44.1504
1,43.9512
1,43.918
1,44.1172
1,44.2499
1,44.2499
1,44.2499
1,43.9844
1,43.8848
1,43.7851
1,43.8848
1,43.9844
1,44.084
1,44.1172
1,43.918
1,43.9844
1,44.1836
1,44.0508
1,44.0176
1,44.2168
1,44.2168
1,44.1504
1,44.0176
1,44.0176
1,43.9844
1,44.3162
1,44.2831
1,44.1172
1,44.3162
1,43.918
1,43.8848
1,44.2168
1,44.2831
1,44.2168
1,44.1836
1,44.2499
1,44.0508
1,44.1504
1,44.1836
1,44.2168
1,44.2168
1,43.9844
1,44.084
1,44.3162
1,44.0508
1,44.1172
1,44.3162
1,44.0508
1,44.2499
1,44.084
1,44.2499
1,44.1504
1,44.1836
1,44.1172
1,44.0508
1,43.9844
1,43.9844
1,43.918
1,44.1172
1,43.9844
1,44.0508
1,43.9844
1,44.2168
1,43.9844
1,44.1836
1,44.1504
1,44.1504
1,44.1504
1,44.0508
1,44.0176
1,44.1836
1,44.1172
1,44.2499
1,44.0176
1,44.2499
1,44.1504
1,44.1504
1,44.1836
1,43.918
1,44.0176
1,44.1172
1,44.3494
1,44.3162
1,44.3162
1,44.2499
1,44.2499
1,44.2831
1,44.3825
1,44.2499
1,44.4488
1,44.5151
1,44.2499
1,44.084
1,44.3825
1,44.3825
1,44.1836
1,44.3825
1,44.3825
1,44.3162
1,44.4157
1,44.4488
1,44.2499
1,44.1172
1,44.3825
1,44.5482
1,44.4488
1,44.4819
1,44.6475
1,44.5813
1,44.1836
1,44.4488
1,44.3494
1,44.4157
1,44.1836
1,44.1836
1,44.4488
1,44.6475
1,44.6475
1,44.5813
1,44.4819
1,44.5482
1,44.2499
1,44.2499
1,44.3162
1,44.5813
1,44.3825
1,44.5813
1,44.3162
1,44.1504
1,44.5151
1,44.6475
1,44.5813
1,44.3494
1,44.3494
1,44.5151
1,44.5482
1,44.4488
1,44.6144
1,44.4819
1,44.5813
1,44.5151
1,44.3494
1,44.4488
1,44.5151
1,44.4488
1,44.6475
1,44.6475
1,44.6144
1,44.7798
1,44.5813
1,44.7137
1,44.7798
1,44.7137
1,44.7137
1,44.6475
1,44.6806
1,44.4157
1,44.7137
1,44.6475
1,44.7137
1,44.6144
1,44.7798
1,44.6475
1,44.6806
1,44.879
1,44.6475
1,44.7137
1,44.7137
1,44.879
1,44.6144
1,44.7798
1,44.7798
1,44.7798
1,44.7137
1,44.7467
1,44.846
1,44.5813
1,44.7798
1,44.879
1,44.9451
1,44.9451
1,44.9121
1,44.846
1,44.7798
1,44.7798
1,44.5813
1,44.846
1,44.9782
1,44.9782
1,44.9782
1,44.7137
1,44.6475
1,44.7798
1,44.7467
1,44.7798
1,44.8129
1,44.9121
1,45.0442
1,44.9782
1,45.0442
1,44.7798
1,44.6806
1,44.879
1,44.846
1,44.7798
1,44.879
1,44.7467
1,44.9782
1,44.9121
1,44.7798
1,44.846
1,44.9451
1,44.9782
1,44.9451
1,44.9782
1,45.0442
1,45.1763
1,45.0442
1,45.1433
1,45.1103
1,45.1433
1,45.0773
1,44.846
1,44.9121
1,45.1103
1,45.0112
1,45.0773
1,45.0773
1,44.9782
1,44.9782
1,45.0112
1,45.1103
1,45.1433
1,45.1763
1,44.9782
1,45.1103
1,45.0773
1,45.1763
1,45.0442
1,45.0442
1,45.1103
1,45.2423
1,45.1433
1,45.2423
1,45.2753
1,45.2423
1,45.2423
1,45.1433
1,45.2423
1,45.3413
1,45.3083
1,45.3083
1,45.4402
1,45.4402
1,45.4402
1,45.4402
1,45.3083
1,45.3743
1,45.2423
1,45.1763
1,45.4402
1,45.2753
1,45.4072
1,45.4402
1,45.4732
1,45.5391
1,45.5061
1,45.5061
1,45.3743
1,45.5061
1,45.572
1,45.6049
1,45.5061
1,45.6379
1,45.5391
1,45.6379
1,45.5061
1,45.6379
1,45.5061
1,45.6049
1,45.5391
1,45.572
1,45.6379
1,45.6049
1,45.1103
1,45.6379
1,45.6379
1,45.7037
1,45.7695
1,45.7695
1,45.7695
1,45.7695
1,45.8353
1,45.8353
1,45.7037
1,45.7695
1,45.6379
1,45.7695
1,45.8682
1,45.6708
1,45.6708
1,45.8353
1,45.7037
1,45.8353
1,45.9011
1,46.0326
1,45.9997
1,45.9997
1,46.0655
1,46.0655
1,46.0655
1,46.0655
1,46.0655
1,46.0655
1,46.0655
1,46.0655
1,45.9011
1,45.9669
1,46.0655
1,46.0655
1,46.1312
1,46.0655
1,46.164
1,46.164
1,46.0983
1,46.0655
1,46.0655
1,46.0655
1,46.0655
1,46.7215
1,46.3609
1,46.4921
1,46.4921
1,46.5905
1,46.7542
1,46.8851
1,46.9832
1,46.656
1,46.656
1,46.6887
1,46.656
1,46.5905
1,46.6887
1,46.6232
1,46.656
1,46.7542
1,47.114
1,47.0486
1,47.3426
1,46.8851
1,47.0813
1,46.8197
1,47.0813
1,46.7215
1,46.8851
1,46.9832
1,46.8197
1,47.114
1,47.0813
1,47.0159
1,47.0486
1,46.9832
1,46.9505
1,46.9505
1,46.9505
1,46.9832
1,47.0813
1,47.0813
1,47.6035
1,47.1467
1,47.2773
1,47.0486
1,47.0159
1,46.9832
1,47.4079
1,47.1467
1,46.8524
1,46.9505
1,47.0813
1,47.1467
1,47.2773
1,47.0159
1,47.3752
1,47.0159
1,47.114
1,47.212
1,47.212
1,47.1467
1,47.114
1,47.4079
1,47.212
1,47.1793
1,46.9832
1,47.0486
1,47.0159
1,46.9178
1,47.114
1,47.0813
1,47.0159
1,46.9505
1,47.1467
1,47.0159
1,47.0159
1,47.0486
1,47.1467
1,46.8851
1,47.0486
1,47.3752
1,47.0159
1,46.8851
1,47.1793
1,47.0159
1,46.8851
1,47.1467
1,47.0813
1,46.8524
1,47.4079
1,47.0486
1,46.8851
1,46.9178
1,47.1467
1,47.0813
1,47.212
1,46.8851
1,47.0813
1,46.8851
1,47.0486
1,46.7542
1,46.3937
1,47.114
1,46.7869
1,46.8524
1,47.4079
1,47.4731
1,47.0159
1,47.1793
1,46.9505
1,47.2447
1,46.9832
1,47.0159
1,46.4265
1,46.2953
1,46.0655
1,46.0655
1,46.0655
1,46.0655
1,46.0655
1,46.0655
1,45.9011
1,44.3494
1,44.1836
1,43.7186
1,43.5855
1,43.1858
1,43.3191
1,43.7851
1,43.4524
1,43.019
1,42.5847
1,42.384
1,42.183
1,41.9147
1,41.478
1,41.3771
1,40.6355
1,40.7031
1,40.4666
1,40.399
1,40.2976
1,39.9591
1,40.1284
1,39.9252
1,39.6878
1,39.4842
1,39.2463
1,39.1443
1,39.3143
1,39.3823
1,39.2463
1,39.1783
1,39.1443
1,39.0763
1,38.6675
1,38.5993
1,38.7357
1,38.5993
1,38.6334
1,38.4629
1,38.5652
1,38.4629
1,38.5311
1,38.6675
1,38.7357
1,38.7357
1,38.7698
1,38.3946
1,38.258
1,38.3263
1,38.258
1,38.258
1,37.8819
1,37.7792
1,37.7107
1,37.8819
1,37.9503
1,37.8819
1,37.8477
1,37.9845
1,37.9845
1,38.1213
1,38.0529
1,38.1213
1,38.1213
1,38.1213
1,38.0187
1,37.9161
1,37.9845
1,37.8477
1,37.7107
1,37.745
1,37.7107
1,37.6422
1,37.9845
1,37.9161
1,37.9161
1,37.8477
1,38.0187
1,38.1213
1,38.1213
1,38.1555
1,38.1213
1,38.1897
1,38.258
1,38.258
1,38.1897
1,38.1213
1,38.1555
1,38.0187
1,38.0187
1,38.2239
1,38.3946
1,38.4629
1,38.4287
1,38.5311
1,38.3263
1,38.4629
1,38.3263
1,38.497
1,38.5652
1,38.4287
1,38.4629
1,38.3263
1,38.4629
1,38.3263
1,38.2922
1,38.3946
1,38.258
1,38.3263
1,38.3263
1,38.3263
1,38.3946
1,38.497
1,38.872
1,38.5993
1,39.1443
1,39.0763
1,38.2922
1,38.258
1,38.1897
1,38.2239
1,38.1213
1,38.1897
1,38.3605
1,38.3946
1,38.3605
1,38.1213
1,38.1213
1,38.1213
1,38.3605
1,38.4287
1,38.4629
1,38.3263
1,38.5993
1,38.5311
1,38.7016
1,38.872
1,38.7357
1,39.0082
1,39.2123
1,39.2123
1,39.0763
1,39.2803
1,39.1443
1,39.1783
1,39.2463
1,39.0082
1,39.2803
1,39.2463
1,39.2123
1,39.4162
1,39.4842
1,39.4502
1,39.6878
1,39.4842
1,39.5521
1,39.5521
1,39.8574
1,40.0945
1,40.2299
1,40.3314
1,40.5004
1,40.5004
1,40.0607
1,40.1284
1,40.1622
1,40.4666
1,40.5004
1,40.3314
1,40.3314
1,40.3652
1,40.3652
1,40.3314
1,40.3652
1,40.399
1,40.7706
1,40.7706
1,40.9055
1,40.9055
1,41.0067
1,41.2425
1,41.2088
1,41.3098
1,41.5116
1,41.5789
1,41.4108
1,41.5116
1,41.3098
1,41.5116
1,41.5453
1,41.5789
1,41.5116
1,41.5116
1,41.5116
1,41.5453
1,41.5789
1,41.5453
1,41.6461
1,41.7133
1,41.7133
1,41.814
1,42.116
1,42.317
1,42.317
1,42.317
1,42.3505
1,42.384
1,42.4844
1,42.6516
1,42.7185
1,42.7185
1,42.7519
1,42.7853
1,42.6516
1,42.7185
1,42.8521
1,42.9523
1,42.9856
1,43.019
1,43.0524
1,43.1858
1,43.2191
1,43.2191
1,43.2191
1,43.1858
1,43.2525
1,43.2858
1,43.2191
1,43.1525
1,43.2525
1,43.1858
1,43.2191
1,43.3525
1,43.3191
1,43.3525
1,43.3858
1,43.3525
1,43.4524
1,43.4524
1,43.4524
1,43.4857
1,43.519
1,43.519
1,43.519
1,43.5855
1,43.6188
1,43.6853
1,43.7518
1,43.8183
1,43.7186
1,43.7851
1,43.7851
1,43.7186
1,43.7186
1,43.7518
1,43.7518
1,43.7186
1,43.7851
1,43.7851
1,43.8183
1,43.9512
1,43.9844
1,44.0176
1,44.0508
1,44.0176
1,44.0508
1,44.0176
1,44.1172
1,44.1836
1,44.2168
1,44.2499
1,44.2168
1,44.3494
1,44.3494
1,44.3162
1,44.3825
1,44.3494
1,44.3825
1,44.4157
1,44.4488
1,44.4488
1,44.5151
1,44.4488
1,44.4819
1,44.4819
1,44.5151
1,44.5151
1,44.7137
1,44.7137
1,44.846
1,44.7137
1,44.8129
1,44.6806
1,44.9121
1,44.9121
1,45.0442
1,45.0442
1,44.9451
1,44.9782
1,44.9782
1,44.9782
1,44.9121
1,44.9121
1,44.9451
1,44.9782
1,45.0442
1,45.0442
1,44.846
1,44.9782
1,44.846
1,44.9121
1,44.879
1,45.1103
1,44.9451
1,45.1763
1,45.0442
1,45.0773
1,45.0112
1,44.9782
1,45.1103
1,45.0773
1,45.2423
1,45.1763
1,45.0773
1,45.0442
1,45.0773
1,45.2423
1,45.1103
1,45.1433
1,45.2753
1,45.2753
1,45.1103
1,45.2423
1,45.2423
1,45.3413
1,45.3743
1,45.4402
1,45.4732
1,45.3083
1,45.6049
1,45.2423
1,45.1103
1,45.1433
1,45.3083
1,45.3413
1,45.3743
1,45.3083
1,45.2423
1,45.4402
1,45.3743
1,45.6379
1,45.6708
1,45.5061
1,45.7695
1,45.9011
1,45.6379
1,45.6379
1,45.7695
1,45.7695
1,45.6379
1,45.7037
1,45.9669
1,45.7695
1,45.7037
1,45.8024
1,45.7695
1,45.7366
1,45.7037
1,45.7037
1,45.7695
1,46.2297
1,46.5577
1,46.4921
1,46.164
1,46.3937
1,46.0655
1,45.9997
1,45.9669
1,45.8353
1,46.0326
1,46.0326
1,46.0326
1,46.0655
1,46.0655
1,46.3609
1,46.1968
1,45.9669
1,46.0655
1,46.1968
1,46.0326
1,45.9669
